Source,URL
Jump to content,https://en.wikipedia.org/wiki/Bangladesh#bodyContent
Main page,https://en.wikipedia.org/wiki/Main_Page
Contents,https://en.wikipedia.org/wiki/Wikipedia:Contents
Current events,https://en.wikipedia.org/wiki/Portal:Current_events
Random article,https://en.wikipedia.org/wiki/Special:Random
About Wikipedia,https://en.wikipedia.org/wiki/Wikipedia:About
Contact us,https://en.wikipedia.org/wiki/Wikipedia:Contact_us
Help,https://en.wikipedia.org/wiki/Help:Contents
Learn to edit,https://en.wikipedia.org/wiki/Help:Introduction
Community portal,https://en.wikipedia.org/wiki/Wikipedia:Community_portal
Recent changes,https://en.wikipedia.org/wiki/Special:RecentChanges
Upload file,https://en.wikipedia.org/wiki/Wikipedia:File_upload_wizard
Special pages,https://en.wikipedia.org/wiki/Special:SpecialPages
,https://en.wikipedia.org/wiki/Main_Page
Search,https://en.wikipedia.org/wiki/Special:Search
Donate,https://donate.wikimedia.org/?wmf_source=donate&wmf_medium=sidebar&wmf_campaign=en.wikipedia.org&uselang=en
Create account,https://en.wikipedia.org/w/index.php?title=Special:CreateAccount&returnto=Bangladesh
Log in,https://en.wikipedia.org/w/index.php?title=Special:UserLogin&returnto=Bangladesh
Donate,https://donate.wikimedia.org/?wmf_source=donate&wmf_medium=sidebar&wmf_campaign=en.wikipedia.org&uselang=en
Create account,https://en.wikipedia.org/w/index.php?title=Special:CreateAccount&returnto=Bangladesh
Log in,https://en.wikipedia.org/w/index.php?title=Special:UserLogin&returnto=Bangladesh
(Top),https://en.wikipedia.org/wiki/Bangladesh#
"1
Etymology",https://en.wikipedia.org/wiki/Bangladesh#Etymology
"2
History",https://en.wikipedia.org/wiki/Bangladesh#History
"2.1
Early history",https://en.wikipedia.org/wiki/Bangladesh#Early_history
"2.2
Medieval period",https://en.wikipedia.org/wiki/Bangladesh#Medieval_period
"2.3
British colonial rule",https://en.wikipedia.org/wiki/Bangladesh#British_colonial_rule
"2.4
As part of Pakistan",https://en.wikipedia.org/wiki/Bangladesh#As_part_of_Pakistan
"2.5
Independent Bangladesh",https://en.wikipedia.org/wiki/Bangladesh#Independent_Bangladesh
"3
Geography",https://en.wikipedia.org/wiki/Bangladesh#Geography
"3.1
Climate",https://en.wikipedia.org/wiki/Bangladesh#Climate
"3.1.1
Climate change",https://en.wikipedia.org/wiki/Bangladesh#Climate_change
"3.2
Biodiversity",https://en.wikipedia.org/wiki/Bangladesh#Biodiversity
"4
Government and politics",https://en.wikipedia.org/wiki/Bangladesh#Government_and_politics
"4.1
Administrative divisions",https://en.wikipedia.org/wiki/Bangladesh#Administrative_divisions
"4.2
Foreign relations",https://en.wikipedia.org/wiki/Bangladesh#Foreign_relations
"4.3
Military",https://en.wikipedia.org/wiki/Bangladesh#Military
"4.4
Civil society",https://en.wikipedia.org/wiki/Bangladesh#Civil_society
"4.5
Human rights",https://en.wikipedia.org/wiki/Bangladesh#Human_rights
"4.6
Corruption",https://en.wikipedia.org/wiki/Bangladesh#Corruption
"5
Economy",https://en.wikipedia.org/wiki/Bangladesh#Economy
"5.1
Energy",https://en.wikipedia.org/wiki/Bangladesh#Energy
"5.2
Tourism",https://en.wikipedia.org/wiki/Bangladesh#Tourism
"6
Demographics",https://en.wikipedia.org/wiki/Bangladesh#Demographics
"6.1
Urban centres",https://en.wikipedia.org/wiki/Bangladesh#Urban_centres
"6.2
Language",https://en.wikipedia.org/wiki/Bangladesh#Language
"6.3
Religion",https://en.wikipedia.org/wiki/Bangladesh#Religion
"6.4
Education",https://en.wikipedia.org/wiki/Bangladesh#Education
"6.5
Health",https://en.wikipedia.org/wiki/Bangladesh#Health
"7
Culture",https://en.wikipedia.org/wiki/Bangladesh#Culture
"7.1
Holidays and festivals",https://en.wikipedia.org/wiki/Bangladesh#Holidays_and_festivals
"7.2
Literature",https://en.wikipedia.org/wiki/Bangladesh#Literature
"7.3
Architecture",https://en.wikipedia.org/wiki/Bangladesh#Architecture
"7.4
Visual arts, crafts and clothing","https://en.wikipedia.org/wiki/Bangladesh#Visual_arts,_crafts_and_clothing"
"7.5
Performing arts",https://en.wikipedia.org/wiki/Bangladesh#Performing_arts
"7.6
Media and cinema",https://en.wikipedia.org/wiki/Bangladesh#Media_and_cinema
"7.7
Cuisine",https://en.wikipedia.org/wiki/Bangladesh#Cuisine
"7.8
Sports",https://en.wikipedia.org/wiki/Bangladesh#Sports
"8
See also",https://en.wikipedia.org/wiki/Bangladesh#See_also
"9
Notes",https://en.wikipedia.org/wiki/Bangladesh#Notes
"10
References",https://en.wikipedia.org/wiki/Bangladesh#References
"10.1
Sources",https://en.wikipedia.org/wiki/Bangladesh#Sources
"11
Further reading",https://en.wikipedia.org/wiki/Bangladesh#Further_reading
"11.1
Government",https://en.wikipedia.org/wiki/Bangladesh#Government
"11.2
History",https://en.wikipedia.org/wiki/Bangladesh#History_2
"11.3
Tourism",https://en.wikipedia.org/wiki/Bangladesh#Tourism_2
"11.4
Maps",https://en.wikipedia.org/wiki/Bangladesh#Maps
"12
External links",https://en.wikipedia.org/wiki/Bangladesh#External_links
Аԥсшәа,https://ab.wikipedia.org/wiki/%D0%91%D0%B0%D0%BD%D0%B3%D0%BB%D0%B0%D0%B4%D0%B5%D1%88
abstract:Q902,https://abstract.wikipedia.org/wiki/Q902
Acèh,https://ace.wikipedia.org/wiki/Banglad%C3%A8sh
Адыгабзэ,https://ady.wikipedia.org/wiki/%D0%91%D0%B0%D0%BD%D0%B3%D0%BB%D0%B0%D0%B4%D0%B5%D1%88
Afrikaans,https://af.wikipedia.org/wiki/Bangladesj
Alemannisch,https://als.wikipedia.org/wiki/Bangladesch
አማርኛ,https://am.wikipedia.org/wiki/%E1%89%A3%E1%8A%95%E1%8C%8D%E1%88%8B%E1%8B%B4%E1%88%BD
Pangcah,https://ami.wikipedia.org/wiki/Bangladesh
Aragonés,https://an.wikipedia.org/wiki/Bangladesh
Ænglisc,https://ang.wikipedia.org/wiki/B%C3%A6ngladesc
अंगिका,https://anp.wikipedia.org/wiki/%E0%A4%AC%E0%A4%BE%E0%A4%82%E0%A4%97%E0%A5%8D%E0%A4%B2%E0%A4%BE%E0%A4%A6%E0%A5%87%E0%A4%B6
العربية,https://ar.wikipedia.org/wiki/%D8%A8%D9%86%D8%BA%D9%84%D8%A7%D8%AF%D9%8A%D8%B4
الدارجة,https://ary.wikipedia.org/wiki/%D8%A8%D8%A7%D9%86%DD%A3%D9%84%D8%A7%D8%AF%D9%8A%D8%B4
مصرى,https://arz.wikipedia.org/wiki/%D8%A8%D8%A7%D9%86%D8%AC%D9%84%D8%A7%D8%AF%D9%8A%D8%B4
অসমীয়া,https://as.wikipedia.org/wiki/%E0%A6%AC%E0%A6%BE%E0%A6%82%E0%A6%B2%E0%A6%BE%E0%A6%A6%E0%A7%87%E0%A6%B6
Asturianu,https://ast.wikipedia.org/wiki/Bangladex
Авар,https://av.wikipedia.org/wiki/%D0%91%D0%B0%D0%BD%D0%B3%D0%BB%D0%B0%D0%B4%D0%B5%D1%88
Kotava,https://avk.wikipedia.org/wiki/Bangladeca
अवधी,https://awa.wikipedia.org/wiki/%E0%A4%AC%E0%A4%BE%E0%A4%82%E0%A4%97%E0%A5%8D%E0%A4%B2%E0%A4%BE%E0%A4%A6%E0%A5%87%E0%A4%B6
Aymar aru,https://ay.wikipedia.org/wiki/Banladish
Azərbaycanca,https://az.wikipedia.org/wiki/Banqlade%C5%9F
تۆرکجه,https://azb.wikipedia.org/wiki/%D8%A8%D9%86%D9%82%D9%84%D8%A7%D8%AF%D8%B4
Башҡортса,https://ba.wikipedia.org/wiki/%D0%91%D0%B0%D0%BD%D0%B3%D0%BB%D0%B0%D0%B4%D0%B5%D1%88
Basa Bali,https://ban.wikipedia.org/wiki/Bangladesh
Boarisch,https://bar.wikipedia.org/wiki/Bangladesch
Žemaitėška,https://bat-smg.wikipedia.org/wiki/Banglade%C5%A1os
Bikol Central,https://bcl.wikipedia.org/wiki/Banglades
Беларуская (тарашкевіца),https://be-tarask.wikipedia.org/wiki/%D0%91%D0%B0%D0%BD%D0%B3%D0%BB%D1%8F%D0%B4%D1%8D%D1%88
Беларуская,https://be.wikipedia.org/wiki/%D0%91%D0%B0%D0%BD%D0%B3%D0%BB%D0%B0%D0%B4%D1%8D%D1%88
Betawi,https://bew.wikipedia.org/wiki/Benggalad%C3%A9sa
Български,https://bg.wikipedia.org/wiki/%D0%91%D0%B0%D0%BD%D0%B3%D0%BB%D0%B0%D0%B4%D0%B5%D1%88
भोजपुरी,https://bh.wikipedia.org/wiki/%E0%A4%AC%E0%A4%BE%E0%A4%82%E0%A4%97%E0%A5%8D%E0%A4%B2%E0%A4%BE%E0%A4%A6%E0%A5%87%E0%A4%B6
Bislama,https://bi.wikipedia.org/wiki/Banglades
Banjar,https://bjn.wikipedia.org/wiki/Bangladisa
ပအိုဝ်ႏဘာႏသာႏ,https://blk.wikipedia.org/wiki/%E1%80%97%E1%80%94%E1%80%BA%E1%80%B8%E1%80%80%E1%80%9C%E1%80%AC%E1%80%B8%E1%80%92%E1%80%B1%E1%80%90%E1%80%BA%E1%80%81%E1%80%99%E1%80%BA%E1%80%B8%E1%80%91%E1%80%AE
Bamanankan,https://bm.wikipedia.org/wiki/Bangladesh
বাংলা,https://bn.wikipedia.org/wiki/%E0%A6%AC%E0%A6%BE%E0%A6%82%E0%A6%B2%E0%A6%BE%E0%A6%A6%E0%A7%87%E0%A6%B6
བོད་ཡིག,https://bo.wikipedia.org/wiki/%E0%BD%96%E0%BE%B7%E0%BD%84%E0%BC%8B%E0%BD%A3%E0%BC%8B%E0%BD%A2%E0%BE%A1%E0%BD%BA%E0%BC%8B%E0%BD%A4%E0%BD%B4%E0%BC%8D
বিষ্ণুপ্রিয়া মণিপুরী,https://bpy.wikipedia.org/wiki/%E0%A6%AC%E0%A6%BE%E0%A6%82%E0%A6%B2%E0%A6%BE%E0%A6%A6%E0%A7%87%E0%A6%B6
Brezhoneg,https://br.wikipedia.org/wiki/Bangladesh
Bosanski,https://bs.wikipedia.org/wiki/Banglade%C5%A1
Batak Mandailing,https://btm.wikipedia.org/wiki/Bangladesh
Буряад,https://bxr.wikipedia.org/wiki/%D0%91%D0%B0%D0%BD%D0%B3%D0%BB%D0%B0%D0%B4%D0%B5%D1%88
Català,https://ca.wikipedia.org/wiki/Bangladesh
Chavacano de Zamboanga,https://cbk-zam.wikipedia.org/wiki/Bangladesh
閩東語 / Mìng-dĕ̤ng-ngṳ̄,https://cdo.wikipedia.org/wiki/Bangladesh
Нохчийн,https://ce.wikipedia.org/wiki/%D0%91%D0%B0%D0%BD%D0%B3%D0%BB%D0%B0%D0%B4%D0%B5%D1%88
Cebuano,https://ceb.wikipedia.org/wiki/Bangladesh
Chamoru,https://ch.wikipedia.org/wiki/Bangladesh
ᏣᎳᎩ,https://chr.wikipedia.org/wiki/%E1%8F%86%E1%8F%82%E1%8E%A6%E1%8E%B5%E1%8F%95%E1%8F%8D
کوردی,https://ckb.wikipedia.org/wiki/%D8%A8%DB%95%D9%86%DA%AF%D9%84%D8%A7%D8%AF%DB%8E%D8%B4
Corsu,https://co.wikipedia.org/wiki/Bangladesh
Qırımtatarca,https://crh.wikipedia.org/wiki/Banglade%C5%9F
Čeština,https://cs.wikipedia.org/wiki/Banglad%C3%A9%C5%A1
Kaszëbsczi,https://csb.wikipedia.org/wiki/Bangladesz
Чӑвашла,https://cv.wikipedia.org/wiki/%D0%91%D0%B0%D0%BD%D0%B3%D0%BB%D0%B0%D0%B4%D0%B5%D1%88
Cymraeg,https://cy.wikipedia.org/wiki/Bangladesh
Dansk,https://da.wikipedia.org/wiki/Bangladesh
Deutsch,https://de.wikipedia.org/wiki/Bangladesch
Zazaki,https://diq.wikipedia.org/wiki/Benglade%C5%9F
Dolnoserbski,https://dsb.wikipedia.org/wiki/Banglade%C5%A1
Kadazandusun,https://dtp.wikipedia.org/wiki/Bangladesh
डोटेली,https://dty.wikipedia.org/wiki/%E0%A4%AC%E0%A4%99%E0%A5%8D%E0%A4%97%E0%A4%B2%E0%A4%BE%E0%A4%A6%E0%A5%87%E0%A4%B6
ދިވެހިބަސް,https://dv.wikipedia.org/wiki/%DE%84%DE%A6%DE%82%DE%B0%DE%8E%DE%A7%DE%85%DE%AA
Ελληνικά,https://el.wikipedia.org/wiki/%CE%9C%CF%80%CE%B1%CE%BD%CE%B3%CE%BA%CE%BB%CE%B1%CE%BD%CF%84%CE%AD%CF%82
Esperanto,https://eo.wikipedia.org/wiki/Banglade%C5%9Do
Español,https://es.wikipedia.org/wiki/Banglad%C3%A9s
Eesti,https://et.wikipedia.org/wiki/Bangladesh
Euskara,https://eu.wikipedia.org/wiki/Bangladesh
Estremeñu,https://ext.wikipedia.org/wiki/Bangladesh
فارسی,https://fa.wikipedia.org/wiki/%D8%A8%D9%86%DA%AF%D9%84%D8%A7%D8%AF%D8%B4
Fulfulde,https://ff.wikipedia.org/wiki/Banngladesh
Suomi,https://fi.wikipedia.org/wiki/Bangladesh
Võro,https://fiu-vro.wikipedia.org/wiki/Bangladesh
Na Vosa Vakaviti,https://fj.wikipedia.org/wiki/Bangladesh
Føroyskt,https://fo.wikipedia.org/wiki/Bangladesj
Français,https://fr.wikipedia.org/wiki/Bangladesh
Arpetan,https://frp.wikipedia.org/wiki/Bangllad%C3%A8cho
Nordfriisk,https://frr.wikipedia.org/wiki/Bangladesch
Furlan,https://fur.wikipedia.org/wiki/Bangladesh
Frysk,https://fy.wikipedia.org/wiki/Bangladesj
Gaeilge,https://ga.wikipedia.org/wiki/An_Bhanglaid%C3%A9is
Gagauz,https://gag.wikipedia.org/wiki/Banglade%C5%9F
贛語,https://gan.wikipedia.org/wiki/%E5%AD%9F%E5%8A%A0%E6%8B%89
Kriyòl gwiyannen,https://gcr.wikipedia.org/wiki/Bangladesh
Gàidhlig,https://gd.wikipedia.org/wiki/Bangladais
Galego,https://gl.wikipedia.org/wiki/Bangladesh
گیلکی,https://glk.wikipedia.org/wiki/%D8%A8%D9%86%DA%AF%D9%84%D8%A7%D8%AF%D8%B4
Avañe'ẽ,https://gn.wikipedia.org/wiki/Vangalande
गोंयची कोंकणी / Gõychi Konknni,https://gom.wikipedia.org/wiki/%E0%A4%AC%E0%A4%BE%E0%A4%82%E0%A4%97%E0%A4%B2%E0%A4%BE%E0%A4%A6%E0%A5%87%E0%A4%B6
Bahasa Hulontalo,https://gor.wikipedia.org/wiki/Bangladesh
ગુજરાતી,https://gu.wikipedia.org/wiki/%E0%AA%AC%E0%AA%BE%E0%AA%82%E0%AA%97%E0%AB%8D%E0%AA%B2%E0%AA%BE%E0%AA%A6%E0%AB%87%E0%AA%B6
Gaelg,https://gv.wikipedia.org/wiki/Yn_Vangladesh
Hausa,https://ha.wikipedia.org/wiki/Bangladesh
客家語 / Hak-kâ-ngî,https://hak.wikipedia.org/wiki/Bangladesh
Hawaiʻi,https://haw.wikipedia.org/wiki/Banagaladesa
עברית,https://he.wikipedia.org/wiki/%D7%91%D7%A0%D7%92%D7%9C%D7%93%D7%A9
हिन्दी,https://hi.wikipedia.org/wiki/%E0%A4%AC%E0%A4%BE%E0%A4%82%E0%A4%97%E0%A5%8D%E0%A4%B2%E0%A4%BE%E0%A4%A6%E0%A5%87%E0%A4%B6
Fiji Hindi,https://hif.wikipedia.org/wiki/Bangladesh
Hrvatski,https://hr.wikipedia.org/wiki/Banglade%C5%A1
Hornjoserbsce,https://hsb.wikipedia.org/wiki/Banglade%C5%A1
Kreyòl ayisyen,https://ht.wikipedia.org/wiki/Banglad%C3%A8ch
Magyar,https://hu.wikipedia.org/wiki/Banglades
Հայերեն,https://hy.wikipedia.org/wiki/%D4%B2%D5%A1%D5%B6%D5%A3%D5%AC%D5%A1%D5%A4%D5%A5%D5%B7
Արեւմտահայերէն,https://hyw.wikipedia.org/wiki/%D5%8A%D5%A1%D5%B6%D5%AF%D5%AC%D5%A1%D5%BF%D5%A5%D5%B7
Interlingua,https://ia.wikipedia.org/wiki/Bangladesh
Jaku Iban,https://iba.wikipedia.org/wiki/Bangladesh
Bahasa Indonesia,https://id.wikipedia.org/wiki/Bangladesh
Interlingue,https://ie.wikipedia.org/wiki/Bangladesh
Ilokano,https://ilo.wikipedia.org/wiki/Banglades
ГӀалгӀай,https://inh.wikipedia.org/wiki/%D0%91%D0%B5%D0%BD%D0%B3%D0%B0%D0%BB%D0%BE%D0%B9%D1%87%D0%B5
Ido,https://io.wikipedia.org/wiki/Bangladesh
Íslenska,https://is.wikipedia.org/wiki/Bangladess
Italiano,https://it.wikipedia.org/wiki/Bangladesh
日本語,https://ja.wikipedia.org/wiki/%E3%83%90%E3%83%B3%E3%82%B0%E3%83%A9%E3%83%87%E3%82%B7%E3%83%A5
Patois,https://jam.wikipedia.org/wiki/Banggladesh
La .lojban.,https://jbo.wikipedia.org/wiki/begygu%27e
Jawa,https://jv.wikipedia.org/wiki/Banggalad%C3%A9sa
ქართული,https://ka.wikipedia.org/wiki/%E1%83%91%E1%83%90%E1%83%9C%E1%83%92%E1%83%9A%E1%83%90%E1%83%93%E1%83%94%E1%83%A8%E1%83%98
Qaraqalpaqsha,https://kaa.wikipedia.org/wiki/Bangladesh
Taqbaylit,https://kab.wikipedia.org/wiki/Bangladec
Karai-karai,https://kai.wikipedia.org/wiki/Bangladesh
Jju,https://kaj.wikipedia.org/wiki/Bangladesh
Kabɩyɛ,https://kbp.wikipedia.org/wiki/Pa%C5%8Bg%C9%A9lad%C9%9B%C9%9Bs%C9%A9
Kongo,https://kg.wikipedia.org/wiki/Bangladesh
Kumoring,https://kge.wikipedia.org/wiki/Bangladesh
Gĩkũyũ,https://ki.wikipedia.org/wiki/Bangladesh
Қазақша,https://kk.wikipedia.org/wiki/%D0%91%D0%B0%D0%BD%D0%B3%D0%BB%D0%B0%D0%B4%D0%B5%D1%88
ភាសាខ្មែរ,https://km.wikipedia.org/wiki/%E1%9E%94%E1%9E%84%E1%9F%8B%E1%9E%80%E1%9F%92%E1%9E%9B%E1%9E%B6%E1%9E%8A%E1%9F%82%E1%9E%9F
ಕನ್ನಡ,https://kn.wikipedia.org/wiki/%E0%B2%AC%E0%B2%BE%E0%B2%82%E0%B2%97%E0%B3%8D%E0%B2%B2%E0%B2%BE%E0%B2%A6%E0%B3%87%E0%B2%B6
Yerwa Kanuri,https://knc.wikipedia.org/wiki/Bangladesh
한국어,https://ko.wikipedia.org/wiki/%EB%B0%A9%EA%B8%80%EB%9D%BC%EB%8D%B0%EC%8B%9C
Къарачай-малкъар,https://krc.wikipedia.org/wiki/%D0%91%D0%B0%D0%BD%D0%B3%D0%BB%D0%B0%D0%B4%D0%B5%D1%88
کٲشُر,https://ks.wikipedia.org/wiki/%D8%A8%D9%8E%D9%86%D9%9B%DA%AF%D9%84%DB%81_%D8%AF%DB%8C%D9%96%D8%B4
Kurdî,https://ku.wikipedia.org/wiki/Benglade%C5%9F
Коми,https://kv.wikipedia.org/wiki/%D0%91%D0%B0%D0%BD%D0%B3%D0%BB%D0%B0%D0%B4%D0%B5%D1%88
Kernowek,https://kw.wikipedia.org/wiki/Bangladesh
Кыргызча,https://ky.wikipedia.org/wiki/%D0%91%D0%B0%D0%BD%D0%B3%D0%BB%D0%B0%D0%B4%D0%B5%D1%88
Latina,https://la.wikipedia.org/wiki/Bangladesa
Ladino,https://lad.wikipedia.org/wiki/Bangladesh
Lëtzebuergesch,https://lb.wikipedia.org/wiki/Bangladesch
Лезги,https://lez.wikipedia.org/wiki/%D0%91%D0%B0%D0%BD%D0%B3%D0%BB%D0%B0%D0%B4%D0%B5%D1%88
Lingua Franca Nova,https://lfn.wikipedia.org/wiki/Bangladex
Limburgs,https://li.wikipedia.org/wiki/Bangladesh
Ligure,https://lij.wikipedia.org/wiki/Bangladesh
Ladin,https://lld.wikipedia.org/wiki/Bangladesc
Lombard,https://lmo.wikipedia.org/wiki/Bangladesh
Lingála,https://ln.wikipedia.org/wiki/B%C3%A1ngalad%C9%9B%CC%81si
ລາວ,https://lo.wikipedia.org/wiki/%E0%BA%9B%E0%BA%B0%E0%BB%80%E0%BA%97%E0%BA%94%E0%BA%9A%E0%BA%B1%E0%BA%87%E0%BA%81%E0%BA%A5%E0%BA%B2%E0%BB%80%E0%BA%97%E0%BA%94
Lietuvių,https://lt.wikipedia.org/wiki/Banglade%C5%A1as
Latviešu,https://lv.wikipedia.org/wiki/Banglade%C5%A1a
Madhurâ,https://mad.wikipedia.org/wiki/Bangladesh
मैथिली,https://mai.wikipedia.org/wiki/%E0%A4%AC%E0%A4%BE%E0%A4%99%E0%A5%8D%E0%A4%B2%E0%A4%BE%E0%A4%A6%E0%A5%87%E0%A4%B6
Basa Banyumasan,https://map-bms.wikipedia.org/wiki/Bangladesh
Мокшень,https://mdf.wikipedia.org/wiki/%D0%91%D0%B0%D0%BD%D0%B3%D0%BB%D0%B0%D0%B4%D1%8D%D1%88
Malagasy,https://mg.wikipedia.org/wiki/Bangladesy
Олык марий,https://mhr.wikipedia.org/wiki/%D0%91%D0%B0%D0%BD%D0%B3%D0%BB%D0%B0%D0%B4%D0%B5%D1%88
Māori,https://mi.wikipedia.org/wiki/P%C4%81karat%C4%93hi
Minangkabau,https://min.wikipedia.org/wiki/Bangladesh
Македонски,https://mk.wikipedia.org/wiki/%D0%91%D0%B0%D0%BD%D0%B3%D0%BB%D0%B0%D0%B4%D0%B5%D1%88
മലയാളം,https://ml.wikipedia.org/wiki/%E0%B4%AC%E0%B4%82%E0%B4%97%E0%B5%8D%E0%B4%B2%E0%B4%BE%E0%B4%A6%E0%B5%87%E0%B4%B6%E0%B5%8D
Монгол,https://mn.wikipedia.org/wiki/%D0%91%D0%B0%D0%BD%D0%B3%D0%BB%D0%B0%D0%B4%D0%B5%D1%88
ꯃꯤꯇꯩ ꯂꯣꯟ,https://mni.wikipedia.org/wiki/%EA%AF%95%EA%AF%A5%EA%AF%A1%EA%AF%82%EA%AF%A5%EA%AF%97%EA%AF%A6%EA%AF%81
मराठी,https://mr.wikipedia.org/wiki/%E0%A4%AC%E0%A4%BE%E0%A4%82%E0%A4%97%E0%A4%B2%E0%A4%BE%E0%A4%A6%E0%A5%87%E0%A4%B6
Bahasa Melayu,https://ms.wikipedia.org/wiki/Bangladesh
Malti,https://mt.wikipedia.org/wiki/Bangladexx
Mirandés,https://mwl.wikipedia.org/wiki/Bangladexe
မြန်မာဘာသာ,https://my.wikipedia.org/wiki/%E1%80%98%E1%80%84%E1%80%BA%E1%80%B9%E1%80%82%E1%80%9C%E1%80%AC%E1%80%B8%E1%80%92%E1%80%B1%E1%80%B7%E1%80%9B%E1%80%BE%E1%80%BA%E1%80%94%E1%80%AD%E1%80%AF%E1%80%84%E1%80%BA%E1%80%84%E1%80%B6
Эрзянь,https://myv.wikipedia.org/wiki/%D0%91%D0%B0%D0%BD%D0%B3%D0%BB%D0%B0%D0%B4%D0%B5%D1%88_%D0%9C%D0%B0%D1%81%D1%82%D0%BE%D1%80
مازِرونی,https://mzn.wikipedia.org/wiki/%D8%A8%D9%86%DA%AF%D9%84%D8%A7%D8%AF%D8%B4
Nedersaksies,https://nds-nl.wikipedia.org/wiki/Bangladesh
Plattdüütsch,https://nds.wikipedia.org/wiki/Bangladesch
नेपाली,https://ne.wikipedia.org/wiki/%E0%A4%AC%E0%A4%99%E0%A5%8D%E0%A4%97%E0%A4%B2%E0%A4%BE%E0%A4%A6%E0%A5%87%E0%A4%B6
नेपाल भाषा,https://new.wikipedia.org/wiki/%E0%A4%AC%E0%A4%82%E0%A4%97%E0%A4%B2%E0%A4%BE%E0%A4%A6%E0%A5%87%E0%A4%B6
Li Niha,https://nia.wikipedia.org/wiki/Bangladesh
Nederlands,https://nl.wikipedia.org/wiki/Bangladesh
Norsk nynorsk,https://nn.wikipedia.org/wiki/Bangladesh
Norsk bokmål,https://no.wikipedia.org/wiki/Bangladesh
Novial,https://nov.wikipedia.org/wiki/Bangladesh
Diné bizaad,https://nv.wikipedia.org/wiki/Ha%CA%BCa%CA%BCaahj%C3%AD_Naakaii_Doot%C5%82%CA%BCizh%C3%AD_Bik%C3%A9yah
Occitan,https://oc.wikipedia.org/wiki/Banglad%C3%A8sh
Livvinkarjala,https://olo.wikipedia.org/wiki/Banglade%C5%A1
Oromoo,https://om.wikipedia.org/wiki/Baangilaadish
ଓଡ଼ିଆ,https://or.wikipedia.org/wiki/%E0%AC%AC%E0%AC%99%E0%AD%8D%E0%AC%97%E0%AC%B3%E0%AC%BE%E0%AC%A6%E0%AD%87%E0%AC%B6
Ирон,https://os.wikipedia.org/wiki/%D0%91%D0%B0%D0%BD%D0%B3%D0%BB%D0%B0%D0%B4%D0%B5%D1%88
ਪੰਜਾਬੀ,https://pa.wikipedia.org/wiki/%E0%A8%AC%E0%A9%B0%E0%A8%97%E0%A8%B2%E0%A8%BE%E0%A8%A6%E0%A9%87%E0%A8%B8%E0%A8%BC
Kapampangan,https://pam.wikipedia.org/wiki/Banglades
Papiamentu,https://pap.wikipedia.org/wiki/Banglad%C3%A8sh
Picard,https://pcd.wikipedia.org/wiki/Bangladek
Polski,https://pl.wikipedia.org/wiki/Bangladesz
Piemontèis,https://pms.wikipedia.org/wiki/Bangladesh
پنجابی,https://pnb.wikipedia.org/wiki/%D8%A8%D9%86%DA%AF%D9%84%D8%A7_%D8%AF%DB%8C%D8%B4
پښتو,https://ps.wikipedia.org/wiki/%D8%A8%D9%86%DA%AB%D9%84%D9%87_%D8%AF%DB%90%D8%B4
Português,https://pt.wikipedia.org/wiki/Bangladesh
Runa Simi,https://qu.wikipedia.org/wiki/Panlaris
ရခိုင်,https://rki.wikipedia.org/wiki/%E1%80%98%E1%80%84%E1%80%BA%E1%80%B9%E1%80%82%E1%80%9C%E1%80%AC%E1%80%B8%E1%80%92%E1%80%B1%E1%80%B7%E1%80%9B%E1%80%BE%E1%80%BA%E1%80%94%E1%80%AD%E1%80%AF%E1%80%84%E1%80%BA%E1%80%84%E1%80%B6
Rumantsch,https://rm.wikipedia.org/wiki/Bangladesch
Romani čhib,https://rmy.wikipedia.org/wiki/Bangladesh
Română,https://ro.wikipedia.org/wiki/Bangladesh
Armãneashti,https://roa-rup.wikipedia.org/wiki/Bangladesh
Tarandíne,https://roa-tara.wikipedia.org/wiki/Bangladesh
Русский,https://ru.wikipedia.org/wiki/%D0%91%D0%B0%D0%BD%D0%B3%D0%BB%D0%B0%D0%B4%D0%B5%D1%88
Русиньскый,https://rue.wikipedia.org/wiki/%D0%91%D0%B0%D0%BD%D2%91%D0%BB%D0%B0%D0%B4%D0%B5%D1%88
Ikinyarwanda,https://rw.wikipedia.org/wiki/Bangaladeshi
संस्कृतम्,https://sa.wikipedia.org/wiki/%E0%A4%AC%E0%A4%BE%E0%A4%99%E0%A5%8D%E0%A4%97%E0%A4%B2%E0%A4%BE%E0%A4%A6%E0%A5%87%E0%A4%B6%E0%A4%83
Саха тыла,https://sah.wikipedia.org/wiki/%D0%91%D0%B0%D2%A5%D0%BB%D0%B0%D0%B4%D0%B5%D1%88
ᱥᱟᱱᱛᱟᱲᱤ,https://sat.wikipedia.org/wiki/%E1%B1%B5%E1%B1%9F%E1%B1%9D%E1%B1%9E%E1%B1%9F%E1%B1%AB%E1%B1%AE%E1%B1%A5
Sardu,https://sc.wikipedia.org/wiki/Bangladesh
Sicilianu,https://scn.wikipedia.org/wiki/Bangladesci
Scots,https://sco.wikipedia.org/wiki/Bangladesh
سنڌي,https://sd.wikipedia.org/wiki/%D8%A8%D9%86%DA%AF%D9%84%D8%A7%D8%AF%D9%8A%D8%B4
Davvisámegiella,https://se.wikipedia.org/wiki/Bangladesh
Srpskohrvatski / српскохрватски,https://sh.wikipedia.org/wiki/Banglade%C5%A1
တႆး,https://shn.wikipedia.org/wiki/%E1%80%99%E1%80%AD%E1%80%B0%E1%80%84%E1%80%BA%E1%80%B8%E1%80%95%E1%80%84%E1%80%BA%E1%80%B8%E1%81%B5%E1%80%9C%E1%82%83%E1%80%B8%E1%80%90%E1%80%B5%E1%80%90%E1%80%BA%E1%82%88
සිංහල,https://si.wikipedia.org/wiki/%E0%B6%B6%E0%B6%82%E0%B6%9C%E0%B7%8A%E0%B6%BD%E0%B7%8F%E0%B6%AF%E0%B7%9A%E0%B7%81%E0%B6%BA
Simple English,https://simple.wikipedia.org/wiki/Bangladesh
Slovenčina,https://sk.wikipedia.org/wiki/Banglad%C3%A9%C5%A1
سرائیکی,https://skr.wikipedia.org/wiki/%D8%A8%D9%86%DA%AF%D9%84%DB%81_%D8%AF%DB%8C%D8%B4
Slovenščina,https://sl.wikipedia.org/wiki/Banglade%C5%A1
Gagana Samoa,https://sm.wikipedia.org/wiki/Pagalatesi
Anarâškielâ,https://smn.wikipedia.org/wiki/Bangladesh
ChiShona,https://sn.wikipedia.org/wiki/Bhangaladhesha
Soomaaliga,https://so.wikipedia.org/wiki/Bangaladhesh
Shqip,https://sq.wikipedia.org/wiki/Bangladeshi
Српски / srpski,https://sr.wikipedia.org/wiki/%D0%91%D0%B0%D0%BD%D0%B3%D0%BB%D0%B0%D0%B4%D0%B5%D1%88
SiSwati,https://ss.wikipedia.org/wiki/IBhangladeshi
Sesotho,https://st.wikipedia.org/wiki/Bangladesh
Seeltersk,https://stq.wikipedia.org/wiki/Bangladesch
Sunda,https://su.wikipedia.org/wiki/Banglad%C3%A9s
Svenska,https://sv.wikipedia.org/wiki/Bangladesh
Kiswahili,https://sw.wikipedia.org/wiki/Bangladesh
ꠍꠤꠟꠐꠤ,https://syl.wikipedia.org/wiki/%EA%A0%9B%EA%A0%A3%EA%A0%8B%EA%A0%9F%EA%A0%A3%EA%A0%96%EA%A0%A6%EA%A0%A1
Ślůnski,https://szl.wikipedia.org/wiki/Bangladesz
Sakizaya,https://szy.wikipedia.org/wiki/Bangladesh
தமிழ்,https://ta.wikipedia.org/wiki/%E0%AE%B5%E0%AE%99%E0%AF%8D%E0%AE%95%E0%AE%BE%E0%AE%B3%E0%AE%A4%E0%AF%87%E0%AE%9A%E0%AE%AE%E0%AF%8D
Tayal,https://tay.wikipedia.org/wiki/Bangladesh
ತುಳು,https://tcy.wikipedia.org/wiki/%E0%B2%AC%E0%B2%BE%E0%B2%82%E0%B2%97%E0%B3%8D%E0%B2%B2%E0%B2%BE%E0%B2%A6%E0%B3%87%E0%B2%B6
తెలుగు,https://te.wikipedia.org/wiki/%E0%B0%AC%E0%B0%82%E0%B0%97%E0%B1%8D%E0%B0%B2%E0%B0%BE%E0%B0%A6%E0%B1%87%E0%B0%B6%E0%B1%8D
Tetun,https://tet.wikipedia.org/wiki/Bangladexe
Тоҷикӣ,https://tg.wikipedia.org/wiki/%D0%91%D0%B0%D0%BD%D0%B3%D0%BB%D0%BE%D0%B4%D0%B5%D1%88
ไทย,https://th.wikipedia.org/wiki/%E0%B8%9B%E0%B8%A3%E0%B8%B0%E0%B9%80%E0%B8%97%E0%B8%A8%E0%B8%9A%E0%B8%B1%E0%B8%87%E0%B8%81%E0%B8%A5%E0%B8%B2%E0%B9%80%E0%B8%97%E0%B8%A8
ትግርኛ,https://ti.wikipedia.org/wiki/%E1%89%A3%E1%8A%95%E1%8C%8D%E1%88%8B%E1%8B%B0%E1%88%BD
Türkmençe,https://tk.wikipedia.org/wiki/Banglade%C5%9F
Tagalog,https://tl.wikipedia.org/wiki/Bangladesh
Tolışi,https://tly.wikipedia.org/wiki/Bangl%C9%99de%C5%A1
Lea faka-Tonga,https://to.wikipedia.org/wiki/Pengil%C4%81tesi
Toki pona,https://tok.wikipedia.org/wiki/ma_Panla
Tok Pisin,https://tpi.wikipedia.org/wiki/Bangladesh
Türkçe,https://tr.wikipedia.org/wiki/Banglade%C5%9F
Seediq,https://trv.wikipedia.org/wiki/Bangladesh
Xitsonga,https://ts.wikipedia.org/wiki/Bangladesh
Татарча / tatarça,https://tt.wikipedia.org/wiki/%D0%91%D0%B0%D0%BD%D0%B3%D0%BB%D0%B0%D0%B4%D0%B5%D1%88
ChiTumbuka,https://tum.wikipedia.org/wiki/Bangladesh
Twi,https://tw.wikipedia.org/wiki/Bangladesh
Удмурт,https://udm.wikipedia.org/wiki/%D0%91%D0%B0%D0%BD%D0%B3%D0%BB%D0%B0%D0%B4%D0%B5%D1%88
ئۇيغۇرچە / Uyghurche,https://ug.wikipedia.org/wiki/%D8%A8%D8%A7%D9%86%DA%AF%D9%84%D8%A7%D8%AF%DB%90%D8%B4
Українська,https://uk.wikipedia.org/wiki/%D0%91%D0%B0%D0%BD%D0%B3%D0%BB%D0%B0%D0%B4%D0%B5%D1%88
اردو,https://ur.wikipedia.org/wiki/%D8%A8%D9%86%DA%AF%D9%84%DB%81_%D8%AF%DB%8C%D8%B4
Oʻzbekcha / ўзбекча,https://uz.wikipedia.org/wiki/Bangladesh
Tshivenda,https://ve.wikipedia.org/wiki/Bangladesh
Vèneto,https://vec.wikipedia.org/wiki/Banglade%C5%A1
Vepsän kel’,https://vep.wikipedia.org/wiki/Banglade%C5%A1
Tiếng Việt,https://vi.wikipedia.org/wiki/Bangladesh
West-Vlams,https://vls.wikipedia.org/wiki/Bangladesh
Volapük,https://vo.wikipedia.org/wiki/Bangladej%C3%A4n
Winaray,https://war.wikipedia.org/wiki/Bangladesh
Wolof,https://wo.wikipedia.org/wiki/Banglaades
吴语,https://wuu.wikipedia.org/wiki/%E5%AD%9F%E5%8A%A0%E6%8B%89%E5%9B%BD
მარგალური,https://xmf.wikipedia.org/wiki/%E1%83%91%E1%83%90%E1%83%9C%E1%83%92%E1%83%9A%E1%83%90%E1%83%93%E1%83%94%E1%83%A8%E1%83%98
ייִדיש,https://yi.wikipedia.org/wiki/%D7%91%D7%90%D7%A0%D7%92%D7%9C%D7%90%D7%93%D7%A2%D7%A9
Yorùbá,https://yo.wikipedia.org/wiki/Banglad%E1%BA%B9%CC%81sh%C3%AC
Vahcuengh,https://za.wikipedia.org/wiki/Bangladesh
Zeêuws,https://zea.wikipedia.org/wiki/Bangladesh
ⵜⴰⵎⴰⵣⵉⵖⵜ ⵜⴰⵏⴰⵡⴰⵢⵜ,https://zgh.wikipedia.org/wiki/%E2%B4%B1%E2%B4%B0%E2%B5%8F%E2%B4%B3%E2%B5%8D%E2%B4%B0%E2%B4%B7%E2%B5%89%E2%B5%9B
文言,https://zh-classical.wikipedia.org/wiki/%E5%AD%9F%E5%8A%A0%E6%8B%89%E5%9C%8B
閩南語 / Bân-lâm-gí,https://zh-min-nan.wikipedia.org/wiki/Bangladesh
粵語,https://zh-yue.wikipedia.org/wiki/%E5%AD%9F%E5%8A%A0%E6%8B%89%E5%9C%8B
中文,https://zh.wikipedia.org/wiki/%E5%AD%9F%E5%8A%A0%E6%8B%89%E5%9B%BD
IsiZulu,https://zu.wikipedia.org/wiki/Bangladesh
Edit links,https://www.wikidata.org/wiki/Special:EntityPage/Q902#sitelinks-wikipedia
Article,https://en.wikipedia.org/wiki/Bangladesh
Talk,https://en.wikipedia.org/wiki/Talk:Bangladesh
Read,https://en.wikipedia.org/wiki/Bangladesh
View source,https://en.wikipedia.org/w/index.php?title=Bangladesh&action=edit
View history,https://en.wikipedia.org/w/index.php?title=Bangladesh&action=history
Read,https://en.wikipedia.org/wiki/Bangladesh
View source,https://en.wikipedia.org/w/index.php?title=Bangladesh&action=edit
View history,https://en.wikipedia.org/w/index.php?title=Bangladesh&action=history
What links here,https://en.wikipedia.org/wiki/Special:WhatLinksHere/Bangladesh
Related changes,https://en.wikipedia.org/wiki/Special:RecentChangesLinked/Bangladesh
Upload file,https://en.wikipedia.org/wiki/Wikipedia:File_Upload_Wizard
Permanent link,https://en.wikipedia.org/w/index.php?title=Bangladesh&oldid=1349255457
Page information,https://en.wikipedia.org/w/index.php?title=Bangladesh&action=info
Cite this page,https://en.wikipedia.org/w/index.php?title=Special:CiteThisPage&page=Bangladesh&id=1349255457&wpFormIdentifier=titleform
Get shortened URL,https://en.wikipedia.org/w/index.php?title=Special:UrlShortener&url=https%3A%2F%2Fen.wikipedia.org%2Fwiki%2FBangladesh
Download as PDF,https://en.wikipedia.org/w/index.php?title=Special:DownloadAsPdf&page=Bangladesh&action=show-download-screen
Printable version,https://en.wikipedia.org/w/index.php?title=Bangladesh&printable=yes
Wikimedia Commons,https://commons.wikimedia.org/wiki/%E0%A6%AC%E0%A6%BE%E0%A6%82%E0%A6%B2%E0%A6%BE%E0%A6%A6%E0%A7%87%E0%A6%B6
Wikinews,https://en.wikinews.org/wiki/Category:Bangladesh
Wikiquote,https://en.wikiquote.org/wiki/Bangladesh
Wikivoyage,https://en.wikivoyage.org/wiki/Bangladesh
Wikidata item,https://www.wikidata.org/wiki/Special:EntityPage/Q902
Coordinates,https://en.wikipedia.org/wiki/Geographic_coordinate_system
24°N 90°E﻿ / ﻿24°N 90°E﻿ / 24; 90,https://geohack.toolforge.org/geohack.php?pagename=Bangladesh&params=24_N_90_E_type:country_region:BD
,https://en.wikipedia.org/wiki/Wikipedia:Protection_policy#semi
Bangladesh (disambiguation),https://en.wikipedia.org/wiki/Bangladesh_(disambiguation)
Bengali,https://en.wikipedia.org/wiki/Bengali_language
,https://en.wikipedia.org/wiki/File:Flag_of_Bangladesh.svg
Flag,https://en.wikipedia.org/wiki/Flag_of_Bangladesh
,https://en.wikipedia.org/wiki/File:National_emblem_of_Bangladesh.svg
Emblem,https://en.wikipedia.org/wiki/National_Emblem_of_Bangladesh
Bengali,https://en.wikipedia.org/wiki/Bengali_language
Amar Sonar Bangla,https://en.wikipedia.org/wiki/Amar_Sonar_Bangla
Government Seal,https://en.wikipedia.org/wiki/Government_Seal_of_Bangladesh
,https://en.wikipedia.org/wiki/File:Government_Seal_of_Bangladesh.svg
,https://en.wikipedia.org/wiki/File:Bangladesh_(orthographic_projection).svg
,https://en.wikipedia.org/wiki/File:Bangladesh_rel_location_map.svg
Dhaka,https://en.wikipedia.org/wiki/Dhaka
23°45′50″N 90°23′20″E﻿ / ﻿23.76389°N 90.38889°E﻿ / 23.76389; 90.38889,https://geohack.toolforge.org/geohack.php?pagename=Bangladesh&params=23_45_50_N_90_23_20_E_type:city_region:BD
Bengali,https://en.wikipedia.org/wiki/Bengali_language
[1],https://en.wikipedia.org/wiki/Bangladesh#cite_note-bdlaws.minlaw.gov.bd-1
[2],https://en.wikipedia.org/wiki/Bangladesh#cite_note-2
English,https://en.wikipedia.org/wiki/Bangladeshi_English
[3],https://en.wikipedia.org/wiki/Bangladesh#cite_note-3
[4],https://en.wikipedia.org/wiki/Bangladesh#cite_note-4
Ethnic groups,https://en.wikipedia.org/wiki/Ethnic_group
[5],https://en.wikipedia.org/wiki/Bangladesh#cite_note-5
Bengali,https://en.wikipedia.org/wiki/Bengalis
others,https://en.wikipedia.org/wiki/Indigenous_peoples_in_Bangladesh
Chakmas,https://en.wikipedia.org/wiki/Chakma_people
Garos,https://en.wikipedia.org/wiki/Garo_people
Khasis,https://en.wikipedia.org/wiki/Khasi_people
Khumis,https://en.wikipedia.org/wiki/Khumi_people
Manipuris,https://en.wikipedia.org/wiki/Meitei_people
Marmas,https://en.wikipedia.org/wiki/Marma_people
Mizos,https://en.wikipedia.org/wiki/Mizo_people
Arakanese,https://en.wikipedia.org/wiki/Rakhine_people
Mrus,https://en.wikipedia.org/wiki/Mru_people_(Mrucha)
Santals,https://en.wikipedia.org/wiki/Santal_people
Tanchangyas,https://en.wikipedia.org/wiki/Tanchangya_people
Tripuris,https://en.wikipedia.org/wiki/Tripuri_people
Bishnupriyas,https://en.wikipedia.org/wiki/Bishnupriya_people
[6],https://en.wikipedia.org/wiki/Bangladesh#cite_note-census-6
Islam,https://en.wikipedia.org/wiki/Islam_in_Bangladesh
official,https://en.wikipedia.org/wiki/State_religion
Hinduism,https://en.wikipedia.org/wiki/Hinduism_in_Bangladesh
Buddhism,https://en.wikipedia.org/wiki/Buddhism_in_Bangladesh
Christianity,https://en.wikipedia.org/wiki/Christianity_in_Bangladesh
other,https://en.wikipedia.org/wiki/Religion_in_Bangladesh
Demonym,https://en.wikipedia.org/wiki/Demonym
Bangladeshi,https://en.wikipedia.org/wiki/Bangladeshis
Government,https://en.wikipedia.org/wiki/Politics_of_Bangladesh
Unitary parliamentary republic,https://en.wikipedia.org/wiki/Unitary_parliamentary_republic
President,https://en.wikipedia.org/wiki/President_of_Bangladesh
Mohammed Shahabuddin,https://en.wikipedia.org/wiki/Mohammed_Shahabuddin
Prime Minister,https://en.wikipedia.org/wiki/Prime_Minister_of_Bangladesh
Tarique Rahman,https://en.wikipedia.org/wiki/Tarique_Rahman
Speaker,https://en.wikipedia.org/wiki/Speaker_of_the_Jatiya_Sangsad
Hafiz Uddin Ahmad,https://en.wikipedia.org/wiki/Hafiz_Uddin_Ahmad
Chief Justice,https://en.wikipedia.org/wiki/Chief_Justice_of_Bangladesh
Zubayer Rahman Chowdhury,https://en.wikipedia.org/wiki/Zubayer_Rahman_Chowdhury
Jatiya Sangsad,https://en.wikipedia.org/wiki/Jatiya_Sangsad
Independence,https://en.wikipedia.org/wiki/Independence_of_Bangladesh
Pakistan,https://en.wikipedia.org/wiki/Pakistan
East Bengal,https://en.wikipedia.org/wiki/East_Bengal
East Pakistan,https://en.wikipedia.org/wiki/East_Pakistan
Proclamation of independence,https://en.wikipedia.org/wiki/Proclamation_of_Bangladeshi_Independence
Provisional government,https://en.wikipedia.org/wiki/Provisional_Government_of_Bangladesh
Victory,https://en.wikipedia.org/wiki/Pakistani_Instrument_of_Surrender
Liberation War,https://en.wikipedia.org/wiki/Bangladesh_Liberation_War
Current constitution,https://en.wikipedia.org/wiki/Constitution_of_Bangladesh
Area,https://en.wikipedia.org/wiki/Geography_of_Bangladesh
[7],https://en.wikipedia.org/wiki/Bangladesh#cite_note-7
93rd,https://en.wikipedia.org/wiki/List_of_countries_and_dependencies_by_area
[8],https://en.wikipedia.org/wiki/Bangladesh#cite_note-cia-8
[8],https://en.wikipedia.org/wiki/Bangladesh#cite_note-cia-8
Population,https://en.wikipedia.org/wiki/Demographics_of_Bangladesh
[9],https://en.wikipedia.org/wiki/Bangladesh#cite_note-unpop-9
8th,https://en.wikipedia.org/wiki/List_of_countries_and_dependencies_by_population
[10],https://en.wikipedia.org/wiki/Bangladesh#cite_note-populationcensus2022-10
[11],https://en.wikipedia.org/wiki/Bangladesh#cite_note-11
8th,https://en.wikipedia.org/wiki/List_of_countries_and_dependencies_by_population
13th,https://en.wikipedia.org/wiki/List_of_countries_and_dependencies_by_population_density
GDP,https://en.wikipedia.org/wiki/Gross_domestic_product
PPP,https://en.wikipedia.org/wiki/Purchasing_power_parity
[12],https://en.wikipedia.org/wiki/Bangladesh#cite_note-auto-12
26th,https://en.wikipedia.org/wiki/List_of_countries_by_GDP_(PPP)
[12],https://en.wikipedia.org/wiki/Bangladesh#cite_note-auto-12
127th,https://en.wikipedia.org/wiki/List_of_countries_by_GDP_(PPP)_per_capita
GDP,https://en.wikipedia.org/wiki/Gross_domestic_product
[12],https://en.wikipedia.org/wiki/Bangladesh#cite_note-auto-12
33rd,https://en.wikipedia.org/wiki/List_of_countries_by_GDP_(nominal)
[12],https://en.wikipedia.org/wiki/Bangladesh#cite_note-auto-12
142nd,https://en.wikipedia.org/wiki/List_of_countries_by_GDP_(nominal)_per_capita
Gini,https://en.wikipedia.org/wiki/Gini_coefficient
[13],https://en.wikipedia.org/wiki/Bangladesh#cite_note-13
HDI,https://en.wikipedia.org/wiki/Human_Development_Index
[14],https://en.wikipedia.org/wiki/Bangladesh#cite_note-14
130th,https://en.wikipedia.org/wiki/List_of_countries_by_Human_Development_Index
Taka,https://en.wikipedia.org/wiki/Bangladeshi_taka
৳,https://en.wikipedia.org/wiki/%E0%A7%B3
BDT,https://en.wikipedia.org/wiki/ISO_4217
UTC,https://en.wikipedia.org/wiki/Coordinated_Universal_Time
BST,https://en.wikipedia.org/wiki/Bangladesh_Standard_Time
Calling code,https://en.wikipedia.org/wiki/Telephone_numbers_in_Bangladesh
+880,https://en.wikipedia.org/wiki/Telephone_numbers_in_Bangladesh
ISO 3166 code,https://en.wikipedia.org/wiki/ISO_3166
BD,https://en.wikipedia.org/wiki/ISO_3166-2:BD
Internet TLD,https://en.wikipedia.org/wiki/Country_code_top-level_domain
.bd,https://en.wikipedia.org/wiki/.bd
.বাংলা,https://en.wikipedia.org/wiki/.bangla
Bengali text,https://en.wikipedia.org/wiki/Bengali_alphabet
rendering support,https://en.wikipedia.org/wiki/Wikipedia:Bangla_script_display_help
"question marks, boxes, or other symbols",https://en.wikipedia.org/wiki/Specials_(Unicode_block)#Replacement_character
[a],https://en.wikipedia.org/wiki/Bangladesh#cite_note-15
[b],https://en.wikipedia.org/wiki/Bangladesh#cite_note-16
South Asia,https://en.wikipedia.org/wiki/South_Asia
eighth-most populous country,https://en.wikipedia.org/wiki/List_of_countries_and_dependencies_by_population
most densely populated,https://en.wikipedia.org/wiki/List_of_countries_and_dependencies_by_population_density
India,https://en.wikipedia.org/wiki/India
Myanmar,https://en.wikipedia.org/wiki/Myanmar
Bay of Bengal,https://en.wikipedia.org/wiki/Bay_of_Bengal
Bhutan,https://en.wikipedia.org/wiki/Bhutan
Nepal,https://en.wikipedia.org/wiki/Nepal
Siliguri Corridor,https://en.wikipedia.org/wiki/Siliguri_Corridor
China,https://en.wikipedia.org/wiki/China
Indian state,https://en.wikipedia.org/wiki/List_of_Indian_states
Sikkim,https://en.wikipedia.org/wiki/Sikkim
Dhaka,https://en.wikipedia.org/wiki/Dhaka
largest city,https://en.wikipedia.org/wiki/List_of_cities_and_towns_in_Bangladesh
Chittagong,https://en.wikipedia.org/wiki/Chittagong
the busiest port,https://en.wikipedia.org/wiki/Port_of_Chittagong
Hindu,https://en.wikipedia.org/wiki/List_of_Hindu_empires_and_dynasties
Buddhist dynasties,https://en.wikipedia.org/wiki/List_of_Buddhist_kingdoms_and_empires
Muslim conquest,https://en.wikipedia.org/wiki/Muslim_conquests_in_the_Indian_subcontinent
Sultanate,https://en.wikipedia.org/wiki/Bengal_Sultanate
Mughal,https://en.wikipedia.org/wiki/Mughal_Empire
largest subdivision of the Mughal Empire,https://en.wikipedia.org/wiki/Bengal_Subah
Bengal,https://en.wikipedia.org/wiki/Bengal
thriving textile industry,https://en.wikipedia.org/wiki/Muslin_trade_in_Bengal
Battle of Plassey,https://en.wikipedia.org/wiki/Battle_of_Plassey
British colonial rule,https://en.wikipedia.org/wiki/Bengal_Presidency
Partition of India,https://en.wikipedia.org/wiki/Partition_of_British_India
East Bengal,https://en.wikipedia.org/wiki/East_Bengal
Dominion of Pakistan,https://en.wikipedia.org/wiki/Dominion_of_Pakistan
East Pakistan,https://en.wikipedia.org/wiki/East_Pakistan
systemic racism,https://en.wikipedia.org/wiki/Institutional_racism
West Pakistan,https://en.wikipedia.org/wiki/West_Pakistan
East Pakistan,https://en.wikipedia.org/wiki/East_Pakistan
1971 non-cooperation movement,https://en.wikipedia.org/wiki/Non-cooperation_movement_(1971)
Bangladesh Liberation War,https://en.wikipedia.org/wiki/Bangladesh_Liberation_War
military operation,https://en.wikipedia.org/wiki/Operation_Searchlight
Mukti Bahini,https://en.wikipedia.org/wiki/Mukti_Bahini
aid and assistance from Indian forces,https://en.wikipedia.org/wiki/Indo-Pakistani_war_of_1971
armed revolution,https://en.wikipedia.org/wiki/Revolution
Bangladesh genocide,https://en.wikipedia.org/wiki/Bangladesh_genocide
sovereign nation,https://en.wikipedia.org/wiki/Sovereign_nation
Sheikh Mujibur Rahman,https://en.wikipedia.org/wiki/Sheikh_Mujibur_Rahman
assassination in 1975,https://en.wikipedia.org/wiki/Assassination_of_Sheikh_Mujibur_Rahman
Ziaur Rahman,https://en.wikipedia.org/wiki/Ziaur_Rahman
assassinated,https://en.wikipedia.org/wiki/Assassination_of_Ziaur_Rahman
Hussain Muhammad Ershad,https://en.wikipedia.org/wiki/Hussain_Muhammad_Ershad
mass uprising,https://en.wikipedia.org/wiki/1990_Bangladesh_mass_uprising
Battle of the Begums,https://en.wikipedia.org/wiki/Battle_of_Begums
Khaleda Zia,https://en.wikipedia.org/wiki/Khaleda_Zia
Sheikh Hasina,https://en.wikipedia.org/wiki/Sheikh_Hasina
a mass uprising,https://en.wikipedia.org/wiki/July_uprising
parliamentary republic,https://en.wikipedia.org/wiki/Parliamentary_republic
Westminster system,https://en.wikipedia.org/wiki/Westminster_system
middle power,https://en.wikipedia.org/wiki/Middle_power
second-largest economy,https://en.wikipedia.org/wiki/Economy_of_Bangladesh
fourth-largest Muslim population,https://en.wikipedia.org/wiki/Islam_by_country
third-largest military,https://en.wikipedia.org/wiki/Bangladesh_Armed_Forces
peacekeeping,https://en.wikipedia.org/wiki/Peacekeeping
eight divisions,https://en.wikipedia.org/wiki/Divisions_of_Bangladesh
64 districts,https://en.wikipedia.org/wiki/Districts_of_Bangladesh
495 sub-districts,https://en.wikipedia.org/wiki/Upazila
"4,578 union councils",https://en.wikipedia.org/wiki/Union_councils_of_Bangladesh
largest mangrove forest,https://en.wikipedia.org/wiki/Sundarbans
refugee populations,https://en.wikipedia.org/wiki/Rohingya_refugees_in_Bangladesh
corruption,https://en.wikipedia.org/wiki/Corruption_in_Bangladesh
human rights abuses,https://en.wikipedia.org/wiki/Human_rights_in_Bangladesh
religious violence,https://en.wikipedia.org/wiki/Religious_violence
political instability,https://en.wikipedia.org/wiki/Political_decay
effects of climate change,https://en.wikipedia.org/wiki/Effects_of_climate_change
SAARC,https://en.wikipedia.org/wiki/South_Asian_Association_for_Regional_Cooperation
several other international organisations,https://en.wikipedia.org/wiki/Foreign_relations_of_Bangladesh
Names of Bengal,https://en.wikipedia.org/wiki/Names_of_Bengal
Rabindranath Tagore,https://en.wikipedia.org/wiki/Rabindranath_Tagore
Kazi Nazrul Islam,https://en.wikipedia.org/wiki/Kazi_Nazrul_Islam
[15],https://en.wikipedia.org/wiki/Bangladesh#cite_note-17
East Pakistan,https://en.wikipedia.org/wiki/East_Pakistan
Bengal,https://en.wikipedia.org/wiki/Bengal
Bengali language,https://en.wikipedia.org/wiki/Bengali_language
proto-Dravidian,https://en.wikipedia.org/wiki/Proto-Dravidian_language
[16],https://en.wikipedia.org/wiki/Bangladesh#cite_note-18
Vanga Kingdom,https://en.wikipedia.org/wiki/Vanga_Kingdom
[17],https://en.wikipedia.org/wiki/Bangladesh#cite_note-19
Nesari plate,https://en.wikipedia.org/wiki/Nesari
[18],https://en.wikipedia.org/wiki/Bangladesh#cite_note-20
[19],https://en.wikipedia.org/wiki/Bangladesh#cite_note-Sen-1999-21
Sultanate of Bengal,https://en.wikipedia.org/wiki/Sultanate_of_Bengal
[20],https://en.wikipedia.org/wiki/Bangladesh#cite_note-Ahmed2004-22
[21],https://en.wikipedia.org/wiki/Bangladesh#cite_note-23
Shamsuddin Ilyas Shah,https://en.wikipedia.org/wiki/Shamsuddin_Ilyas_Shah
Shah,https://en.wikipedia.org/wiki/Shah
[20],https://en.wikipedia.org/wiki/Bangladesh#cite_note-Ahmed2004-22
[22],https://en.wikipedia.org/wiki/Bangladesh#cite_note-24
Abu'l-Fazl ibn Mubarak,https://en.wikipedia.org/wiki/Abu%27l-Fazl_ibn_Mubarak
Ain-i-Akbari,https://en.wikipedia.org/wiki/Ain-i-Akbari
[23],https://en.wikipedia.org/wiki/Bangladesh#cite_note-25
Ghulam Husain Salim,https://en.wikipedia.org/wiki/Ghulam_Husain_Salim
Riyaz-us-Salatin,https://en.wikipedia.org/wiki/Riyaz-us-Salatin
[24],https://en.wikipedia.org/wiki/Bangladesh#cite_note-riaj-26
Desh,https://en.wikipedia.org/wiki/-desh
[19],https://en.wikipedia.org/wiki/Bangladesh#cite_note-Sen-1999-21
History of Bangladesh,https://en.wikipedia.org/wiki/History_of_Bangladesh
Maurya Empire,https://en.wikipedia.org/wiki/Maurya_Empire
Samatata,https://en.wikipedia.org/wiki/Samatata
Gupta Empire,https://en.wikipedia.org/wiki/Gupta_Empire
Harsha,https://en.wikipedia.org/wiki/Harsha
Pala Empire,https://en.wikipedia.org/wiki/Pala_Empire
Sena dynasty,https://en.wikipedia.org/wiki/Sena_dynasty
Muslim conquests,https://en.wikipedia.org/wiki/Muslim_conquests_in_the_Indian_subcontinent
Muhammad Bakhtiyar Khalji,https://en.wikipedia.org/wiki/Muhammad_Bakhtiyar_Khalji
Ghurid dynasty,https://en.wikipedia.org/wiki/Ghurid_dynasty
[25],https://en.wikipedia.org/wiki/Bangladesh#cite_note-27
Bengal Sultanate,https://en.wikipedia.org/wiki/Bengal_Sultanate
Bengal Subah,https://en.wikipedia.org/wiki/Bengal_Subah
,https://en.wikipedia.org/wiki/File:Renaldis_muslin_woman.jpg
Dhaka,https://en.wikipedia.org/wiki/Dhaka
Bengali muslin,https://en.wikipedia.org/wiki/Muslin_trade_in_Bengal
,"https://en.wikipedia.org/wiki/File:Kusumba_Mosque,_Naogaon.jpg"
,https://en.wikipedia.org/wiki/File:%E0%A6%97%E0%A7%8B%E0%A6%AF%E0%A6%BC%E0%A6%BE%E0%A6%B2%E0%A6%A6%E0%A6%BF_%E0%A6%AE%E0%A6%B8%E0%A6%9C%E0%A6%BF%E0%A6%A6_3.jpg
,https://en.wikipedia.org/wiki/File:Bagha_Shahi_Mosque.jpg
,https://en.wikipedia.org/wiki/File:Choto_Shona_Mosque_Rajshahi.jpg
Kusumba Mosque,https://en.wikipedia.org/wiki/Kusumba_Mosque
Goaldi Mosque,https://en.wikipedia.org/wiki/Goaldi_Mosque
Bagha Mosque,https://en.wikipedia.org/wiki/Bagha_Mosque
Choto Sona Mosque,https://en.wikipedia.org/wiki/Choto_Sona_Mosque
,https://en.wikipedia.org/wiki/File:Hussain_Shahis_of_Bengal.png
Hussain Shahi dynasty,https://en.wikipedia.org/wiki/Hussain_Shahi_dynasty
Delhi Sultanate,https://en.wikipedia.org/wiki/Delhi_Sultanate
[26],https://en.wikipedia.org/wiki/Bangladesh#cite_note-islamization-28
Bengal Sultanate,https://en.wikipedia.org/wiki/Bengal_Sultanate
Fakhruddin Mubarak Shah,https://en.wikipedia.org/wiki/Fakhruddin_Mubarak_Shah
[26],https://en.wikipedia.org/wiki/Bangladesh#cite_note-islamization-28
Hussain Shahi dynasty,https://en.wikipedia.org/wiki/Hussain_Shahi_dynasty
Ilyas Shahi dynasty,https://en.wikipedia.org/wiki/Ilyas_Shahi_dynasty
House of Ganesha,https://en.wikipedia.org/wiki/House_of_Ganesha
[27],https://en.wikipedia.org/wiki/Bangladesh#cite_note-29
Mughal Empire,https://en.wikipedia.org/wiki/Mughal_Empire
[26],https://en.wikipedia.org/wiki/Bangladesh#cite_note-islamization-28
[28],https://en.wikipedia.org/wiki/Bangladesh#cite_note-30
Bengal Subah,https://en.wikipedia.org/wiki/Bengal_Subah
[26],https://en.wikipedia.org/wiki/Bangladesh#cite_note-islamization-28
standards of living,https://en.wikipedia.org/wiki/Standard_of_living
muslin,https://en.wikipedia.org/wiki/Muslin_trade_in_Bengal
shipbuilding,https://en.wikipedia.org/wiki/Shipbuilding_in_Bangladesh
[29],https://en.wikipedia.org/wiki/Bangladesh#cite_note-ray-31
Nawabs of Bengal,https://en.wikipedia.org/wiki/Nawabs_of_Bengal
Murshid Quli Khan,https://en.wikipedia.org/wiki/Murshid_Quli_Khan
Bengal Presidency,https://en.wikipedia.org/wiki/Bengal_Presidency
,https://en.wikipedia.org/wiki/File:Bengal_Presidency_in_British_India_with_dependencies_1852.png
Siraj-ud-Daulah,https://en.wikipedia.org/wiki/Siraj-ud-Daulah
East India Company,https://en.wikipedia.org/wiki/East_India_Company
Battle of Plassey,https://en.wikipedia.org/wiki/Battle_of_Plassey
British rule,https://en.wikipedia.org/wiki/British_Raj
Industrial Revolution,https://en.wikipedia.org/wiki/Industrial_Revolution
capital flight,https://en.wikipedia.org/wiki/Capital_flight
[30],https://en.wikipedia.org/wiki/Bangladesh#cite_note-32
[29],https://en.wikipedia.org/wiki/Bangladesh#cite_note-ray-31
Great Bengal famine of 1770,https://en.wikipedia.org/wiki/Great_Bengal_famine_of_1770
[31],https://en.wikipedia.org/wiki/Bangladesh#cite_note-33
[32],https://en.wikipedia.org/wiki/Bangladesh#cite_note-34
[33],https://en.wikipedia.org/wiki/Bangladesh#cite_note-Irschick2018-35
[34],https://en.wikipedia.org/wiki/Bangladesh#cite_note-36
Dominion of Pakistan,https://en.wikipedia.org/wiki/Dominion_of_Pakistan
East Bengal,https://en.wikipedia.org/wiki/East_Bengal
East Pakistan,https://en.wikipedia.org/wiki/East_Pakistan
West Pakistan,https://en.wikipedia.org/wiki/West_Pakistan
Partition of Bengal (1947),https://en.wikipedia.org/wiki/Partition_of_Bengal_(1947)
Partition of India,https://en.wikipedia.org/wiki/Partition_of_India
direct British rule,https://en.wikipedia.org/wiki/Bengal_Presidency
partition of Bengal,https://en.wikipedia.org/wiki/Partition_of_Bengal_(1947)
Radcliffe Line,https://en.wikipedia.org/wiki/Radcliffe_Line
[35],https://en.wikipedia.org/wiki/Bangladesh#cite_note-37
partition of India,https://en.wikipedia.org/wiki/Partition_of_India
East Bengal,https://en.wikipedia.org/wiki/East_Bengal
Dominion of Pakistan,https://en.wikipedia.org/wiki/Dominion_of_Pakistan
West Pakistan,https://en.wikipedia.org/wiki/West_Pakistan
[36],https://en.wikipedia.org/wiki/Bangladesh#cite_note-38
economic inequality,https://en.wikipedia.org/wiki/Economic_inequality
[37],https://en.wikipedia.org/wiki/Bangladesh#cite_note-39
chief minister,https://en.wikipedia.org/wiki/Chief_Minister_of_East_Bengal
Frederick Chalmers Bourne,https://en.wikipedia.org/wiki/Frederick_Chalmers_Bourne
All Pakistan Awami Muslim League,https://en.wikipedia.org/wiki/All_Pakistan_Awami_Muslim_League
East Bengal Legislative Assembly,https://en.wikipedia.org/wiki/East_Bengal_Legislative_Assembly
land reform,https://en.wikipedia.org/wiki/Land_reform
[38],https://en.wikipedia.org/wiki/Bangladesh#cite_note-40
Awami League,https://en.wikipedia.org/wiki/Awami_League
[39],https://en.wikipedia.org/wiki/Bangladesh#cite_note-LewisSagar1992-41
United Front,https://en.wikipedia.org/wiki/United_Front_(East_Pakistan)
1954 East Bengali legislative election,https://en.wikipedia.org/wiki/1954_East_Bengali_legislative_election
East Pakistan,https://en.wikipedia.org/wiki/East_Pakistan
One Unit Scheme,https://en.wikipedia.org/wiki/One_Unit_Scheme
new constitution,https://en.wikipedia.org/wiki/1956_Constitution_of_Pakistan
Southeast Asia Treaty Organization,https://en.wikipedia.org/wiki/Southeast_Asia_Treaty_Organization
Bengali language movement,https://en.wikipedia.org/wiki/Bengali_language_movement
Bengali,https://en.wikipedia.org/wiki/Bengali_language
Bengali nationalism,https://en.wikipedia.org/wiki/Bengali_nationalism
pro-democracy,https://en.wikipedia.org/wiki/Pro-democracy
[40],https://en.wikipedia.org/wiki/Bangladesh#cite_note-42
Pakistan Armed Forces,https://en.wikipedia.org/wiki/Pakistan_Armed_Forces
martial law,https://en.wikipedia.org/wiki/Martial_law
coup d'état,https://en.wikipedia.org/wiki/1958_Pakistani_coup_d%27%C3%A9tat
Ayub Khan,https://en.wikipedia.org/wiki/Ayub_Khan_(general)
parliamentary system,https://en.wikipedia.org/wiki/Parliamentary_system
electoral college,https://en.wikipedia.org/wiki/Electoral_college
[41],https://en.wikipedia.org/wiki/Bangladesh#cite_note-43
National Assembly of Pakistan,https://en.wikipedia.org/wiki/National_Assembly_of_Pakistan
[42],https://en.wikipedia.org/wiki/Bangladesh#cite_note-44
Sheikh Mujibur Rahman,https://en.wikipedia.org/wiki/Sheikh_Mujibur_Rahman
six-point movement,https://en.wikipedia.org/wiki/Six_point_movement
[43],https://en.wikipedia.org/wiki/Bangladesh#cite_note-45
[44],https://en.wikipedia.org/wiki/Bangladesh#cite_note-46
[45],https://en.wikipedia.org/wiki/Bangladesh#cite_note-47
economic discrimination,https://en.wikipedia.org/wiki/Economic_discrimination
[46],https://en.wikipedia.org/wiki/Bangladesh#cite_note-google.co.nz-48
Rehman Sobhan,https://en.wikipedia.org/wiki/Rehman_Sobhan
Nurul Islam,https://en.wikipedia.org/wiki/Nurul_Islam_(economist)
[47],https://en.wikipedia.org/wiki/Bangladesh#cite_note-49
[48],https://en.wikipedia.org/wiki/Bangladesh#cite_note-50
Agartala Conspiracy Case,https://en.wikipedia.org/wiki/Agartala_Conspiracy_Case
1969 uprising in East Pakistan,https://en.wikipedia.org/wiki/1969_uprising_in_East_Pakistan
Yahya Khan,https://en.wikipedia.org/wiki/Yahya_Khan
1970 Bhola Cyclone,https://en.wikipedia.org/wiki/1970_Bhola_Cyclone
[49],https://en.wikipedia.org/wiki/Bangladesh#cite_note-countrystudies.us1-51
Abdul Hamid Khan Bhashani,https://en.wikipedia.org/wiki/Abdul_Hamid_Khan_Bhashani
British Raj,https://en.wikipedia.org/wiki/British_Raj
[50],https://en.wikipedia.org/wiki/Bangladesh#cite_note-52
[51],https://en.wikipedia.org/wiki/Bangladesh#cite_note-53
Pakistan Peoples Party,https://en.wikipedia.org/wiki/Pakistan_Peoples_Party
Zulfikar Ali Bhutto,https://en.wikipedia.org/wiki/Zulfikar_Ali_Bhutto
7 March Speech,https://en.wikipedia.org/wiki/7_March_Speech_of_Sheikh_Mujibur_Rahman
non-cooperation movement,https://en.wikipedia.org/wiki/Non-cooperation_movement_(1971)
Operation Searchlight,https://en.wikipedia.org/wiki/Operation_Searchlight
[52],https://en.wikipedia.org/wiki/Bangladesh#cite_note-54
Ziaur Rahman,https://en.wikipedia.org/wiki/Ziaur_Rahman
[53],https://en.wikipedia.org/wiki/Bangladesh#cite_note-55
liberation war,https://en.wikipedia.org/wiki/Bangladesh_Liberation_War
a genocide,https://en.wikipedia.org/wiki/Bangladesh_genocide
[54],https://en.wikipedia.org/wiki/Bangladesh#cite_note-56
Pakistani surrender,https://en.wikipedia.org/wiki/Pakistani_Instrument_of_Surrender
Constitution of Bangladesh,https://en.wikipedia.org/wiki/Constitution_of_Bangladesh
[55],https://en.wikipedia.org/wiki/Bangladesh#cite_note-57
One-party socialism,https://en.wikipedia.org/wiki/BAKSAL
large famine in 1974,https://en.wikipedia.org/wiki/Bangladesh_famine_of_1974
Mujib's assassination,https://en.wikipedia.org/wiki/Assassination_of_Sheikh_Mujibur_Rahman
[56],https://en.wikipedia.org/wiki/Bangladesh#cite_note-58
[57],https://en.wikipedia.org/wiki/Bangladesh#cite_note-gov0-59
Ziaur Rahman,https://en.wikipedia.org/wiki/Ziaur_Rahman
Bangladesh Nationalist Party,https://en.wikipedia.org/wiki/Bangladesh_Nationalist_Party
South Asian Association for Regional Cooperation,https://en.wikipedia.org/wiki/South_Asian_Association_for_Regional_Cooperation
[58],https://en.wikipedia.org/wiki/Bangladesh#cite_note-60
Rahman's assassination,https://en.wikipedia.org/wiki/Assassination_of_Ziaur_Rahman
military dictatorship,https://en.wikipedia.org/wiki/Military_dictatorship
Hussain Muhammad Ershad,https://en.wikipedia.org/wiki/Hussain_Muhammad_Ershad
devolution,https://en.wikipedia.org/wiki/Devolution
state religion,https://en.wikipedia.org/wiki/State_religion
[59],https://en.wikipedia.org/wiki/Bangladesh#cite_note-61
[60],https://en.wikipedia.org/wiki/Bangladesh#cite_note-62
[61],https://en.wikipedia.org/wiki/Bangladesh#cite_note-63
[62],https://en.wikipedia.org/wiki/Bangladesh#cite_note-64
restoration,https://en.wikipedia.org/wiki/1990_Bangladesh_mass_uprising
parliamentary democracy,https://en.wikipedia.org/wiki/Parliamentary_democracy
1991,https://en.wikipedia.org/wiki/1991_Bangladeshi_general_election
Khaleda Zia,https://en.wikipedia.org/wiki/Khaleda_Zia
Sheikh Hasina,https://en.wikipedia.org/wiki/Sheikh_Hasina
Battle of Begums,https://en.wikipedia.org/wiki/Battle_of_Begums
[63],https://en.wikipedia.org/wiki/Bangladesh#cite_note-65
[57],https://en.wikipedia.org/wiki/Bangladesh#cite_note-gov0-59
2008 general election,https://en.wikipedia.org/wiki/2008_Bangladeshi_general_election
[64],https://en.wikipedia.org/wiki/Bangladesh#cite_note-66
Sheikh Hasina,https://en.wikipedia.org/wiki/Sheikh_Hasina
democratic backsliding,https://en.wikipedia.org/wiki/Democratic_backsliding
authoritarianism,https://en.wikipedia.org/wiki/Authoritarianism
corruption,https://en.wikipedia.org/wiki/Corruption_in_Bangladesh
human rights abuses,https://en.wikipedia.org/wiki/Human_rights_in_Bangladesh
[65],https://en.wikipedia.org/wiki/Bangladesh#cite_note-67
2009 Bangladesh Rifles revolt,https://en.wikipedia.org/wiki/2009_Bangladesh_Rifles_revolt
Bangladesh Army,https://en.wikipedia.org/wiki/Bangladesh_Army
[66],https://en.wikipedia.org/wiki/Bangladesh#cite_note-68
[67],https://en.wikipedia.org/wiki/Bangladesh#cite_note-69
2014,https://en.wikipedia.org/wiki/2014_Bangladeshi_general_election
2018,https://en.wikipedia.org/wiki/2018_Bangladeshi_general_election
2024 general elections,https://en.wikipedia.org/wiki/2024_Bangladeshi_general_election
free nor fair,https://en.wikipedia.org/wiki/Free_and_fair_election
[68],https://en.wikipedia.org/wiki/Bangladesh#cite_note-70
[69],https://en.wikipedia.org/wiki/Bangladesh#cite_note-71
[70],https://en.wikipedia.org/wiki/Bangladesh#cite_note-72
July uprising,https://en.wikipedia.org/wiki/July_uprising
forced to resign and flee,https://en.wikipedia.org/wiki/Non-cooperation_movement_(2024)
5 August 2024,https://en.wikipedia.org/wiki/July_36
[71],https://en.wikipedia.org/wiki/Bangladesh#cite_note-73
Muhammad Yunus,https://en.wikipedia.org/wiki/Muhammad_Yunus
Chief Adviser,https://en.wikipedia.org/wiki/Chief_Adviser_of_Bangladesh
[72],https://en.wikipedia.org/wiki/Bangladesh#cite_note-74
2026 general election,https://en.wikipedia.org/wiki/2026_Bangladeshi_general_election
Bangladesh Nationalist Party,https://en.wikipedia.org/wiki/Bangladesh_Nationalist_Party
Tarique Rahman,https://en.wikipedia.org/wiki/Tarique_Rahman
Bangladesh Jamaat-e-Islami,https://en.wikipedia.org/wiki/Bangladesh_Jamaat-e-Islami
[73],https://en.wikipedia.org/wiki/Bangladesh#cite_note-75
free market,https://en.wikipedia.org/wiki/Free_market
economic liberalisation,https://en.wikipedia.org/wiki/Economic_liberalisation
fastest-growing economies in the world,https://en.wikipedia.org/wiki/List_of_countries_by_real_GDP_growth_rate
textile industry,https://en.wikipedia.org/wiki/Textile_industry_in_Bangladesh
[74],https://en.wikipedia.org/wiki/Bangladesh#cite_note-76
second-largest economy in South Asia,https://en.wikipedia.org/wiki/List_of_countries_by_GDP_(nominal)
[75],https://en.wikipedia.org/wiki/Bangladesh#cite_note-77
[76],https://en.wikipedia.org/wiki/Bangladesh#cite_note-78
poverty rate,https://en.wikipedia.org/wiki/Poverty_in_Bangladesh
[77],https://en.wikipedia.org/wiki/Bangladesh#cite_note-79
[78],https://en.wikipedia.org/wiki/Bangladesh#cite_note-80
[79],https://en.wikipedia.org/wiki/Bangladesh#cite_note-81
Human Development Index,https://en.wikipedia.org/wiki/List_of_countries_by_Human_Development_Index
[80],https://en.wikipedia.org/wiki/Bangladesh#cite_note-82
green transition,https://en.wikipedia.org/wiki/Green_transition
green factories,https://en.wikipedia.org/wiki/Green_factory
[81],https://en.wikipedia.org/wiki/Bangladesh#cite_note-83
over a million Rohingya refugees,https://en.wikipedia.org/wiki/Rohingya_refugees_in_Bangladesh
Rohingya genocide,https://en.wikipedia.org/wiki/Rohingya_genocide
[82],https://en.wikipedia.org/wiki/Bangladesh#cite_note-84
Geography of Bangladesh,https://en.wikipedia.org/wiki/Geography_of_Bangladesh
,https://en.wikipedia.org/wiki/File:Map_of_Bangladesh-en.svg
Bay of Bengal,https://en.wikipedia.org/wiki/Bay_of_Bengal
Myanmar,https://en.wikipedia.org/wiki/Myanmar
Nepal,https://en.wikipedia.org/wiki/Nepal
Bhutan,https://en.wikipedia.org/wiki/Bhutan
Ganges Delta,https://en.wikipedia.org/wiki/Ganges_Delta
[83],https://en.wikipedia.org/wiki/Bangladesh#cite_note-85
Madhupur,https://en.wikipedia.org/wiki/Madhupur_tract
Barind,https://en.wikipedia.org/wiki/Barind_Tract
evergreen,https://en.wikipedia.org/wiki/Evergreen
Padma,https://en.wikipedia.org/wiki/Padma_River
Brahmaputra,https://en.wikipedia.org/wiki/Brahmaputra_River
Jamuna,https://en.wikipedia.org/wiki/Jamuna_River_(Bangladesh)
Meghna,https://en.wikipedia.org/wiki/Meghna_River
[84],https://en.wikipedia.org/wiki/Bangladesh#cite_note-86
trans-boundary rivers,https://en.wikipedia.org/wiki/Trans-boundary_river
[85],https://en.wikipedia.org/wiki/Bangladesh#cite_note-87
[86],https://en.wikipedia.org/wiki/Bangladesh#cite_note-ali-88
haor,https://en.wikipedia.org/wiki/Haor
highest point in Bangladesh,https://en.wikipedia.org/wiki/List_of_mountains_of_Bangladesh
Saka Haphong,https://en.wikipedia.org/wiki/Saka_Haphong
[87],https://en.wikipedia.org/wiki/Bangladesh#cite_note-CIA-89
Keokradong,https://en.wikipedia.org/wiki/Keokradong
Tazing Dong,https://en.wikipedia.org/wiki/Tazing_Dong
forest cover,https://en.wikipedia.org/wiki/Forest_cover
primary forest,https://en.wikipedia.org/wiki/Primary_forest
public ownership,https://en.wikipedia.org/wiki/State_ownership
[88],https://en.wikipedia.org/wiki/Bangladesh#cite_note-90
[89],https://en.wikipedia.org/wiki/Bangladesh#cite_note-91
Geography of Bangladesh § Climate,https://en.wikipedia.org/wiki/Geography_of_Bangladesh#Climate
Climate change in Bangladesh,https://en.wikipedia.org/wiki/Climate_change_in_Bangladesh
,"https://en.wikipedia.org/wiki/File:Aerosol_pollution_over_Northern_India,_Bangladesh,_and_Bay_of_Bengal.jpg"
Tropic of Cancer,https://en.wikipedia.org/wiki/Tropic_of_Cancer
Dinajpur,https://en.wikipedia.org/wiki/Dinajpur
[90],https://en.wikipedia.org/wiki/Bangladesh#cite_note-92
monsoon,https://en.wikipedia.org/wiki/Monsoon
floods,https://en.wikipedia.org/wiki/Floods_in_Bangladesh
tropical cyclones,https://en.wikipedia.org/wiki/Tropical_cyclone
tornadoes,https://en.wikipedia.org/wiki/Tornado
tidal bores,https://en.wikipedia.org/wiki/Tidal_bore
[91],https://en.wikipedia.org/wiki/Bangladesh#cite_note-NatDis-93
deforestation,https://en.wikipedia.org/wiki/Deforestation
soil degradation,https://en.wikipedia.org/wiki/Soils_retrogression_and_degradation
erosion,https://en.wikipedia.org/wiki/Erosion
cyclones,https://en.wikipedia.org/wiki/List_of_Bangladesh_tropical_cyclones
latter,https://en.wikipedia.org/wiki/1991_Bangladesh_cyclone
[92],https://en.wikipedia.org/wiki/Bangladesh#cite_note-94
most severe flooding,https://en.wikipedia.org/wiki/1998_Bangladesh_floods
[93],https://en.wikipedia.org/wiki/Bangladesh#cite_note-EWG-95
[94],https://en.wikipedia.org/wiki/Bangladesh#cite_note-96
2007 South Asian floods,https://en.wikipedia.org/wiki/2007_South_Asian_floods
[95],https://en.wikipedia.org/wiki/Bangladesh#cite_note-97
,https://en.wikipedia.org/wiki/File:Flooding_after_1991_cyclone.jpg
1991 Bangladesh cyclone,https://en.wikipedia.org/wiki/1991_Bangladesh_cyclone
Climate change in Bangladesh,https://en.wikipedia.org/wiki/Climate_change_in_Bangladesh
vulnerable to climate change,https://en.wikipedia.org/wiki/Climate_change_vulnerability
[96],https://en.wikipedia.org/wiki/Bangladesh#cite_note-98
[97],https://en.wikipedia.org/wiki/Bangladesh#cite_note-99
[98],https://en.wikipedia.org/wiki/Bangladesh#cite_note-100
Natural hazards,https://en.wikipedia.org/wiki/Natural_hazards
[99],https://en.wikipedia.org/wiki/Bangladesh#cite_note-101
[100],https://en.wikipedia.org/wiki/Bangladesh#cite_note-102
sea level rise,https://en.wikipedia.org/wiki/Sea_level_rise
Bangladesh Delta Plan 2100,https://en.wikipedia.org/wiki/Bangladesh_Delta_Plan_2100
[101],https://en.wikipedia.org/wiki/Bangladesh#cite_note-103
[102],https://en.wikipedia.org/wiki/Bangladesh#cite_note-104
Fauna of Bangladesh,https://en.wikipedia.org/wiki/Fauna_of_Bangladesh
,https://en.wikipedia.org/wiki/File:Bengal_Tiger_gets_down_in_a_shallow_canal_in_Sundarban.jpg
Bengal tiger,https://en.wikipedia.org/wiki/Bengal_tiger
Indomalayan realm,https://en.wikipedia.org/wiki/Indomalayan_realm
Lower Gangetic Plains moist deciduous forests,https://en.wikipedia.org/wiki/Lower_Gangetic_Plains_moist_deciduous_forests
Mizoram–Manipur–Kachin rain forests,https://en.wikipedia.org/wiki/Mizoram%E2%80%93Manipur%E2%80%93Kachin_rain_forests
Sundarbans freshwater swamp forests,https://en.wikipedia.org/wiki/Sundarbans_freshwater_swamp_forests
Sundarbans mangroves,https://en.wikipedia.org/wiki/Sundarbans_mangroves
[103],https://en.wikipedia.org/wiki/Bangladesh#cite_note-DinersteinOlson2017-105
rivers and tributaries,https://en.wikipedia.org/wiki/List_of_rivers_in_Bangladesh
wetlands,https://en.wikipedia.org/wiki/Wetland
deciduous forests,https://en.wikipedia.org/wiki/Deciduous_forest
alluvial,https://en.wikipedia.org/wiki/Alluvial
mango,https://en.wikipedia.org/wiki/Mango
jackfruit,https://en.wikipedia.org/wiki/Jackfruit
bamboo,https://en.wikipedia.org/wiki/Bamboo
betel nut,https://en.wikipedia.org/wiki/Betel_nut
coconut,https://en.wikipedia.org/wiki/Coconut
date palm,https://en.wikipedia.org/wiki/Date_palm
[104],https://en.wikipedia.org/wiki/Bangladesh#cite_note-global.britannica.com-106
[105],https://en.wikipedia.org/wiki/Bangladesh#cite_note-107
Water lilies,https://en.wikipedia.org/wiki/Nymphaeaceae
lotuses,https://en.wikipedia.org/wiki/Nelumbo_nucifera
60 wildlife sanctuaries,https://en.wikipedia.org/wiki/List_of_protected_areas_of_Bangladesh
[106],https://en.wikipedia.org/wiki/Bangladesh#cite_note-108
Sundarbans,https://en.wikipedia.org/wiki/Sundarbans
mangrove forest,https://en.wikipedia.org/wiki/Mangrove_forest
South,https://en.wikipedia.org/wiki/Sundarbans_South_Wildlife_Sanctuary
East,https://en.wikipedia.org/wiki/Sundarbans_East_Wildlife_Sanctuary
West,https://en.wikipedia.org/wiki/Sundarbans_West_Wildlife_Sanctuary
[107],https://en.wikipedia.org/wiki/Bangladesh#cite_note-109
tropical and subtropical coniferous forests,https://en.wikipedia.org/wiki/Tropical_and_subtropical_coniferous_forests
freshwater swamp forest,https://en.wikipedia.org/wiki/Freshwater_swamp_forest
Tangail,https://en.wikipedia.org/wiki/Tangail
Mymensingh,https://en.wikipedia.org/wiki/Mymensingh
[108],https://en.wikipedia.org/wiki/Bangladesh#cite_note-110
St. Martin's Island,https://en.wikipedia.org/wiki/St._Martin%27s_Island
coral reef,https://en.wikipedia.org/wiki/Coral_reef
[109],https://en.wikipedia.org/wiki/Bangladesh#cite_note-111
wildlife,https://en.wikipedia.org/wiki/Wildlife_in_Bangladesh
[104],https://en.wikipedia.org/wiki/Bangladesh#cite_note-global.britannica.com-106
[110],https://en.wikipedia.org/wiki/Bangladesh#cite_note-112
Bengal tiger,https://en.wikipedia.org/wiki/Bengal_tiger
clouded leopard,https://en.wikipedia.org/wiki/Clouded_leopard
saltwater crocodile,https://en.wikipedia.org/wiki/Saltwater_crocodile
black panther,https://en.wikipedia.org/wiki/Black_panther
fishing cat,https://en.wikipedia.org/wiki/Fishing_cat
[111],https://en.wikipedia.org/wiki/Bangladesh#cite_note-113
Asian elephant,https://en.wikipedia.org/wiki/Asian_elephant
hoolock gibbon,https://en.wikipedia.org/wiki/Hoolock_gibbon
Asian black bear,https://en.wikipedia.org/wiki/Asian_black_bear
oriental pied hornbill,https://en.wikipedia.org/wiki/Oriental_pied_hornbill
[112],https://en.wikipedia.org/wiki/Bangladesh#cite_note-bearprojectbd.weebly.com-114
chital,https://en.wikipedia.org/wiki/Chital
black giant squirrel,https://en.wikipedia.org/wiki/Black_giant_squirrel
capped langur,https://en.wikipedia.org/wiki/Capped_langur
Bengal fox,https://en.wikipedia.org/wiki/Bengal_fox
sambar deer,https://en.wikipedia.org/wiki/Sambar_deer
jungle cat,https://en.wikipedia.org/wiki/Jungle_cat
king cobra,https://en.wikipedia.org/wiki/King_cobra
wild boar,https://en.wikipedia.org/wiki/Wild_boar
mongooses,https://en.wikipedia.org/wiki/Mongoose
pangolins,https://en.wikipedia.org/wiki/Pangolin
pythons,https://en.wikipedia.org/wiki/Python_(genus)
water monitors,https://en.wikipedia.org/wiki/Asian_water_monitor
Irrawaddy,https://en.wikipedia.org/wiki/Irrawaddy_dolphins
Ganges dolphins,https://en.wikipedia.org/wiki/South_Asian_river_dolphin
[113],https://en.wikipedia.org/wiki/Bangladesh#cite_note-115
amphibians,https://en.wikipedia.org/wiki/Amphibian
marine reptiles,https://en.wikipedia.org/wiki/Marine_reptile
marine mammals,https://en.wikipedia.org/wiki/Marine_mammal
628 species of birds,https://en.wikipedia.org/wiki/List_of_birds_of_Bangladesh
[114],https://en.wikipedia.org/wiki/Bangladesh#cite_note-116
rhinoceros,https://en.wikipedia.org/wiki/Rhinoceros
peafowl,https://en.wikipedia.org/wiki/Peafowl
Dhaleshwari River,https://en.wikipedia.org/wiki/Dhaleshwari_River
ecocides,https://en.wikipedia.org/wiki/Ecocide
[115],https://en.wikipedia.org/wiki/Bangladesh#cite_note-117
[116],https://en.wikipedia.org/wiki/Bangladesh#cite_note-118
Bangladesh Environment Conservation Act,https://en.wikipedia.org/wiki/Bangladesh_Environment_Conservation_Act
Ecologically Critical Areas,https://en.wikipedia.org/wiki/Ecologically_Critical_Area
Sundarbans tiger project,https://en.wikipedia.org/wiki/Sundarbans_tiger_project
[112],https://en.wikipedia.org/wiki/Bangladesh#cite_note-bearprojectbd.weebly.com-114
Convention on Biological Diversity,https://en.wikipedia.org/wiki/Convention_on_Biological_Diversity
[117],https://en.wikipedia.org/wiki/Bangladesh#cite_note-cbd.int-119
[update],https://en.wikipedia.org/w/index.php?title=Bangladesh&action=edit
National Biodiversity Strategy and Action Plan,https://en.wikipedia.org/wiki/Biodiversity_action_plan
[117],https://en.wikipedia.org/wiki/Bangladesh#cite_note-cbd.int-119
Government of Bangladesh,https://en.wikipedia.org/wiki/Government_of_Bangladesh
Politics of Bangladesh,https://en.wikipedia.org/wiki/Politics_of_Bangladesh
List of People's Republic of Bangladesh governments,https://en.wikipedia.org/wiki/List_of_People%27s_Republic_of_Bangladesh_governments
,https://en.wikipedia.org/wiki/File:Mohammed_Shahabuddin_official_portrait.jpg
Mohammed Shahabuddin,https://en.wikipedia.org/wiki/Mohammed_Shahabuddin
President,https://en.wikipedia.org/wiki/President_of_Bangladesh
,"https://en.wikipedia.org/wiki/File:Tarique_Rahman_at_meeting_on_Farmer_cards,_Cabinet_Division,_Secretariat,_Dhaka,_2026-02-23_(cropped).jpg"
Tarique Rahman,https://en.wikipedia.org/wiki/Tarique_Rahman
Prime Minister,https://en.wikipedia.org/wiki/Prime_Minister_of_Bangladesh
,https://en.wikipedia.org/wiki/File:National_Assembly_of_Bangladesh_(10).jpg
National Parliament,https://en.wikipedia.org/wiki/Jatiya_Sangsad_Bhaban
Sher-e-Bangla Nagar,https://en.wikipedia.org/wiki/Sher-e-Bangla_Nagar
Prime Minister of Bengal,https://en.wikipedia.org/wiki/Prime_Minister_of_Bengal
,https://en.wikipedia.org/wiki/File:Bangabhaban.jpg
Bangabhaban,https://en.wikipedia.org/wiki/Bangabhaban
presidential palace,https://en.wikipedia.org/wiki/Presidential_palace
Viceroy of India,https://en.wikipedia.org/wiki/Viceroy_of_India
Governor of Bengal,https://en.wikipedia.org/wiki/List_of_governors_of_Bengal_Presidency
constitution,https://en.wikipedia.org/wiki/Constitution_of_Bangladesh
unitary state,https://en.wikipedia.org/wiki/Unitary_state
[118],https://en.wikipedia.org/wiki/Bangladesh#cite_note-gov2-120
de jure,https://en.wikipedia.org/wiki/De_jure
representative democracy,https://en.wikipedia.org/wiki/Representative_democracy
Westminster,https://en.wikipedia.org/wiki/Westminster_system
parliamentary system,https://en.wikipedia.org/wiki/Parliamentary_republic
[57],https://en.wikipedia.org/wiki/Bangladesh#cite_note-gov0-59
universal suffrage,https://en.wikipedia.org/wiki/Universal_suffrage
[119],https://en.wikipedia.org/wiki/Bangladesh#cite_note-gov-121
government,https://en.wikipedia.org/wiki/Government_of_Bangladesh
judiciary,https://en.wikipedia.org/wiki/Judiciary_of_Bangladesh
checks and balances,https://en.wikipedia.org/wiki/Separation_of_powers
[118],https://en.wikipedia.org/wiki/Bangladesh#cite_note-gov2-120
Awami League,https://en.wikipedia.org/wiki/Awami_League
Bangladesh Nationalist Party,https://en.wikipedia.org/wiki/Bangladesh_Nationalist_Party
political parties in Bangladesh,https://en.wikipedia.org/wiki/List_of_political_parties_in_Bangladesh
[57],https://en.wikipedia.org/wiki/Bangladesh#cite_note-gov0-59
[118],https://en.wikipedia.org/wiki/Bangladesh#cite_note-gov2-120
Prime Minister,https://en.wikipedia.org/wiki/Prime_Minister_of_Bangladesh
head of government,https://en.wikipedia.org/wiki/Head_of_government
cabinet,https://en.wikipedia.org/wiki/Cabinet_of_Bangladesh
[118],https://en.wikipedia.org/wiki/Bangladesh#cite_note-gov2-120
[118],https://en.wikipedia.org/wiki/Bangladesh#cite_note-gov2-120
Civil Service,https://en.wikipedia.org/wiki/Bangladesh_Civil_Service
[118],https://en.wikipedia.org/wiki/Bangladesh#cite_note-gov2-120
[118],https://en.wikipedia.org/wiki/Bangladesh#cite_note-gov2-120
President,https://en.wikipedia.org/wiki/President_of_Bangladesh
head of state,https://en.wikipedia.org/wiki/Head_of_state
[118],https://en.wikipedia.org/wiki/Bangladesh#cite_note-gov2-120
Armed Forces,https://en.wikipedia.org/wiki/Bangladesh_Armed_Forces
[120],https://en.wikipedia.org/wiki/Bangladesh#cite_note-122
chancellor,https://en.wikipedia.org/wiki/Chancellor
[121],https://en.wikipedia.org/wiki/Bangladesh#cite_note-123
Jatiya Sangsad,https://en.wikipedia.org/wiki/Jatiya_Sangsad
[122],https://en.wikipedia.org/wiki/Bangladesh#cite_note-parliament-124
[118],https://en.wikipedia.org/wiki/Bangladesh#cite_note-gov2-120
unicameral,https://en.wikipedia.org/wiki/Unicameral
first past the post,https://en.wikipedia.org/wiki/First_past_the_post
women's empowerment,https://en.wikipedia.org/wiki/Women%27s_empowerment
[122],https://en.wikipedia.org/wiki/Bangladesh#cite_note-parliament-124
[123],https://en.wikipedia.org/wiki/Bangladesh#cite_note-125
Article 70 of the Constitution of Bangladesh,https://en.wikipedia.org/wiki/Article_70_of_the_Constitution_of_Bangladesh
[124],https://en.wikipedia.org/wiki/Bangladesh#cite_note-126
Speaker,https://en.wikipedia.org/wiki/Speaker_of_the_Jatiya_Sangsad
[125],https://en.wikipedia.org/wiki/Bangladesh#cite_note-127
[118],https://en.wikipedia.org/wiki/Bangladesh#cite_note-gov2-120
Supreme Court,https://en.wikipedia.org/wiki/Supreme_Court_of_Bangladesh
Appellate Division,"https://en.wikipedia.org/wiki/Appellate_Division,_Supreme_Court_of_Bangladesh"
High Court Division,"https://en.wikipedia.org/wiki/High_Court_Division,_Supreme_Court_of_Bangladesh"
[126],https://en.wikipedia.org/wiki/Bangladesh#cite_note-court-128
[118],https://en.wikipedia.org/wiki/Bangladesh#cite_note-gov2-120
Chief Justice,https://en.wikipedia.org/wiki/Chief_Justice_of_Bangladesh
[126],https://en.wikipedia.org/wiki/Bangladesh#cite_note-court-128
[118],https://en.wikipedia.org/wiki/Bangladesh#cite_note-gov2-120
judicial review,https://en.wikipedia.org/wiki/Judicial_review_in_Bangladesh
precedent,https://en.wikipedia.org/wiki/Precedent
[127],https://en.wikipedia.org/wiki/Bangladesh#cite_note-129
[128],https://en.wikipedia.org/wiki/Bangladesh#cite_note-130
International IDEA,https://en.wikipedia.org/wiki/International_Institute_for_Democracy_and_Electoral_Assistance
[129],https://en.wikipedia.org/wiki/Bangladesh#cite_note-131
[130],https://en.wikipedia.org/wiki/Bangladesh#cite_note-132
[131],https://en.wikipedia.org/wiki/Bangladesh#cite_note-133
Administrative geography of Bangladesh,https://en.wikipedia.org/wiki/Administrative_geography_of_Bangladesh
Divisions of Bangladesh,https://en.wikipedia.org/wiki/Divisions_of_Bangladesh
Districts of Bangladesh,https://en.wikipedia.org/wiki/Districts_of_Bangladesh
Upazilas of Bangladesh,https://en.wikipedia.org/wiki/Upazilas_of_Bangladesh
[132],https://en.wikipedia.org/wiki/Bangladesh#cite_note-134
[87],https://en.wikipedia.org/wiki/Bangladesh#cite_note-CIA-89
[133],https://en.wikipedia.org/wiki/Bangladesh#cite_note-135
Barisal,https://en.wikipedia.org/wiki/Barisal_Division
[134],https://en.wikipedia.org/wiki/Bangladesh#cite_note-namechange-136
Chittagong,https://en.wikipedia.org/wiki/Chittagong_Division
[134],https://en.wikipedia.org/wiki/Bangladesh#cite_note-namechange-136
Dhaka,https://en.wikipedia.org/wiki/Dhaka_Division
Khulna,https://en.wikipedia.org/wiki/Khulna_Division
Mymensingh,https://en.wikipedia.org/wiki/Mymensingh_Division
Rajshahi,https://en.wikipedia.org/wiki/Rajshahi_Division
Rangpur,https://en.wikipedia.org/wiki/Rangpur_Division
Sylhet,https://en.wikipedia.org/wiki/Sylhet_Division
unions,https://en.wikipedia.org/wiki/Union_Councils_of_Bangladesh
[135],https://en.wikipedia.org/wiki/Bangladesh#cite_note-137
Division,https://en.wikipedia.org/wiki/Divisions_of_Bangladesh
[136],https://en.wikipedia.org/wiki/Bangladesh#cite_note-138
[137],https://en.wikipedia.org/wiki/Bangladesh#cite_note-139
Barisal Division,https://en.wikipedia.org/wiki/Barisal_Division
Barisal,https://en.wikipedia.org/wiki/Barisal
Chittagong Division,https://en.wikipedia.org/wiki/Chittagong_Division
Chittagong,https://en.wikipedia.org/wiki/Chittagong
Dhaka Division,https://en.wikipedia.org/wiki/Dhaka_Division
Dhaka,https://en.wikipedia.org/wiki/Dhaka
Khulna Division,https://en.wikipedia.org/wiki/Khulna_Division
Khulna,https://en.wikipedia.org/wiki/Khulna
Mymensingh Division,https://en.wikipedia.org/wiki/Mymensingh_Division
Mymensingh,https://en.wikipedia.org/wiki/Mymensingh
Rajshahi Division,https://en.wikipedia.org/wiki/Rajshahi_Division
Rajshahi,https://en.wikipedia.org/wiki/Rajshahi
Rangpur Division,https://en.wikipedia.org/wiki/Rangpur_Division
Rangpur,"https://en.wikipedia.org/wiki/Rangpur,_Bangladesh"
Sylhet Division,https://en.wikipedia.org/wiki/Sylhet_Division
Sylhet,https://en.wikipedia.org/wiki/Sylhet
Foreign relations of Bangladesh,https://en.wikipedia.org/wiki/Foreign_relations_of_Bangladesh
,https://en.wikipedia.org/wiki/File:Diplomatic_relations_of_Bangladesh.svg
middle power,https://en.wikipedia.org/wiki/Middle_power
global politics,https://en.wikipedia.org/wiki/Global_politics
[138],https://en.wikipedia.org/wiki/Bangladesh#cite_note-140
Indo-Pacific,https://en.wikipedia.org/wiki/Indo-Pacific
[139],https://en.wikipedia.org/wiki/Bangladesh#cite_note-141
[140],https://en.wikipedia.org/wiki/Bangladesh#cite_note-142
Commonwealth of Nations,https://en.wikipedia.org/wiki/Commonwealth_of_Nations
[141],https://en.wikipedia.org/wiki/Bangladesh#cite_note-143
[142],https://en.wikipedia.org/wiki/Bangladesh#cite_note-144
[143],https://en.wikipedia.org/wiki/Bangladesh#cite_note-145
SAARC,https://en.wikipedia.org/wiki/South_Asian_Association_for_Regional_Cooperation
Indian subcontinent,https://en.wikipedia.org/wiki/Indian_subcontinent
[144],https://en.wikipedia.org/wiki/Bangladesh#cite_note-146
OIC,https://en.wikipedia.org/wiki/Organisation_of_Islamic_Cooperation
[145],https://en.wikipedia.org/wiki/Bangladesh#cite_note-147
Developing-8,https://en.wikipedia.org/wiki/D-8_Organization_for_Economic_Cooperation
[146],https://en.wikipedia.org/wiki/Bangladesh#cite_note-148
World Bank,https://en.wikipedia.org/wiki/World_Bank
[147],https://en.wikipedia.org/wiki/Bangladesh#cite_note-149
attempting,https://en.wikipedia.org/wiki/Accession_of_Bangladesh_to_ASEAN
ASEAN,https://en.wikipedia.org/wiki/ASEAN
[148],https://en.wikipedia.org/wiki/Bangladesh#cite_note-:5-150
[149],https://en.wikipedia.org/wiki/Bangladesh#cite_note-151
[150],https://en.wikipedia.org/wiki/Bangladesh#cite_note-152
BIMSTEC,https://en.wikipedia.org/wiki/BIMSTEC
countries dependent on the Bay of Bengal,https://en.wikipedia.org/wiki/Countries_dependent_on_the_Bay_of_Bengal
Relations,https://en.wikipedia.org/wiki/Bangladesh%E2%80%93Myanmar_relations
Rohingya refugees,https://en.wikipedia.org/wiki/Rohingya_refugees_in_Bangladesh
[151],https://en.wikipedia.org/wiki/Bangladesh#cite_note-RohingyaHRW-153
international criticism,https://en.wikipedia.org/wiki/International_reaction_to_the_2016%E2%80%9317_Rohingya_exodus
right of return,https://en.wikipedia.org/wiki/Right_of_return
Arakan,https://en.wikipedia.org/wiki/Arakan
[152],https://en.wikipedia.org/wiki/Bangladesh#cite_note-154
[153],https://en.wikipedia.org/wiki/Bangladesh#cite_note-155
bilateral and economic relationship,https://en.wikipedia.org/wiki/Bangladesh%E2%80%93India_relations
[154],https://en.wikipedia.org/wiki/Bangladesh#cite_note-156
water politics,https://en.wikipedia.org/wiki/Water_politics_in_India
Ganges,https://en.wikipedia.org/wiki/Ganges_water_dispute
Teesta,https://en.wikipedia.org/wiki/Teesta_River#Water_sharing_challenge
[155],https://en.wikipedia.org/wiki/Bangladesh#cite_note-157
[156],https://en.wikipedia.org/wiki/Bangladesh#cite_note-158
[157],https://en.wikipedia.org/wiki/Bangladesh#cite_note-159
border killings of Bangladeshi civilians,https://en.wikipedia.org/wiki/Deaths_along_the_Bangladesh%E2%80%93India_border
[158],https://en.wikipedia.org/wiki/Bangladesh#cite_note-160
[159],https://en.wikipedia.org/wiki/Bangladesh#cite_note-161
Bangladesh genocide,https://en.wikipedia.org/wiki/Bangladesh_genocide
[160],https://en.wikipedia.org/wiki/Bangladesh#cite_note-162
warm relationship,https://en.wikipedia.org/wiki/Bangladesh-China_relations
[161],https://en.wikipedia.org/wiki/Bangladesh#cite_note-163
strategic and economic partnership,https://en.wikipedia.org/wiki/Bangladesh%E2%80%93Japan_relations
[162],https://en.wikipedia.org/wiki/Bangladesh#cite_note-164
[163],https://en.wikipedia.org/wiki/Bangladesh#cite_note-165
[164],https://en.wikipedia.org/wiki/Bangladesh#cite_note-166
Bangladeshi workers,https://en.wikipedia.org/wiki/Bangladeshis_in_the_Middle_East
[165],https://en.wikipedia.org/wiki/Bangladesh#cite_note-167
global climate,https://en.wikipedia.org/wiki/Climate_change
Climate Vulnerable Forum,https://en.wikipedia.org/wiki/Climate_Vulnerable_Forum
[166],https://en.wikipedia.org/wiki/Bangladesh#cite_note-168
Bangladesh Armed Forces,https://en.wikipedia.org/wiki/Bangladesh_Armed_Forces
,https://en.wikipedia.org/wiki/File:Bangladeshi_soldiers_on_a_BTR-80_APC.jpg
BTR-80,https://en.wikipedia.org/wiki/BTR-80
,https://en.wikipedia.org/wiki/File:BNS_Bongobondhu2.jpg
Frigate,https://en.wikipedia.org/wiki/Frigate
BNS Khalid Bin Walid,https://en.wikipedia.org/wiki/BNS_Khalid_Bin_Walid
,https://en.wikipedia.org/wiki/File:Mikoyan_MiG-29-Chengdu_F-7.jpg
Bangladesh Armed Forces,https://en.wikipedia.org/wiki/Bangladesh_Armed_Forces
British military,https://en.wikipedia.org/wiki/British_military
British Indian Army,https://en.wikipedia.org/wiki/British_Indian_Army
[167],https://en.wikipedia.org/wiki/Bangladesh#cite_note-169
Bangladesh Armed Forces,https://en.wikipedia.org/wiki/Bangladesh_Armed_Forces
[168],https://en.wikipedia.org/wiki/Bangladesh#cite_note-IISS-170
[169],https://en.wikipedia.org/wiki/Bangladesh#cite_note-171
UN peacekeeping forces,https://en.wikipedia.org/wiki/United_Nations_peacekeeping
[170],https://en.wikipedia.org/wiki/Bangladesh#cite_note-172
military budget of Bangladesh,https://en.wikipedia.org/wiki/Military_budget_of_Bangladesh
[171],https://en.wikipedia.org/wiki/Bangladesh#cite_note-173
[172],https://en.wikipedia.org/wiki/Bangladesh#cite_note-174
Bangladesh Navy,https://en.wikipedia.org/wiki/Bangladesh_Navy
fleet,https://en.wikipedia.org/wiki/List_of_active_ships_of_the_Bangladesh_Navy
Bangladesh Air Force,https://en.wikipedia.org/wiki/Bangladesh_Air_Force
small fleet,https://en.wikipedia.org/wiki/List_of_active_Bangladesh_military_aircraft
[173],https://en.wikipedia.org/wiki/Bangladesh#cite_note-175
counter-terrorism,https://en.wikipedia.org/wiki/Counter-terrorism
northeast India,https://en.wikipedia.org/wiki/Northeast_India
[174],https://en.wikipedia.org/wiki/Bangladesh#cite_note-176
[175],https://en.wikipedia.org/wiki/Bangladesh#cite_note-177
[176],https://en.wikipedia.org/wiki/Bangladesh#cite_note-178
[177],https://en.wikipedia.org/wiki/Bangladesh#cite_note-179
Status of forces agreement,https://en.wikipedia.org/wiki/Status_of_forces_agreement
Acquisition and Cross-Servicing Agreement,https://en.wikipedia.org/wiki/Acquisition_and_Cross-Servicing_Agreement
[178],https://en.wikipedia.org/wiki/Bangladesh#cite_note-180
[179],https://en.wikipedia.org/wiki/Bangladesh#cite_note-181
[180],https://en.wikipedia.org/wiki/Bangladesh#cite_note-182
Treaty on the Prohibition of Nuclear Weapons,https://en.wikipedia.org/wiki/Treaty_on_the_Prohibition_of_Nuclear_Weapons
[181],https://en.wikipedia.org/wiki/Bangladesh#cite_note-183
List of non-governmental organisations in Bangladesh,https://en.wikipedia.org/wiki/List_of_non-governmental_organisations_in_Bangladesh
civil society,https://en.wikipedia.org/wiki/Civil_society
non-governmental organisations,https://en.wikipedia.org/wiki/Non-governmental_organisations
chambers of commerce,https://en.wikipedia.org/wiki/Chamber_of_commerce
[182],https://en.wikipedia.org/wiki/Bangladesh#cite_note-184
National Human Rights Commission of Bangladesh,https://en.wikipedia.org/wiki/National_Human_Rights_Commission_of_Bangladesh
Centre for Law and Mediation,https://en.wikipedia.org/wiki/Centre_for_Law_and_Mediation_(Bangladesh)
Odhikar,https://en.wikipedia.org/wiki/Odhikar
Alliance for Bangladesh Worker Safety,https://en.wikipedia.org/wiki/Alliance_for_Bangladesh_Worker_Safety
Bangladesh Environmental Lawyers Association,https://en.wikipedia.org/wiki/Bangladesh_Environmental_Lawyers_Association
Bangladesh Hindu Buddhist Christian Unity Council,https://en.wikipedia.org/wiki/Bangladesh_Hindu_Buddhist_Christian_Unity_Council
War Crimes Fact Finding Committee,https://en.wikipedia.org/wiki/War_Crimes_Fact_Finding_Committee
BRAC,https://en.wikipedia.org/wiki/BRAC_(organisation)
[183],https://en.wikipedia.org/wiki/Bangladesh#cite_note-185
[184],https://en.wikipedia.org/wiki/Bangladesh#cite_note-186
[185],https://en.wikipedia.org/wiki/Bangladesh#cite_note-187
Human rights in Bangladesh,https://en.wikipedia.org/wiki/Human_rights_in_Bangladesh
,https://en.wikipedia.org/wiki/File:R.A.B.jpg
Rapid Action Battalion,https://en.wikipedia.org/wiki/Rapid_Action_Battalion
extrajudicial killings,https://en.wikipedia.org/wiki/Extrajudicial_killing
enforced disappearances,https://en.wikipedia.org/wiki/Enforced_disappearance
United States Department of the Treasury,https://en.wikipedia.org/wiki/United_States_Department_of_the_Treasury
[186],https://en.wikipedia.org/wiki/Bangladesh#cite_note-188
Torture,https://en.wikipedia.org/wiki/Torture
Constitution of Bangladesh,https://en.wikipedia.org/wiki/Constitution_of_Bangladesh
[187],https://en.wikipedia.org/wiki/Bangladesh#cite_note-189
Convention against Torture,https://en.wikipedia.org/wiki/Convention_against_Torture
Torture and Custodial Death (Prevention) Act,https://en.wikipedia.org/wiki/Torture_and_Custodial_Death_(Prevention)_Act
[188],https://en.wikipedia.org/wiki/Bangladesh#cite_note-190
Prisoners of Conscience,https://en.wikipedia.org/wiki/Prisoner_of_conscience
Saber Hossain Chowdhury,https://en.wikipedia.org/wiki/Saber_Hossain_Chowdhury
Shahidul Alam,https://en.wikipedia.org/wiki/Shahidul_Alam
[189],https://en.wikipedia.org/wiki/Bangladesh#cite_note-191
[190],https://en.wikipedia.org/wiki/Bangladesh#cite_note-192
Digital Security Act,https://en.wikipedia.org/wiki/Digital_Security_Act
[191],https://en.wikipedia.org/wiki/Bangladesh#cite_note-193
International Press Institute,https://en.wikipedia.org/wiki/International_Press_Institute
[192],https://en.wikipedia.org/wiki/Bangladesh#cite_note-194
International Human Rights Day,https://en.wikipedia.org/wiki/International_Human_Rights_Day
United States Department of the Treasury,https://en.wikipedia.org/wiki/United_States_Department_of_the_Treasury
sanctions,https://en.wikipedia.org/wiki/Economic_sanctions
Rapid Action Battalion,https://en.wikipedia.org/wiki/Rapid_Action_Battalion
[193],https://en.wikipedia.org/wiki/Bangladesh#cite_note-195
Freedom House,https://en.wikipedia.org/wiki/Freedom_House
[194],https://en.wikipedia.org/wiki/Bangladesh#cite_note-196
Freedom in the World,https://en.wikipedia.org/wiki/Freedom_in_the_World
[195],https://en.wikipedia.org/wiki/Bangladesh#cite_note-197
press freedom,https://en.wikipedia.org/wiki/Press_freedom
[196],https://en.wikipedia.org/wiki/Bangladesh#cite_note-198
Economist Intelligence Unit,https://en.wikipedia.org/wiki/Economist_Intelligence_Unit
hybrid regime,https://en.wikipedia.org/wiki/Hybrid_regime
Democracy Index,https://en.wikipedia.org/wiki/Democracy_Index
[197],https://en.wikipedia.org/wiki/Bangladesh#cite_note-199
Global Peace Index,https://en.wikipedia.org/wiki/Global_Peace_Index
[198],https://en.wikipedia.org/wiki/Bangladesh#cite_note-200
[199],https://en.wikipedia.org/wiki/Bangladesh#cite_note-201
LGBT rights,https://en.wikipedia.org/wiki/LGBT_rights_in_Bangladesh
[200],https://en.wikipedia.org/wiki/Bangladesh#cite_note-202
Section 377,https://en.wikipedia.org/wiki/Section_377
Penal Code of Bangladesh,https://en.wikipedia.org/wiki/Penal_Code_of_Bangladesh
[201],https://en.wikipedia.org/wiki/Bangladesh#cite_note-203
[202],https://en.wikipedia.org/wiki/Bangladesh#cite_note-204
transgender,https://en.wikipedia.org/wiki/Transgender
intersex,https://en.wikipedia.org/wiki/Intersex
Hijra,https://en.wikipedia.org/wiki/Hijra_(South_Asia)
[203],https://en.wikipedia.org/wiki/Bangladesh#cite_note-205
[204],https://en.wikipedia.org/wiki/Bangladesh#cite_note-206
[update],https://en.wikipedia.org/w/index.php?title=Bangladesh&action=edit
[205],https://en.wikipedia.org/wiki/Bangladesh#cite_note-207
Corruption in Bangladesh,https://en.wikipedia.org/wiki/Corruption_in_Bangladesh
institutional corruption,https://en.wikipedia.org/wiki/Institutional_corruption
Transparency International,https://en.wikipedia.org/wiki/Transparency_International
Corruption Perceptions Index,https://en.wikipedia.org/wiki/Corruption_Perceptions_Index
[206],https://en.wikipedia.org/wiki/Bangladesh#cite_note-208
[207],https://en.wikipedia.org/wiki/Bangladesh#cite_note-209
[208],https://en.wikipedia.org/wiki/Bangladesh#cite_note-210
[209],https://en.wikipedia.org/wiki/Bangladesh#cite_note-211
[210],https://en.wikipedia.org/wiki/Bangladesh#cite_note-212
Anti Corruption Commission,https://en.wikipedia.org/wiki/Anti_Corruption_Commission_Bangladesh
2006–08 Bangladeshi political crisis,https://en.wikipedia.org/wiki/2006%E2%80%9308_Bangladeshi_political_crisis
graft,https://en.wikipedia.org/wiki/Graft_(politics)
[211],https://en.wikipedia.org/wiki/Bangladesh#cite_note-213
[212],https://en.wikipedia.org/wiki/Bangladesh#cite_note-214
[213],https://en.wikipedia.org/wiki/Bangladesh#cite_note-215
Economy of Bangladesh,https://en.wikipedia.org/wiki/Economy_of_Bangladesh
List of companies of Bangladesh,https://en.wikipedia.org/wiki/List_of_companies_of_Bangladesh
,https://en.wikipedia.org/wiki/File:Dhaka_April_(33244268934).jpg
Motijheel,https://en.wikipedia.org/wiki/Motijheel_Thana
commercial district,https://en.wikipedia.org/wiki/Central_business_district
,https://en.wikipedia.org/wiki/File:The_padma_bridge_04.jpg
Padma Bridge,https://en.wikipedia.org/wiki/Padma_Bridge
road-rail bridge,https://en.wikipedia.org/wiki/List_of_road%E2%80%93rail_bridges
Padma River,https://en.wikipedia.org/wiki/Padma_River
lower-middle,https://en.wikipedia.org/wiki/List_of_countries_by_GNI_(nominal)_per_capita#Lower-middle-income_group
mixed-market economy,https://en.wikipedia.org/wiki/Mixed_economy
[214],https://en.wikipedia.org/wiki/Bangladesh#cite_note-216
[215],https://en.wikipedia.org/wiki/Bangladesh#cite_note-217
36th-largest economy,https://en.wikipedia.org/wiki/List_of_countries_by_GDP_(nominal)
24th-largest,https://en.wikipedia.org/wiki/List_of_countries_by_GDP_(PPP)
PPP,https://en.wikipedia.org/wiki/Purchasing_power_parity
labour force,https://en.wikipedia.org/wiki/Labour_force
[216],https://en.wikipedia.org/wiki/Bangladesh#cite_note-218
seventh-largest,https://en.wikipedia.org/wiki/List_of_countries_by_labour_force
[update],https://en.wikipedia.org/w/index.php?title=Bangladesh&action=edit
[217],https://en.wikipedia.org/wiki/Bangladesh#cite_note-219
foreign exchange reserves,https://en.wikipedia.org/wiki/Foreign_exchange_reserves
[218],https://en.wikipedia.org/wiki/Bangladesh#cite_note-220
second-highest in South Asia,https://en.wikipedia.org/wiki/List_of_countries_by_foreign_exchange_reserves
large diaspora,https://en.wikipedia.org/wiki/Bangladeshi_diaspora
remittances,https://en.wikipedia.org/wiki/Remittance_to_Bangladesh
[219],https://en.wikipedia.org/wiki/Bangladesh#cite_note-221
Bangladeshi taka,https://en.wikipedia.org/wiki/Bangladeshi_taka
[update],https://en.wikipedia.org/w/index.php?title=Bangladesh&action=edit
agriculture sector,https://en.wikipedia.org/wiki/Agriculture_in_Bangladesh
[8],https://en.wikipedia.org/wiki/Bangladesh#cite_note-cia-8
[220],https://en.wikipedia.org/wiki/Bangladesh#cite_note-222
textile industry,https://en.wikipedia.org/wiki/Textile_industry_in_Bangladesh
[221],https://en.wikipedia.org/wiki/Bangladesh#cite_note-223
fast fashion,https://en.wikipedia.org/wiki/Fast_fashion
[222],https://en.wikipedia.org/wiki/Bangladesh#cite_note-224
jute,https://en.wikipedia.org/wiki/Jute_industry_of_Bangladesh
[223],https://en.wikipedia.org/wiki/Bangladesh#cite_note-225
rice,https://en.wikipedia.org/wiki/Rice_production_in_Bangladesh
[224],https://en.wikipedia.org/wiki/Bangladesh#cite_note-226
fish,https://en.wikipedia.org/wiki/List_of_fishes_in_Bangladesh
[225],https://en.wikipedia.org/wiki/Bangladesh#cite_note-227
tea,https://en.wikipedia.org/wiki/Tea_production_in_Bangladesh
[226],https://en.wikipedia.org/wiki/Bangladesh#cite_note-228
[227],https://en.wikipedia.org/wiki/Bangladesh#cite_note-229
shipbuilding,https://en.wikipedia.org/wiki/Shipbuilding_in_Bangladesh
pharmaceuticals,https://en.wikipedia.org/wiki/Pharmaceutical_industry_in_Bangladesh
steel,https://en.wikipedia.org/wiki/Steel_industry_in_Bangladesh
electronics,https://en.wikipedia.org/wiki/Electronics_industry_in_Bangladesh
leather goods,https://en.wikipedia.org/wiki/Leather_industry_in_Bangladesh
[228],https://en.wikipedia.org/wiki/Bangladesh#cite_note-230
largest trading partner,https://en.wikipedia.org/wiki/List_of_the_largest_trading_partners_of_Bangladesh
[229],https://en.wikipedia.org/wiki/Bangladesh#cite_note-231
[230],https://en.wikipedia.org/wiki/Bangladesh#cite_note-232
conglomerates,https://en.wikipedia.org/wiki/List_of_companies_of_Bangladesh
BEXIMCO,https://en.wikipedia.org/wiki/BEXIMCO
BRAC Bank,https://en.wikipedia.org/wiki/BRAC_Bank
BSRM,https://en.wikipedia.org/wiki/BSRM
GPH Ispat,https://en.wikipedia.org/wiki/GPH_Ispat
Grameenphone,https://en.wikipedia.org/wiki/Grameenphone
Summit Group,https://en.wikipedia.org/wiki/Summit_Group
Square Pharmaceuticals,https://en.wikipedia.org/wiki/Square_Pharmaceuticals
[231],https://en.wikipedia.org/wiki/Bangladesh#cite_note-233
Dhaka,https://en.wikipedia.org/wiki/Dhaka_Stock_Exchange
Chittagong Stock Exchanges,https://en.wikipedia.org/wiki/Chittagong_Stock_Exchange
capital markets,https://en.wikipedia.org/wiki/Capital_market
[232],https://en.wikipedia.org/wiki/Bangladesh#cite_note-234
telecommunications industry,https://en.wikipedia.org/wiki/Telecommunications_in_Bangladesh
[233],https://en.wikipedia.org/wiki/Bangladesh#cite_note-235
[234],https://en.wikipedia.org/wiki/Bangladesh#cite_note-236
[235],https://en.wikipedia.org/wiki/Bangladesh#cite_note-sadiq-237
endemic corruption,https://en.wikipedia.org/wiki/Corruption_in_Bangladesh
[236],https://en.wikipedia.org/wiki/Bangladesh#cite_note-238
[237],https://en.wikipedia.org/wiki/Bangladesh#cite_note-239
[235],https://en.wikipedia.org/wiki/Bangladesh#cite_note-sadiq-237
Global Innovation Index,https://en.wikipedia.org/wiki/Global_Innovation_Index
[238],https://en.wikipedia.org/wiki/Bangladesh#cite_note-240
Electricity sector in Bangladesh,https://en.wikipedia.org/wiki/Electricity_sector_in_Bangladesh
Energy policy of Bangladesh,https://en.wikipedia.org/wiki/Energy_policy_of_Bangladesh
Bangladesh Power Development Board,https://en.wikipedia.org/wiki/Bangladesh_Power_Development_Board
Natural gas and petroleum in Bangladesh,https://en.wikipedia.org/wiki/Natural_gas_and_petroleum_in_Bangladesh
Petrobangla,https://en.wikipedia.org/wiki/Petrobangla
,"https://en.wikipedia.org/wiki/File:Ruppur_Nuclear_Power_Plant_,_Ruppur,_Pabna.jpg"
Rooppur Nuclear Power Plant,https://en.wikipedia.org/wiki/Rooppur_Nuclear_Power_Plant
,https://en.wikipedia.org/wiki/File:Moving_Turbines!!.jpg
Kutubdia Island,https://en.wikipedia.org/wiki/Kutubdia_Island
[239],https://en.wikipedia.org/wiki/Bangladesh#cite_note-241
[240],https://en.wikipedia.org/wiki/Bangladesh#cite_note-242
green economy,https://en.wikipedia.org/wiki/Green_economy
[241],https://en.wikipedia.org/wiki/Bangladesh#cite_note-243
electric car,https://en.wikipedia.org/wiki/Electric_car
[242],https://en.wikipedia.org/wiki/Bangladesh#cite_note-244
Biogas,https://en.wikipedia.org/wiki/Biogas
[243],https://en.wikipedia.org/wiki/Bangladesh#cite_note-245
Rooppur Nuclear Power Plant,https://en.wikipedia.org/wiki/Rooppur_Nuclear_Power_Plant
Rosatom,https://en.wikipedia.org/wiki/Rosatom
nuclear power plant,https://en.wikipedia.org/wiki/Nuclear_power_plant
[244],https://en.wikipedia.org/wiki/Bangladesh#cite_note-246
[245],https://en.wikipedia.org/wiki/Bangladesh#cite_note-247
[246],https://en.wikipedia.org/wiki/Bangladesh#cite_note-248
LNG,https://en.wikipedia.org/wiki/LNG
[247],https://en.wikipedia.org/wiki/Bangladesh#cite_note-249
[248],https://en.wikipedia.org/wiki/Bangladesh#cite_note-250
[249],https://en.wikipedia.org/wiki/Bangladesh#cite_note-251
Russo-Ukrainian war,https://en.wikipedia.org/wiki/Russo-Ukrainian_war_(2022%E2%80%93present)
[250],https://en.wikipedia.org/wiki/Bangladesh#cite_note-252
spot price,https://en.wikipedia.org/wiki/Spot_price
[251],https://en.wikipedia.org/wiki/Bangladesh#cite_note-253
[252],https://en.wikipedia.org/wiki/Bangladesh#cite_note-254
government-owned companies in Bangladesh,https://en.wikipedia.org/wiki/List_of_government-owned_companies_of_Bangladesh
Orion Group,https://en.wikipedia.org/wiki/Orion_Group_(Bangladesh)
[253],https://en.wikipedia.org/wiki/Bangladesh#cite_note-255
gigawatts,https://en.wikipedia.org/wiki/Gigawatts
Chevron,https://en.wikipedia.org/wiki/Chevron_Corporation
General Electric,https://en.wikipedia.org/wiki/General_Electric
[254],https://en.wikipedia.org/wiki/Bangladesh#cite_note-256
Tourism in Bangladesh,https://en.wikipedia.org/wiki/Tourism_in_Bangladesh
,https://en.wikipedia.org/wiki/File:Save_the_sundarbans_20.jpg
Sundarbans,https://en.wikipedia.org/wiki/Sundarbans
mangrove forest,https://en.wikipedia.org/wiki/Mangrove_forest
tourism industry,https://en.wikipedia.org/wiki/Tourism_in_Bangladesh
[255],https://en.wikipedia.org/wiki/Bangladesh#cite_note-257
[256],https://en.wikipedia.org/wiki/Bangladesh#cite_note-258
three UNESCO World Heritage Sites,https://en.wikipedia.org/wiki/List_of_World_Heritage_Sites_in_Bangladesh
the Mosque City,https://en.wikipedia.org/wiki/Historic_Mosque_City_of_Bagerhat
the Buddhist Vihara,https://en.wikipedia.org/wiki/Ruins_of_the_Buddhist_Vihara_at_Paharpur
Sundarbans,https://en.wikipedia.org/wiki/Sundarbans
tentative-list,https://en.wikipedia.org/wiki/World_Heritage_Site#Nominating_process
[257],https://en.wikipedia.org/wiki/Bangladesh#cite_note-259
World Travel and Tourism Council,https://en.wikipedia.org/wiki/World_Travel_and_Tourism_Council
[258],https://en.wikipedia.org/wiki/Bangladesh#cite_note-2019_report-260
[258],https://en.wikipedia.org/wiki/Bangladesh#cite_note-2019_report-260
[259],https://en.wikipedia.org/wiki/Bangladesh#cite_note-2013_report-261
Demographics of Bangladesh,https://en.wikipedia.org/wiki/Demographics_of_Bangladesh
Bengalis,https://en.wikipedia.org/wiki/Bengalis
[260],https://en.wikipedia.org/wiki/Bangladesh#cite_note-262
2022 census,https://en.wikipedia.org/wiki/2022_Bangladeshi_census
[10],https://en.wikipedia.org/wiki/Bangladesh#cite_note-populationcensus2022-10
[update],https://en.wikipedia.org/w/index.php?title=Bangladesh&action=edit
[9],https://en.wikipedia.org/wiki/Bangladesh#cite_note-unpop-9
eighth-most-populous country,https://en.wikipedia.org/wiki/List_of_countries_by_population
fifth-most populous country,https://en.wikipedia.org/wiki/List_of_Asian_countries_by_population
most densely populated large country,https://en.wikipedia.org/wiki/List_of_countries_and_dependencies_by_population_density
[update],https://en.wikipedia.org/w/index.php?title=Bangladesh&action=edit
[261],https://en.wikipedia.org/wiki/Bangladesh#cite_note-263
total fertility rate,https://en.wikipedia.org/wiki/Total_fertility_rate
[262],https://en.wikipedia.org/wiki/Bangladesh#cite_note-264
sub-replacement fertility,https://en.wikipedia.org/wiki/Sub-replacement_fertility
[263],https://en.wikipedia.org/wiki/Bangladesh#cite_note-265
[update],https://en.wikipedia.org/w/index.php?title=Bangladesh&action=edit
[264],https://en.wikipedia.org/wiki/Bangladesh#cite_note-266
median age,https://en.wikipedia.org/wiki/Median_age
[265],https://en.wikipedia.org/wiki/Bangladesh#cite_note-267
[update],https://en.wikipedia.org/w/index.php?title=Bangladesh&action=edit
[266],https://en.wikipedia.org/wiki/Bangladesh#cite_note-268
ethnically and culturally homogeneous society,https://en.wikipedia.org/wiki/List_of_countries_ranked_by_ethnic_and_cultural_diversity_level
Bengalis,https://en.wikipedia.org/wiki/Bengali_people
[8],https://en.wikipedia.org/wiki/Bangladesh#cite_note-cia-8
Adivasi,https://en.wikipedia.org/wiki/Adivasi
Chakmas,https://en.wikipedia.org/wiki/Chakma_people
Marmas,https://en.wikipedia.org/wiki/Marma_people
Santhals,https://en.wikipedia.org/wiki/Santhal_people
Mros,https://en.wikipedia.org/wiki/Mru_people_(Mrucha)
Tanchangyas,https://en.wikipedia.org/wiki/Tanchangya_people
Bawms,https://en.wikipedia.org/wiki/Bawm_people
Tripuris,https://en.wikipedia.org/wiki/Tripuri_people
Khasis,https://en.wikipedia.org/wiki/Khasi_people
Khumis,https://en.wikipedia.org/wiki/Khumi_people
Kukis,https://en.wikipedia.org/wiki/Kuki_people
Garos,https://en.wikipedia.org/wiki/Garo_people
Bisnupriya Manipuris,https://en.wikipedia.org/wiki/Bisnupriya_Manipuri_people
insurgency,https://en.wikipedia.org/wiki/Chittagong_Hill_Tracts_conflict
remains militarised,https://en.wikipedia.org/wiki/Operation_Uttaran
[267],https://en.wikipedia.org/wiki/Bangladesh#cite_note-rashiduzzaman-269
Urdu,https://en.wikipedia.org/wiki/Urdu
stranded Pakistanis,https://en.wikipedia.org/wiki/Stranded_Pakistanis
[268],https://en.wikipedia.org/wiki/Bangladesh#cite_note-270
[151],https://en.wikipedia.org/wiki/Bangladesh#cite_note-RohingyaHRW-153
List of cities and towns in Bangladesh,https://en.wikipedia.org/wiki/List_of_cities_and_towns_in_Bangladesh
city corporations,https://en.wikipedia.org/wiki/List_of_City_Corporations_of_Bangladesh
Chittagong,https://en.wikipedia.org/wiki/Chittagong
Comilla,https://en.wikipedia.org/wiki/Comilla
Khulna,https://en.wikipedia.org/wiki/Khulna
Mymensingh,https://en.wikipedia.org/wiki/Mymensingh
Sylhet,https://en.wikipedia.org/wiki/Sylhet
Rajshahi,https://en.wikipedia.org/wiki/Rajshahi
Barisal,https://en.wikipedia.org/wiki/Barisal
Rangpur,"https://en.wikipedia.org/wiki/Rangpur,_Bangladesh"
Gazipur,"https://en.wikipedia.org/wiki/Gazipur,_Dhaka_Division"
Bogura,https://en.wikipedia.org/wiki/Bogura
Narayanganj,https://en.wikipedia.org/wiki/Narayanganj
[1],https://bbs.portal.gov.bd/sites/default/files/files/bbs.portal.gov.bd/page/b343a8b4_956b_45ca_872f_4cf9b2f1a6e0/2023-09-27-09-50-a3672cdf61961a45347ab8660a3109b6.pdf
Name,https://en.wikipedia.org/wiki/List_of_cities_in_Bangladesh
Name,https://en.wikipedia.org/wiki/List_of_cities_in_Bangladesh
Dhaka,https://en.wikipedia.org/wiki/Dhaka
Comilla,https://en.wikipedia.org/wiki/Comilla
Chittagong,https://en.wikipedia.org/wiki/Chittagong
Gazipur,https://en.wikipedia.org/wiki/Gazipur
Narayanganj,https://en.wikipedia.org/wiki/Narayanganj
Khulna,https://en.wikipedia.org/wiki/Khulna
Rangpur,"https://en.wikipedia.org/wiki/Rangpur,_Bangladesh"
Mymensingh,https://en.wikipedia.org/wiki/Mymensingh
Rajshahi,https://en.wikipedia.org/wiki/Rajshahi
Sylhet,https://en.wikipedia.org/wiki/Sylhet
Bogura,https://en.wikipedia.org/wiki/Bogura
Languages of Bangladesh,https://en.wikipedia.org/wiki/Languages_of_Bangladesh
,"https://en.wikipedia.org/wiki/File:Shaheed_Minar,_Dhaka,_Bangladesh.jpg"
Shaheed Minar,"https://en.wikipedia.org/wiki/Shaheed_Minar,_Dhaka"
Bengali language movement,https://en.wikipedia.org/wiki/Bengali_language_movement
Bengali,https://en.wikipedia.org/wiki/Bengali_language
native language,https://en.wikipedia.org/wiki/First_language
[269],https://en.wikipedia.org/wiki/Bangladesh#cite_note-271
[270],https://en.wikipedia.org/wiki/Bangladesh#cite_note-LOG-272
dialect continuum,https://en.wikipedia.org/wiki/Dialect_continuum
dialects,https://en.wikipedia.org/wiki/Bengali_dialects
diglossia,https://en.wikipedia.org/wiki/Diglossia
[271],https://en.wikipedia.org/wiki/Bangladesh#cite_note-273
Chittagonian,https://en.wikipedia.org/wiki/Chittagonian_language
[272],https://en.wikipedia.org/wiki/Bangladesh#cite_note-274
Noakhali,https://en.wikipedia.org/wiki/Noakhali_language
Noakhali,https://en.wikipedia.org/wiki/Noakhali_District
[273],https://en.wikipedia.org/wiki/Bangladesh#cite_note-275
[274],https://en.wikipedia.org/wiki/Bangladesh#cite_note-276
Sylheti,https://en.wikipedia.org/wiki/Sylheti_language
Sylhet,https://en.wikipedia.org/wiki/Sylhet_Division
[270],https://en.wikipedia.org/wiki/Bangladesh#cite_note-LOG-272
schools,https://en.wikipedia.org/wiki/List_of_schools_in_Bangladesh
colleges,https://en.wikipedia.org/wiki/List_of_colleges_in_Bangladesh
universities,https://en.wikipedia.org/wiki/List_of_universities_in_Bangladesh
[275],https://en.wikipedia.org/wiki/Bangladesh#cite_note-277
Chakma language,https://en.wikipedia.org/wiki/Chakma_language
[276],https://en.wikipedia.org/wiki/Bangladesh#cite_note-278
Garo,https://en.wikipedia.org/wiki/Garo_language
Meitei,https://en.wikipedia.org/wiki/Meitei_language
Kokborok,https://en.wikipedia.org/wiki/Kokborok
Rakhine,https://en.wikipedia.org/wiki/Rakhine_language
Austroasiatic languages,https://en.wikipedia.org/wiki/Austroasiatic_languages
Santali language,https://en.wikipedia.org/wiki/Santali_language
Santal people,https://en.wikipedia.org/wiki/Santal_people
[277],https://en.wikipedia.org/wiki/Bangladesh#cite_note-279
stranded Pakistanis,https://en.wikipedia.org/wiki/Stranded_Pakistanis_in_Bangladesh
Old Dhakaites,https://en.wikipedia.org/wiki/Dhakaiyas
Urdu,https://en.wikipedia.org/wiki/Urdu
[278],https://en.wikipedia.org/wiki/Bangladesh#cite_note-280
Religion in Bangladesh,https://en.wikipedia.org/wiki/Religion_in_Bangladesh
[6],https://en.wikipedia.org/wiki/Bangladesh#cite_note-census-6
Muslims,https://en.wikipedia.org/wiki/Islam_in_Bangladesh
Hindus,https://en.wikipedia.org/wiki/Hinduism_in_Bangladesh
Buddhism,https://en.wikipedia.org/wiki/Buddhism_in_Bangladesh
Christians,https://en.wikipedia.org/wiki/Christianity_in_Bangladesh
Islam,https://en.wikipedia.org/wiki/Islam_in_Bangladesh
state religion,https://en.wikipedia.org/wiki/State_religion
[279],https://en.wikipedia.org/wiki/Bangladesh#cite_note-state_religion-281
constitution,https://en.wikipedia.org/wiki/Constitution_of_Bangladesh
[280],https://en.wikipedia.org/wiki/Bangladesh#cite_note-secularism-282
[279],https://en.wikipedia.org/wiki/Bangladesh#cite_note-state_religion-281
Islam,https://en.wikipedia.org/wiki/Islam_in_Bangladesh
[6],https://en.wikipedia.org/wiki/Bangladesh#cite_note-census-6
Bengali Muslims,https://en.wikipedia.org/wiki/Bengali_Muslims
Sunni Islam,https://en.wikipedia.org/wiki/Sunni_Islam
[281],https://en.wikipedia.org/wiki/Bangladesh#cite_note-state-283
[282],https://en.wikipedia.org/wiki/Bangladesh#cite_note-284
Bengali Hindus,https://en.wikipedia.org/wiki/Bengali_Hindus
second-largest religious minority,https://en.wikipedia.org/wiki/Hinduism_in_Bangladesh
third-largest Hindu community,https://en.wikipedia.org/wiki/Hindus#Demographics
2022 census,https://en.wikipedia.org/wiki/2022_Bangladeshi_census
[281],https://en.wikipedia.org/wiki/Bangladesh#cite_note-state-283
[6],https://en.wikipedia.org/wiki/Bangladesh#cite_note-census-6
2011 census,https://en.wikipedia.org/wiki/2011_Bangladeshi_census
Buddhism,https://en.wikipedia.org/wiki/Buddhism_in_Bangladesh
[6],https://en.wikipedia.org/wiki/Bangladesh#cite_note-census-6
Chittagong Hill Tracts,https://en.wikipedia.org/wiki/Chittagong_Hill_Tracts
Bengali Buddhist,https://en.wikipedia.org/wiki/Bengali_Buddhists
Theravada,https://en.wikipedia.org/wiki/Theravada
[281],https://en.wikipedia.org/wiki/Bangladesh#cite_note-state-283
Christianity,https://en.wikipedia.org/wiki/Christianity_in_Bangladesh
Bengali Christian,https://en.wikipedia.org/wiki/Bengali_Christians
[6],https://en.wikipedia.org/wiki/Bangladesh#cite_note-census-6
Animism,https://en.wikipedia.org/wiki/Animism
irreligious,https://en.wikipedia.org/wiki/Irreligion
[281],https://en.wikipedia.org/wiki/Bangladesh#cite_note-state-283
Education in Bangladesh,https://en.wikipedia.org/wiki/Education_in_Bangladesh
,"https://en.wikipedia.org/wiki/File:Bangladesh_Literacy_Rate_(2022,_Total).svg"
literacy rate,https://en.wikipedia.org/wiki/Literacy
,https://en.wikipedia.org/wiki/File:Curzon_Hall_-_Northern_Facade_-_University_of_Dhaka_-_Dhaka_2015-05-31_1992.JPG
Curzon Hall,https://en.wikipedia.org/wiki/Curzon_Hall
University of Dhaka,https://en.wikipedia.org/wiki/University_of_Dhaka
[283],https://en.wikipedia.org/wiki/Bangladesh#cite_note-285
Ministry of Education,https://en.wikipedia.org/wiki/Ministry_of_Education_(Bangladesh)
Ministry of Primary and Mass Education,https://en.wikipedia.org/wiki/Ministry_of_Primary_and_Mass_Education
compulsory,https://en.wikipedia.org/wiki/Compulsory_education
literacy rate,https://en.wikipedia.org/wiki/Literacy_rate
[284],https://en.wikipedia.org/wiki/Bangladesh#cite_note-286
[285],https://en.wikipedia.org/wiki/Bangladesh#cite_note-287
[286],https://en.wikipedia.org/wiki/Bangladesh#cite_note-288
[287],https://en.wikipedia.org/wiki/Bangladesh#cite_note-289
[288],https://en.wikipedia.org/wiki/Bangladesh#cite_note-CompEd2-290
Primary Education Completion,https://en.wikipedia.org/wiki/Primary_Education_Completion
Junior School Certificate,https://en.wikipedia.org/wiki/Junior_School_Certificate
Secondary School Certificate,https://en.wikipedia.org/wiki/Secondary_School_Certificate_(Bangladesh)
Higher Secondary Certificate,https://en.wikipedia.org/wiki/Higher_Secondary_Certificate
[289],https://en.wikipedia.org/wiki/Bangladesh#cite_note-291
Universities,https://en.wikipedia.org/wiki/Universities_in_Bangladesh
University Grants Commission,https://en.wikipedia.org/wiki/University_Grants_Commission_(Bangladesh)
[290],https://en.wikipedia.org/wiki/Bangladesh#cite_note-292
[291],https://en.wikipedia.org/wiki/Bangladesh#cite_note-293
[292],https://en.wikipedia.org/wiki/Bangladesh#cite_note-294
National University,"https://en.wikipedia.org/wiki/National_University,_Bangladesh"
second-largest university in the world by enrolment,https://en.wikipedia.org/wiki/List_of_largest_universities_and_university_networks_by_enrollment
[293],https://en.wikipedia.org/wiki/Bangladesh#cite_note-295
University of Dhaka,https://en.wikipedia.org/wiki/University_of_Dhaka
[294],https://en.wikipedia.org/wiki/Bangladesh#cite_note-296
BUET,https://en.wikipedia.org/wiki/Bangladesh_University_of_Engineering_and_Technology
engineering education,https://en.wikipedia.org/wiki/Engineering_education
University of Chittagong,https://en.wikipedia.org/wiki/University_of_Chittagong
[295],https://en.wikipedia.org/wiki/Bangladesh#cite_note-297
BUP,https://en.wikipedia.org/wiki/Bangladesh_University_of_Professionals
[296],https://en.wikipedia.org/wiki/Bangladesh#cite_note-298
Dhaka College,https://en.wikipedia.org/wiki/Dhaka_College
[297],https://en.wikipedia.org/wiki/Bangladesh#cite_note-299
medical colleges,https://en.wikipedia.org/wiki/List_of_medical_colleges_in_Bangladesh
Ministry of Health and Family Welfare,https://en.wikipedia.org/wiki/Ministry_of_Health_and_Family_Welfare_(Bangladesh)
[298],https://en.wikipedia.org/wiki/Bangladesh#cite_note-300
North South University,https://en.wikipedia.org/wiki/North_South_University
[299],https://en.wikipedia.org/wiki/Bangladesh#cite_note-301
Health in Bangladesh,https://en.wikipedia.org/wiki/Health_in_Bangladesh
,https://en.wikipedia.org/wiki/File:Life_expectancy_by_WBG_-Bangladesh.png
life expectancy,https://en.wikipedia.org/wiki/Life_expectancy
,https://en.wikipedia.org/wiki/File:Child_mortality_rate_in_Bangladesh.png
child mortality,https://en.wikipedia.org/wiki/Child_mortality
,"https://en.wikipedia.org/wiki/File:A_community_health_worker_conducting_a_survey_in_the_Korail_slum,_Bangladesh_(8630810827).jpg"
[300],https://en.wikipedia.org/wiki/Bangladesh#cite_note-302
Ministry of Health and Family Welfare,https://en.wikipedia.org/wiki/Ministry_of_Health_and_Family_Welfare_(Bangladesh)
[301],https://en.wikipedia.org/wiki/Bangladesh#cite_note-overview-303
Health Service Division,https://en.wikipedia.org/wiki/Health_Service_Division
Medical Education And Family Welfare Division,https://en.wikipedia.org/wiki/Medical_Education_And_Family_Welfare_Division
[302],https://en.wikipedia.org/wiki/Bangladesh#cite_note-304
[301],https://en.wikipedia.org/wiki/Bangladesh#cite_note-overview-303
[303],https://en.wikipedia.org/wiki/Bangladesh#cite_note-305
[304],https://en.wikipedia.org/wiki/Bangladesh#cite_note-306
[301],https://en.wikipedia.org/wiki/Bangladesh#cite_note-overview-303
[update],https://en.wikipedia.org/w/index.php?title=Bangladesh&action=edit
[305],https://en.wikipedia.org/wiki/Bangladesh#cite_note-307
[306],https://en.wikipedia.org/wiki/Bangladesh#cite_note-308
[307],https://en.wikipedia.org/wiki/Bangladesh#cite_note-309
[308],https://en.wikipedia.org/wiki/Bangladesh#cite_note-310
[309],https://en.wikipedia.org/wiki/Bangladesh#cite_note-311
[310],https://en.wikipedia.org/wiki/Bangladesh#cite_note-312
[311],https://en.wikipedia.org/wiki/Bangladesh#cite_note-313
[312],https://en.wikipedia.org/wiki/Bangladesh#cite_note-314
[313],https://en.wikipedia.org/wiki/Bangladesh#cite_note-315
[314],https://en.wikipedia.org/wiki/Bangladesh#cite_note-316
drinking water,https://en.wikipedia.org/wiki/Drinking_water
[315],https://en.wikipedia.org/wiki/Bangladesh#cite_note-317
arsenic,https://en.wikipedia.org/wiki/Arsenic
[316],https://en.wikipedia.org/wiki/Bangladesh#cite_note-318
Dhaka,https://en.wikipedia.org/wiki/Dhaka
metropolitan area,https://en.wikipedia.org/wiki/Greater_Dhaka
[317],https://en.wikipedia.org/wiki/Bangladesh#cite_note-319
[318],https://en.wikipedia.org/wiki/Bangladesh#cite_note-320
[update],https://en.wikipedia.org/w/index.php?title=Bangladesh&action=edit
[319],https://en.wikipedia.org/wiki/Bangladesh#cite_note-321
infant mortality,https://en.wikipedia.org/wiki/Infant_mortality
child mortality,https://en.wikipedia.org/wiki/Child_mortality
[320],https://en.wikipedia.org/wiki/Bangladesh#cite_note-322
[321],https://en.wikipedia.org/wiki/Bangladesh#cite_note-323
[update],https://en.wikipedia.org/w/index.php?title=Bangladesh&action=edit
maternal mortality,https://en.wikipedia.org/wiki/Maternal_death
[322],https://en.wikipedia.org/wiki/Bangladesh#cite_note-324
medical tourism,https://en.wikipedia.org/wiki/Medical_tourism
India,https://en.wikipedia.org/wiki/Medical_tourism_in_India
[323],https://en.wikipedia.org/wiki/Bangladesh#cite_note-325
[324],https://en.wikipedia.org/wiki/Bangladesh#cite_note-326
coronary artery disease,https://en.wikipedia.org/wiki/Coronary_artery_disease
respiratory disease,https://en.wikipedia.org/wiki/Respiratory_disease
[325],https://en.wikipedia.org/wiki/Bangladesh#cite_note-327
Malnutrition,https://en.wikipedia.org/wiki/Malnutrition
anaemia,https://en.wikipedia.org/wiki/Anaemia
stunted,https://en.wikipedia.org/wiki/Stunted_growth
wasted,https://en.wikipedia.org/wiki/Wasting
underweight,https://en.wikipedia.org/wiki/Underweight
[326],https://en.wikipedia.org/wiki/Bangladesh#cite_note-328
Global Hunger Index,https://en.wikipedia.org/wiki/Global_Hunger_Index
[327],https://en.wikipedia.org/wiki/Bangladesh#cite_note-329
Culture of Bangladesh,https://en.wikipedia.org/wiki/Culture_of_Bangladesh
Culture of Bengal,https://en.wikipedia.org/wiki/Culture_of_Bengal
Museums in Bangladesh,https://en.wikipedia.org/wiki/Museums_in_Bangladesh
List of libraries in Bangladesh,https://en.wikipedia.org/wiki/List_of_libraries_in_Bangladesh
Public holidays in Bangladesh,https://en.wikipedia.org/wiki/Public_holidays_in_Bangladesh
List of festivals in Bangladesh,https://en.wikipedia.org/wiki/List_of_festivals_in_Bangladesh
Pahela Baishakh,https://en.wikipedia.org/wiki/Pahela_Baishakh
[328],https://en.wikipedia.org/wiki/Bangladesh#cite_note-330
Pohela Falgun,https://en.wikipedia.org/wiki/Pohela_Falgun
Valentine's Day,https://en.wikipedia.org/wiki/Valentine%27s_Day_in_Bangladesh
[329],https://en.wikipedia.org/wiki/Bangladesh#cite_note-331
Nabonno,https://en.wikipedia.org/wiki/Nabanna
[330],https://en.wikipedia.org/wiki/Bangladesh#cite_note-332
Shakrain,https://en.wikipedia.org/wiki/Shakrain
kites,https://en.wikipedia.org/wiki/Kite
Poush,https://en.wikipedia.org/wiki/Poush
Bengali calendar,https://en.wikipedia.org/wiki/Bengali_calendar
Makar Sankranti,https://en.wikipedia.org/wiki/Makar_Sankranti
[331],https://en.wikipedia.org/wiki/Bangladesh#cite_note-333
,https://en.wikipedia.org/wiki/File:Jatiyo_Sritisoudho.jpg
National Martyrs' Memorial,https://en.wikipedia.org/wiki/National_Martyrs%27_Memorial
Eid al-Fitr,https://en.wikipedia.org/wiki/Eid_al-Fitr
Ramadan,https://en.wikipedia.org/wiki/Ramadan
Eid al-Adha,https://en.wikipedia.org/wiki/Eid_al-Adha
sacrifice,https://en.wikipedia.org/wiki/Sacrifice#Islam
[332],https://en.wikipedia.org/wiki/Bangladesh#cite_note-334
national holidays,https://en.wikipedia.org/wiki/Public_holidays_in_Bangladesh
[333],https://en.wikipedia.org/wiki/Bangladesh#cite_note-335
Mawlid,https://en.wikipedia.org/wiki/Mawlid
[334],https://en.wikipedia.org/wiki/Bangladesh#cite_note-336
Ashura,https://en.wikipedia.org/wiki/Ashura
Muharram,https://en.wikipedia.org/wiki/Muharram
[335],https://en.wikipedia.org/wiki/Bangladesh#cite_note-337
Chaand Raat,https://en.wikipedia.org/wiki/Chaand_Raat
[336],https://en.wikipedia.org/wiki/Bangladesh#cite_note-338
Shab-e-Barat,https://en.wikipedia.org/wiki/Shab-e-Barat
Shab-e-Meraj,https://en.wikipedia.org/wiki/Shab-e-Meraj
Shab-e-Qadr,https://en.wikipedia.org/wiki/Night_of_Power
Ramadan,https://en.wikipedia.org/wiki/Ramadan
Bishwa Ijtema,https://en.wikipedia.org/wiki/Bishwa_Ijtema
[337],https://en.wikipedia.org/wiki/Bangladesh#cite_note-339
Durga Puja,https://en.wikipedia.org/wiki/Durga_Puja
[338],https://en.wikipedia.org/wiki/Bangladesh#cite_note-340
Krishna Janmashtami,https://en.wikipedia.org/wiki/Krishna_Janmashtami
Kali Puja,https://en.wikipedia.org/wiki/Kali_Puja
Saraswati Puja,https://en.wikipedia.org/wiki/Saraswati_Puja
Ratha Yatra,https://en.wikipedia.org/wiki/Ratha_Yatra
[339],https://en.wikipedia.org/wiki/Bangladesh#cite_note-341
[340],https://en.wikipedia.org/wiki/Bangladesh#cite_note-342
Buddha Purnima,https://en.wikipedia.org/wiki/Vesak
Gautama Buddha,https://en.wikipedia.org/wiki/Gautama_Buddha
[341],https://en.wikipedia.org/wiki/Bangladesh#cite_note-343
Boro Din,https://en.wikipedia.org/wiki/Boro_Din
Easter,https://en.wikipedia.org/wiki/Easter
[342],https://en.wikipedia.org/wiki/Bangladesh#cite_note-344
Language Movement Day,https://en.wikipedia.org/wiki/Language_Movement_Day
Bengali language movement,https://en.wikipedia.org/wiki/Bengali_language_movement
[343],https://en.wikipedia.org/wiki/Bangladesh#cite_note-345
International Mother Language Day,https://en.wikipedia.org/wiki/International_Mother_Language_Day
UNESCO,https://en.wikipedia.org/wiki/UNESCO
[344],https://en.wikipedia.org/wiki/Bangladesh#cite_note-346
Independence Day,https://en.wikipedia.org/wiki/Independence_Day_(Bangladesh)
proclamation of independence,https://en.wikipedia.org/wiki/Proclamation_of_Bangladeshi_Independence
[345],https://en.wikipedia.org/wiki/Bangladesh#cite_note-star2-347
Victory Day,https://en.wikipedia.org/wiki/Victory_Day_(Bangladesh)
Bangladesh Liberation War,https://en.wikipedia.org/wiki/Bangladesh_Liberation_War
[345],https://en.wikipedia.org/wiki/Bangladesh#cite_note-star2-347
Shaheed Minar,"https://en.wikipedia.org/wiki/Shaheed_Minar,_Dhaka"
National Martyrs' Memorial,https://en.wikipedia.org/wiki/National_Martyrs%27_Memorial
[346],https://en.wikipedia.org/wiki/Bangladesh#cite_note-348
[347],https://en.wikipedia.org/wiki/Bangladesh#cite_note-349
Bengali literature,https://en.wikipedia.org/wiki/Bengali_literature
,https://en.wikipedia.org/wiki/File:Nazrul.jpg
Kazi Nazrul Islam,https://en.wikipedia.org/wiki/Kazi_Nazrul_Islam
national poet,https://en.wikipedia.org/wiki/National_poet
[348],https://en.wikipedia.org/wiki/Bangladesh#cite_note-350
,https://en.wikipedia.org/wiki/File:Humayun_ahmed_gossip.jpg
Humayun Ahmed,https://en.wikipedia.org/wiki/Humayun_Ahmed
Charyapada,https://en.wikipedia.org/wiki/Charyapada
[349],https://en.wikipedia.org/wiki/Bangladesh#cite_note-351
Bengal Sultanate,https://en.wikipedia.org/wiki/Bengal_Sultanate
Persian literature,https://en.wikipedia.org/wiki/Persian_literature
[350],https://en.wikipedia.org/wiki/Bangladesh#cite_note-352
Mangal-Kāvyas,https://en.wikipedia.org/wiki/Mangal-K%C4%81vya
[351],https://en.wikipedia.org/wiki/Bangladesh#cite_note-run-353
Vaishnava Padavali,https://en.wikipedia.org/wiki/Vaishnava_Padavali
Vidyapati,https://en.wikipedia.org/wiki/Vidyapati
Chandidas,https://en.wikipedia.org/wiki/Chandidas
Govindadas,https://en.wikipedia.org/wiki/Govindadas
Balarama Dasa,https://en.wikipedia.org/wiki/Balarama_Dasa
Shreekrishna Kirtana,https://en.wikipedia.org/wiki/Shreekrishna_Kirtana
[351],https://en.wikipedia.org/wiki/Bangladesh#cite_note-run-353
Krittibas Ojha,https://en.wikipedia.org/wiki/Krittibas_Ojha
Ramayana,https://en.wikipedia.org/wiki/Ramayana
Kashiram Das,https://en.wikipedia.org/wiki/Kashiram_Das
Mahabharata,https://en.wikipedia.org/wiki/Mahabharata
Maladhar Basu,https://en.wikipedia.org/wiki/Maladhar_Basu
Bhagavata,https://en.wikipedia.org/wiki/Bhagavata
[351],https://en.wikipedia.org/wiki/Bangladesh#cite_note-run-353
Bipradas Pipilai,https://en.wikipedia.org/wiki/Bipradas_Pipilai
[352],https://en.wikipedia.org/wiki/Bangladesh#cite_note-354
Vijay Gupta,https://en.wikipedia.org/wiki/Vijay_Gupta_(poet)
[353],https://en.wikipedia.org/wiki/Bangladesh#cite_note-355
Shah Muhammad Sagir,https://en.wikipedia.org/wiki/Shah_Muhammad_Sagir
Zainuddin,https://en.wikipedia.org/wiki/Zainuddin_(poet)
Abdul Hakim,https://en.wikipedia.org/wiki/Abdul_Hakim_(poet)
[351],https://en.wikipedia.org/wiki/Bangladesh#cite_note-run-353
Alaol,https://en.wikipedia.org/wiki/Alaol
bard,https://en.wikipedia.org/wiki/Bard
[351],https://en.wikipedia.org/wiki/Bangladesh#cite_note-run-353
Bengal Renaissance,https://en.wikipedia.org/wiki/Bengal_Renaissance
Michael Madhusudan Dutt,https://en.wikipedia.org/wiki/Michael_Madhusudan_Dutt
blank verse,https://en.wikipedia.org/wiki/Blank_verse
[354],https://en.wikipedia.org/wiki/Bangladesh#cite_note-356
Mir Mosharraf Hossain,https://en.wikipedia.org/wiki/Mir_Mosharraf_Hossain
[355],https://en.wikipedia.org/wiki/Bangladesh#cite_note-357
Lalon,https://en.wikipedia.org/wiki/Lalon
fakir,https://en.wikipedia.org/wiki/Fakir
Sufism,https://en.wikipedia.org/wiki/Sufism
sādhanā,https://en.wikipedia.org/wiki/S%C4%81dhan%C4%81
bauls,https://en.wikipedia.org/wiki/Baul
[356],https://en.wikipedia.org/wiki/Bangladesh#cite_note-358
Sarat Chandra Chattopadhyay,https://en.wikipedia.org/wiki/Sarat_Chandra_Chattopadhyay
[357],https://en.wikipedia.org/wiki/Bangladesh#cite_note-359
Rabindranath Tagore,https://en.wikipedia.org/wiki/Rabindranath_Tagore
Nobel Prize in Literature,https://en.wikipedia.org/wiki/Nobel_Prize_in_Literature
[358],https://en.wikipedia.org/wiki/Bangladesh#cite_note-360
Kazi Nazrul Islam,https://en.wikipedia.org/wiki/Kazi_Nazrul_Islam
[359],https://en.wikipedia.org/wiki/Bangladesh#cite_note-361
Jibanananda Das,https://en.wikipedia.org/wiki/Jibanananda_Das
[360],https://en.wikipedia.org/wiki/Bangladesh#cite_note-362
Begum Rokeya,https://en.wikipedia.org/wiki/Begum_Rokeya
[361],https://en.wikipedia.org/wiki/Bangladesh#cite_note-363
Syed Mujtaba Ali,https://en.wikipedia.org/wiki/Syed_Mujtaba_Ali
cosmopolitan,https://en.wikipedia.org/wiki/Cosmopolitanism
[362],https://en.wikipedia.org/wiki/Bangladesh#cite_note-364
Jasimuddin,https://en.wikipedia.org/wiki/Jasimuddin
[363],https://en.wikipedia.org/wiki/Bangladesh#cite_note-365
Farrukh Ahmad,https://en.wikipedia.org/wiki/Farrukh_Ahmad
[364],https://en.wikipedia.org/wiki/Bangladesh#cite_note-366
Syed Waliullah,https://en.wikipedia.org/wiki/Syed_Waliullah
[365],https://en.wikipedia.org/wiki/Bangladesh#cite_note-pied-367
Shamsur Rahman,https://en.wikipedia.org/wiki/Shamsur_Rahman_(poet)
Al Mahmud,https://en.wikipedia.org/wiki/Al_Mahmud
Ahmed Sofa,https://en.wikipedia.org/wiki/Ahmed_Sofa
[366],https://en.wikipedia.org/wiki/Bangladesh#cite_note-368
Sufia Kamal,https://en.wikipedia.org/wiki/Sufia_Kamal
[367],https://en.wikipedia.org/wiki/Bangladesh#cite_note-369
Humayun Ahmed,https://en.wikipedia.org/wiki/Humayun_Ahmed
[365],https://en.wikipedia.org/wiki/Bangladesh#cite_note-pied-367
Shahidul Zahir,https://en.wikipedia.org/wiki/Shahidul_Zahir
magical realism,https://en.wikipedia.org/wiki/Magical_realism
[368],https://en.wikipedia.org/wiki/Bangladesh#cite_note-370
Akhteruzzaman Elias,https://en.wikipedia.org/wiki/Akhteruzzaman_Elias
Shawkat Osman,https://en.wikipedia.org/wiki/Shawkat_Osman
Syed Shamsul Haq,https://en.wikipedia.org/wiki/Syed_Shamsul_Haq
[365],https://en.wikipedia.org/wiki/Bangladesh#cite_note-pied-367
Selina Hossain,https://en.wikipedia.org/wiki/Selina_Hossain
[369],https://en.wikipedia.org/wiki/Bangladesh#cite_note-371
Muhammad Zafar Iqbal,https://en.wikipedia.org/wiki/Muhammad_Zafar_Iqbal
[370],https://en.wikipedia.org/wiki/Bangladesh#cite_note-372
Anisul Hoque,https://en.wikipedia.org/wiki/Anisul_Hoque
[371],https://en.wikipedia.org/wiki/Bangladesh#cite_note-373
Ekushey Book Fair,https://en.wikipedia.org/wiki/Ekushey_Book_Fair
Dhaka Lit Fest,https://en.wikipedia.org/wiki/Dhaka_Lit_Fest
Bangla Academy,https://en.wikipedia.org/wiki/Bangla_Academy
[372],https://en.wikipedia.org/wiki/Bangladesh#cite_note-374
Architecture of Bangladesh,https://en.wikipedia.org/wiki/Architecture_of_Bangladesh
Architecture of Bengal,https://en.wikipedia.org/wiki/Architecture_of_Bengal
List of archaeological sites in Bangladesh,https://en.wikipedia.org/wiki/List_of_archaeological_sites_in_Bangladesh
,https://en.wikipedia.org/wiki/File:Paharpur_Buddhist_Bihar.jpg
Somapura Mahavihara,https://en.wikipedia.org/wiki/Somapura_Mahavihara
Naogaon,https://en.wikipedia.org/wiki/Naogaon
UNESCO World Heritage Site,https://en.wikipedia.org/wiki/List_of_World_Heritage_Sites_in_Bangladesh
,"https://en.wikipedia.org/wiki/File:Sixty_Dome_Mosque,Bagerhat.jpg"
Sixty Dome Mosque,https://en.wikipedia.org/wiki/Sixty_Dome_Mosque
Bagerhat,https://en.wikipedia.org/wiki/Bagerhat
UNESCO World Heritage Site,https://en.wikipedia.org/wiki/List_of_World_Heritage_Sites_in_Bangladesh
,https://en.wikipedia.org/wiki/File:Ahsan_Manzil-Front_View.jpg
Ahsan Manzil,https://en.wikipedia.org/wiki/Ahsan_Manzil
Old Dhaka,https://en.wikipedia.org/wiki/Old_Dhaka
Bengal region,https://en.wikipedia.org/wiki/Architecture_of_Bengal
Indian subcontinent,https://en.wikipedia.org/wiki/Architecture_of_India
culture,https://en.wikipedia.org/wiki/Culture_of_Bangladesh
religion,https://en.wikipedia.org/wiki/Religion_in_Bangladesh
history,https://en.wikipedia.org/wiki/History_of_Bangladesh
[373],https://en.wikipedia.org/wiki/Bangladesh#cite_note-375
Mahasthangarh,https://en.wikipedia.org/wiki/Mahasthangarh
[374],https://en.wikipedia.org/wiki/Bangladesh#cite_note-re-376
Nandipada,https://en.wikipedia.org/wiki/Nandipada
Swastika,https://en.wikipedia.org/wiki/Swastika
Wari-Bateshwar ruins,https://en.wikipedia.org/wiki/Wari-Bateshwar_ruins
Hinduism,https://en.wikipedia.org/wiki/Hinduism
Iron Age,https://en.wikipedia.org/wiki/Iron_Age
[375],https://en.wikipedia.org/wiki/Bangladesh#cite_note-377
Somapura Mahavihara,https://en.wikipedia.org/wiki/Somapura_Mahavihara
Pala Empire,https://en.wikipedia.org/wiki/Pala_Empire
[376],https://en.wikipedia.org/wiki/Bangladesh#cite_note-378
vihāras,https://en.wikipedia.org/wiki/Vih%C4%81ra
Shalban Bihar,https://en.wikipedia.org/wiki/Shalban_Bihar
Mainamati,https://en.wikipedia.org/wiki/Mainamati
Bikrampur Vihara,https://en.wikipedia.org/wiki/Bikrampur_Vihara
Bikrampur,https://en.wikipedia.org/wiki/Bikrampur
[374],https://en.wikipedia.org/wiki/Bangladesh#cite_note-re-376
Jain,https://en.wikipedia.org/wiki/Jainism
[377],https://en.wikipedia.org/wiki/Bangladesh#cite_note-sat-379
Indo-Islamic architecture,https://en.wikipedia.org/wiki/Indo-Islamic_architecture
Bengal Sultanate,https://en.wikipedia.org/wiki/Bengal_Sultanate
Sixty Dome Mosque,https://en.wikipedia.org/wiki/Sixty_Dome_Mosque
Mosque City of Bagerhat,https://en.wikipedia.org/wiki/Mosque_City_of_Bagerhat
UNESCO World Heritage Site,https://en.wikipedia.org/wiki/List_of_World_Heritage_Sites_in_Bangladesh
[378],https://en.wikipedia.org/wiki/Bangladesh#cite_note-380
[377],https://en.wikipedia.org/wiki/Bangladesh#cite_note-sat-379
Mughal Bengal,https://en.wikipedia.org/wiki/Mughal_Bengal
Mughal architecture,https://en.wikipedia.org/wiki/Mughal_architecture
Bara Katra,https://en.wikipedia.org/wiki/Bara_Katra
Choto Katra,https://en.wikipedia.org/wiki/Choto_Katra
Sat Gambuj Mosque,https://en.wikipedia.org/wiki/Sat_Gambuj_Mosque
Mohammadpur,https://en.wikipedia.org/wiki/Mohammadpur_Thana
Musa Khan Mosque,https://en.wikipedia.org/wiki/Musa_Khan_Mosque
Curzon Hall,https://en.wikipedia.org/wiki/Curzon_Hall
[379],https://en.wikipedia.org/wiki/Bangladesh#cite_note-381
[380],https://en.wikipedia.org/wiki/Bangladesh#cite_note-382
Lalbagh Fort,https://en.wikipedia.org/wiki/Lalbagh_Fort
Old Dhaka,https://en.wikipedia.org/wiki/Old_Dhaka
Idrakpur Fort,https://en.wikipedia.org/wiki/Idrakpur_Fort
Munshiganj,https://en.wikipedia.org/wiki/Munshiganj
Hajiganj Fort,https://en.wikipedia.org/wiki/Hajiganj_Fort
Sonakanda Fort,https://en.wikipedia.org/wiki/Sonakanda_Fort
Narayanganj,https://en.wikipedia.org/wiki/Narayanganj
[381],https://en.wikipedia.org/wiki/Bangladesh#cite_note-383
Kantajew Temple,https://en.wikipedia.org/wiki/Kantajew_Temple
Dhakeshwari Temple,https://en.wikipedia.org/wiki/Dhakeshwari_Temple
Hindu temple architecture,https://en.wikipedia.org/wiki/Hindu_temple_architecture
[382],https://en.wikipedia.org/wiki/Bangladesh#cite_note-384
[383],https://en.wikipedia.org/wiki/Bangladesh#cite_note-385
vernacular architecture,https://en.wikipedia.org/wiki/Vernacular_architecture
bungalow,https://en.wikipedia.org/wiki/Bungalow
[384],https://en.wikipedia.org/wiki/Bangladesh#cite_note-386
Panam Nagar,https://en.wikipedia.org/wiki/Panam_Nagar
Sonargaon,https://en.wikipedia.org/wiki/Sonargaon
[385],https://en.wikipedia.org/wiki/Bangladesh#cite_note-387
Indo-Saracenic architecture,https://en.wikipedia.org/wiki/Indo-Saracenic_architecture
British Raj,https://en.wikipedia.org/wiki/British_Raj
[386],https://en.wikipedia.org/wiki/Bangladesh#cite_note-388
Curzon Hall,https://en.wikipedia.org/wiki/Curzon_Hall
University of Dhaka,https://en.wikipedia.org/wiki/University_of_Dhaka
Chittagong Court Building,https://en.wikipedia.org/wiki/Chittagong_Court_Building
Rangpur Town Hall,https://en.wikipedia.org/wiki/Rangpur_Town_Hall
Rajshahi College,https://en.wikipedia.org/wiki/Rajshahi_College
zamindar,https://en.wikipedia.org/wiki/Zamindar
Ahsan Manzil,https://en.wikipedia.org/wiki/Ahsan_Manzil
Baliati Zamnidar Bari,https://en.wikipedia.org/wiki/Baliati_Zamindari
Tajhat Palace,https://en.wikipedia.org/wiki/Tajhat_Palace
Rose Garden Palace,https://en.wikipedia.org/wiki/Rose_Garden_Palace
Dighapatia Palace,https://en.wikipedia.org/wiki/Uttara_Gonobhaban
Puthia Rajbari,https://en.wikipedia.org/wiki/Puthia_Rajbari
Natore Rajbari,https://en.wikipedia.org/wiki/Natore_Rajbari
Mohera Zamindar Bari,https://en.wikipedia.org/wiki/Mohera_Zamindar_Bari
Muzharul Islam,https://en.wikipedia.org/wiki/Muzharul_Islam
modernist movement,https://en.wikipedia.org/wiki/Modern_architecture
[387],https://en.wikipedia.org/wiki/Bangladesh#cite_note-389
Louis Kahn,https://en.wikipedia.org/wiki/Louis_Kahn
National Parliament Building,https://en.wikipedia.org/wiki/Jatiya_Sangsad_Bhaban
Sher-e-Bangla Nagar,https://en.wikipedia.org/wiki/Sher-e-Bangla_Nagar
[388],https://en.wikipedia.org/wiki/Bangladesh#cite_note-390
Bangladeshi art,https://en.wikipedia.org/wiki/Bangladeshi_art
Sculpture of Bangladesh,https://en.wikipedia.org/wiki/Sculpture_of_Bangladesh
Textile industry in Bangladesh,https://en.wikipedia.org/wiki/Textile_industry_in_Bangladesh
Muslin trade in Bengal,https://en.wikipedia.org/wiki/Muslin_trade_in_Bengal
,https://en.wikipedia.org/wiki/File:Kantha_(Quilt)_LACMA_AC1994.131.1.jpg
Nakshi kantha,https://en.wikipedia.org/wiki/Nakshi_kantha
quilt,https://en.wikipedia.org/wiki/Quilt
,https://en.wikipedia.org/wiki/File:Aparajeyo_Bangla_-_1979_CE_-_Sculpture_by_Syed_Abdullah_Khalid_-_University_of_Dhaka_Campus_-_Dhaka_2015-05-31_2367.JPG
Aparajeyo Bangla,https://en.wikipedia.org/wiki/Aparajeyo_Bangla
Bangladesh Liberation War,https://en.wikipedia.org/wiki/Bangladesh_Liberation_War
terracotta,https://en.wikipedia.org/wiki/Terracotta
Hindu,https://en.wikipedia.org/wiki/Hindu_art
Jain,https://en.wikipedia.org/wiki/Jain_art
Buddhist art,https://en.wikipedia.org/wiki/Buddhist_art
Pala Empire,https://en.wikipedia.org/wiki/Pala_Empire
Sena dynasty,https://en.wikipedia.org/wiki/Sena_dynasty
Bengal Sultanate,https://en.wikipedia.org/wiki/Bengal_Sultanate
Islamic art,https://en.wikipedia.org/wiki/Islamic_art
Jamdani,https://en.wikipedia.org/wiki/Jamdani
muslin,https://en.wikipedia.org/wiki/Muslin
motifs,https://en.wikipedia.org/wiki/Motif_(textile_arts)
[389],https://en.wikipedia.org/wiki/Bangladesh#cite_note-391
Intangible cultural heritage,https://en.wikipedia.org/wiki/Intangible_cultural_heritage
[390],https://en.wikipedia.org/wiki/Bangladesh#cite_note-392
Rajshahi silk,https://en.wikipedia.org/wiki/Rajshahi_silk
[391],https://en.wikipedia.org/wiki/Bangladesh#cite_note-393
Ivory,https://en.wikipedia.org/wiki/Ivory
brass,https://en.wikipedia.org/wiki/Brassware_industry_in_Bangladesh
pottery,https://en.wikipedia.org/wiki/Pottery_of_Bangladesh
[392],https://en.wikipedia.org/wiki/Bangladesh#cite_note-394
Nakshi Kantha,https://en.wikipedia.org/wiki/Nakshi_Kantha
embroidery,https://en.wikipedia.org/wiki/Embroidery
quilts,https://en.wikipedia.org/wiki/Quilt
[393],https://en.wikipedia.org/wiki/Bangladesh#cite_note-395
modern art,https://en.wikipedia.org/wiki/Modern_art
East Bengal,https://en.wikipedia.org/wiki/East_Bengal
Zainul Abedin,https://en.wikipedia.org/wiki/Zainul_Abedin
[394],https://en.wikipedia.org/wiki/Bangladesh#cite_note-star-396
SM Sultan,https://en.wikipedia.org/wiki/SM_Sultan
Mohammad Kibria,https://en.wikipedia.org/wiki/Mohammad_Kibria
Safiuddin Ahmed,https://en.wikipedia.org/wiki/Safiuddin_Ahmed
Shahabuddin Ahmed,https://en.wikipedia.org/wiki/Shahabuddin_Ahmed_(artist)
Kanak Chanpa Chakma,https://en.wikipedia.org/wiki/Kanak_Chanpa_Chakma
[395],https://en.wikipedia.org/wiki/Bangladesh#cite_note-397
Qayyum Chowdhury,https://en.wikipedia.org/wiki/Qayyum_Chowdhury
Rashid Choudhury,https://en.wikipedia.org/wiki/Rashid_Choudhury
Quamrul Hassan,https://en.wikipedia.org/wiki/Quamrul_Hassan
Rafiqun Nabi,https://en.wikipedia.org/wiki/Rafiqun_Nabi
Syed Jahangir,https://en.wikipedia.org/wiki/Syed_Jahangir
[394],https://en.wikipedia.org/wiki/Bangladesh#cite_note-star-396
Novera Ahmed,https://en.wikipedia.org/wiki/Novera_Ahmed
[396],https://en.wikipedia.org/wiki/Bangladesh#cite_note-398
Nitun Kundu,https://en.wikipedia.org/wiki/Nitun_Kundu
Syed Abdullah Khalid,https://en.wikipedia.org/wiki/Syed_Abdullah_Khalid
Hamiduzzaman Khan,https://en.wikipedia.org/wiki/Hamiduzzaman_Khan
Shamim Sikder,https://en.wikipedia.org/wiki/Shamim_Sikder
Ferdousi Priyabhashini,https://en.wikipedia.org/wiki/Ferdousi_Priyabhashini
Abdur Razzaque,https://en.wikipedia.org/wiki/Abdur_Razzaque_(artist)
[397],https://en.wikipedia.org/wiki/Bangladesh#cite_note-399
Mangal Shobhajatra,https://en.wikipedia.org/wiki/Mangal_Shobhajatra
Faculty of Fine Arts,"https://en.wikipedia.org/wiki/Faculty_of_Fine_Arts,_University_of_Dhaka"
Pohela Boishakh,https://en.wikipedia.org/wiki/Pohela_Boishakh
[398],https://en.wikipedia.org/wiki/Bangladesh#cite_note-400
Chobi Mela,https://en.wikipedia.org/wiki/Chobi_Mela_International_Photography_Festival
[399],https://en.wikipedia.org/wiki/Bangladesh#cite_note-401
Lungi,https://en.wikipedia.org/wiki/Lungi
[400],https://en.wikipedia.org/wiki/Bangladesh#cite_note-402
kurta,https://en.wikipedia.org/wiki/Kurta
pajama,https://en.wikipedia.org/wiki/Pajama
[401],https://en.wikipedia.org/wiki/Bangladesh#cite_note-403
suits,https://en.wikipedia.org/wiki/Suit_(clothing)
neckties,https://en.wikipedia.org/wiki/Neckties
pants,https://en.wikipedia.org/wiki/Trouser
sherwani,https://en.wikipedia.org/wiki/Sherwani
churidar,https://en.wikipedia.org/wiki/Churidar
turban,https://en.wikipedia.org/wiki/Turban
[402],https://en.wikipedia.org/wiki/Bangladesh#cite_note-arts-404
shalwar kameez,https://en.wikipedia.org/wiki/Shalwar_kameez
orna,https://en.wikipedia.org/wiki/Dupatta
sari,https://en.wikipedia.org/wiki/Sari
[402],https://en.wikipedia.org/wiki/Bangladesh#cite_note-arts-404
Islamic clothing,https://en.wikipedia.org/wiki/Islamic_clothing
[403],https://en.wikipedia.org/wiki/Bangladesh#cite_note-405
Music of Bangladesh,https://en.wikipedia.org/wiki/Music_of_Bangladesh
Dance in Bangladesh,https://en.wikipedia.org/wiki/Dance_in_Bangladesh
,https://en.wikipedia.org/wiki/File:Bangladesh_Udichi_Shilpigoshthi_-_Chittagong_University_Sangsad_celebrating_Pohela_Falgun_1423_at_CU_Muktomoncho_(02).jpg
Pohela Falgun,https://en.wikipedia.org/wiki/Pohela_Falgun
University of Chittagong,https://en.wikipedia.org/wiki/University_of_Chittagong
,https://en.wikipedia.org/wiki/File:Ektara_player.jpg
baul,https://en.wikipedia.org/wiki/Baul
ektara,https://en.wikipedia.org/wiki/Ektara
Lalon,https://en.wikipedia.org/wiki/Lalon
Kushtia,https://en.wikipedia.org/wiki/Kushtia
Theatre in Bangladesh,https://en.wikipedia.org/wiki/Theatre_in_Bangladesh
[404],https://en.wikipedia.org/wiki/Bangladesh#cite_note-Ahmed-406
[404],https://en.wikipedia.org/wiki/Bangladesh#cite_note-Ahmed-406
Jatra,https://en.wikipedia.org/wiki/Jatra_(theatre)
[405],https://en.wikipedia.org/wiki/Bangladesh#cite_note-407
Indian classical dances,https://en.wikipedia.org/wiki/Indian_classical_dance
Kathakali,https://en.wikipedia.org/wiki/Kathakali
Bharatanatyam,https://en.wikipedia.org/wiki/Bharatanatyam
Odissi,https://en.wikipedia.org/wiki/Odissi
[406],https://en.wikipedia.org/wiki/Bangladesh#cite_note-408
Manipuri dances,https://en.wikipedia.org/wiki/Manipuri_dance
[402],https://en.wikipedia.org/wiki/Bangladesh#cite_note-arts-404
Music of Bangladesh,https://en.wikipedia.org/wiki/Music_of_Bangladesh
devotional,https://en.wikipedia.org/wiki/Devotional_music
popular,https://en.wikipedia.org/wiki/Popular_music
Hindustani classical music,https://en.wikipedia.org/wiki/Hindustani_classical_music
dhrupad,https://en.wikipedia.org/wiki/Dhrupad
khayal,https://en.wikipedia.org/wiki/Khayal
qawwali,https://en.wikipedia.org/wiki/Qawwali
kirtan,https://en.wikipedia.org/wiki/Kirtan
[402],https://en.wikipedia.org/wiki/Bangladesh#cite_note-arts-404
Rabindra Sangeet,https://en.wikipedia.org/wiki/Rabindra_Sangeet
Nazrul Sangeet,https://en.wikipedia.org/wiki/Nazrul_geeti
[407],https://en.wikipedia.org/wiki/Bangladesh#cite_note-409
folk music,https://en.wikipedia.org/wiki/Folk_music
baul,https://en.wikipedia.org/wiki/Baul
Lalon,https://en.wikipedia.org/wiki/Lalon
Masterpiece of Intangible Cultural Heritage,https://en.wikipedia.org/wiki/Masterpiece_of_the_Oral_and_Intangible_Heritage_of_Humanity
[408],https://en.wikipedia.org/wiki/Bangladesh#cite_note-wei-410
[409],https://en.wikipedia.org/wiki/Bangladesh#cite_note-alom-411
bhatiali,https://en.wikipedia.org/wiki/Bhatiali
bhawaiya,https://en.wikipedia.org/wiki/Bhawaiya
dhamail,https://en.wikipedia.org/wiki/Dhamail
kavigan,https://en.wikipedia.org/wiki/Kavigan
jarigan,https://en.wikipedia.org/wiki/Jarigan
sari gan,https://en.wikipedia.org/wiki/Sari_gan
gombhira,https://en.wikipedia.org/wiki/Gombhira
[402],https://en.wikipedia.org/wiki/Bangladesh#cite_note-arts-404
[409],https://en.wikipedia.org/wiki/Bangladesh#cite_note-alom-411
ektara,https://en.wikipedia.org/wiki/Ektara
dotara,https://en.wikipedia.org/wiki/Dotara
dhol,https://en.wikipedia.org/wiki/Dhol
bansuri,https://en.wikipedia.org/wiki/Bansuri
khanjani,https://en.wikipedia.org/wiki/Khanjani
sarinda,https://en.wikipedia.org/wiki/Sarinda_(instrument)
khamak,https://en.wikipedia.org/wiki/Khamak
dugdugi,https://en.wikipedia.org/wiki/Duggi_(drum)
juri,https://en.wikipedia.org/wiki/Jori_(instrument)
majira,https://en.wikipedia.org/wiki/Taal_(instrument)
cymbal,https://en.wikipedia.org/wiki/Cymbal
[409],https://en.wikipedia.org/wiki/Bangladesh#cite_note-alom-411
Indian classical music,https://en.wikipedia.org/wiki/Indian_classical_music
sitar,https://en.wikipedia.org/wiki/Sitar
sarod,https://en.wikipedia.org/wiki/Sarod
santoor,https://en.wikipedia.org/wiki/Santoor
[410],https://en.wikipedia.org/wiki/Bangladesh#cite_note-412
Bangladesh Shilpakala Academy,https://en.wikipedia.org/wiki/Bangladesh_Shilpakala_Academy
Chhayanaut,https://en.wikipedia.org/wiki/Chhayanaut
[409],https://en.wikipedia.org/wiki/Bangladesh#cite_note-alom-411
Sabina Yasmin,https://en.wikipedia.org/wiki/Sabina_Yasmin
Runa Laila,https://en.wikipedia.org/wiki/Runa_Laila
[411],https://en.wikipedia.org/wiki/Bangladesh#cite_note-413
Andrew Kishore,https://en.wikipedia.org/wiki/Andrew_Kishore
[412],https://en.wikipedia.org/wiki/Bangladesh#cite_note-414
Azam Khan,https://en.wikipedia.org/wiki/Azam_Khan_(singer)
Bangladeshi rock,https://en.wikipedia.org/wiki/Bangladeshi_rock
[413],https://en.wikipedia.org/wiki/Bangladesh#cite_note-415
Ayub Bachchu,https://en.wikipedia.org/wiki/Ayub_Bachchu
James,https://en.wikipedia.org/wiki/James_(musician)
[414],https://en.wikipedia.org/wiki/Bangladesh#cite_note-416
[415],https://en.wikipedia.org/wiki/Bangladesh#cite_note-417
Shayan Chowdhury Arnob,https://en.wikipedia.org/wiki/Shayan_Chowdhury_Arnob
indie rock,https://en.wikipedia.org/wiki/Indie_rock
[416],https://en.wikipedia.org/wiki/Bangladesh#cite_note-418
Habib Wahid,https://en.wikipedia.org/wiki/Habib_Wahid
Tahsan Rahman Khan,https://en.wikipedia.org/wiki/Tahsan_Rahman_Khan
[417],https://en.wikipedia.org/wiki/Bangladesh#cite_note-419
[418],https://en.wikipedia.org/wiki/Bangladesh#cite_note-420
heavy metal,https://en.wikipedia.org/wiki/Heavy_metal_music
Artcell,https://en.wikipedia.org/wiki/Artcell
Warfaze,https://en.wikipedia.org/wiki/Warfaze
[419],https://en.wikipedia.org/wiki/Bangladesh#cite_note-421
[420],https://en.wikipedia.org/wiki/Bangladesh#cite_note-422
Media of Bangladesh,https://en.wikipedia.org/wiki/Media_of_Bangladesh
Cinema of Bangladesh,https://en.wikipedia.org/wiki/Cinema_of_Bangladesh
[421],https://en.wikipedia.org/wiki/Bangladesh#cite_note-dr-423
[422],https://en.wikipedia.org/wiki/Bangladesh#cite_note-bbc1-424
Bangladesh Sangbad Sangstha,https://en.wikipedia.org/wiki/Bangladesh_Sangbad_Sangstha
Bdnews24.com,https://en.wikipedia.org/wiki/Bdnews24.com
[423],https://en.wikipedia.org/wiki/Bangladesh#cite_note-bbc-425
[422],https://en.wikipedia.org/wiki/Bangladesh#cite_note-bbc1-424
Bangladesh Television,https://en.wikipedia.org/wiki/Bangladesh_Television
[424],https://en.wikipedia.org/wiki/Bangladesh#cite_note-426
ATN Bangla,https://en.wikipedia.org/wiki/ATN_Bangla
Channel I,https://en.wikipedia.org/wiki/Channel_I
NTV,https://en.wikipedia.org/wiki/NTV_(Bangladeshi_TV_channel)
RTV,https://en.wikipedia.org/wiki/RTV_(Bangladeshi_TV_channel)
Ekushey TV,https://en.wikipedia.org/wiki/Ekushey_TV
Ekattor TV,https://en.wikipedia.org/wiki/Ekattor_TV
Jamuna TV,https://en.wikipedia.org/wiki/Jamuna_TV
Somoy TV,https://en.wikipedia.org/wiki/Somoy_TV
[423],https://en.wikipedia.org/wiki/Bangladesh#cite_note-bbc-425
The Daily Star,https://en.wikipedia.org/wiki/The_Daily_Star_(Bangladesh)
Dhaka Tribune,https://en.wikipedia.org/wiki/Dhaka_Tribune
The Financial Express,https://en.wikipedia.org/wiki/The_Financial_Express_(Bangladesh)
Bangladesh Pratidin,https://en.wikipedia.org/wiki/Bangladesh_Pratidin
Kaler Kantho,https://en.wikipedia.org/wiki/Kaler_Kantho
Prothom Alo,https://en.wikipedia.org/wiki/Prothom_Alo
The Daily Ittefaq,https://en.wikipedia.org/wiki/The_Daily_Ittefaq
Jugantor,https://en.wikipedia.org/wiki/Jugantor
[423],https://en.wikipedia.org/wiki/Bangladesh#cite_note-bbc-425
[422],https://en.wikipedia.org/wiki/Bangladesh#cite_note-bbc1-424
,https://en.wikipedia.org/wiki/File:Anwar_Hossain_in_the_film_%22Nawab_Sirajuddoulah%22_(1967).jpg
Anwar Hossain,https://en.wikipedia.org/wiki/Anwar_Hossain_(actor)
Siraj-ud-Daulah,https://en.wikipedia.org/wiki/Siraj-ud-Daulah
Nawab of Bengal,https://en.wikipedia.org/wiki/Nawabs_of_Bengal
Nawab Sirajuddaulah,https://en.wikipedia.org/wiki/Nawab_Sirajuddaula_(film)
,"https://en.wikipedia.org/wiki/File:Headquarters_of_Ekushey_Television,_Kawran_Bazar,_Dhaka.jpg"
Ekushey Television,https://en.wikipedia.org/wiki/Ekushey_Television
Kawran Bazar,https://en.wikipedia.org/wiki/Kawran_Bazar
Bangladesh Betar,https://en.wikipedia.org/wiki/Bangladesh_Betar
[425],https://en.wikipedia.org/wiki/Bangladesh#cite_note-427
[422],https://en.wikipedia.org/wiki/Bangladesh#cite_note-bbc1-424
Radio Foorti,https://en.wikipedia.org/wiki/Radio_Foorti
Radio Today,https://en.wikipedia.org/wiki/Radio_Today
Radio Aamar,https://en.wikipedia.org/wiki/Radio_Aamar
[423],https://en.wikipedia.org/wiki/Bangladesh#cite_note-bbc-425
[422],https://en.wikipedia.org/wiki/Bangladesh#cite_note-bbc1-424
BBC News,https://en.wikipedia.org/wiki/BBC_News
BBC Bangla,https://en.wikipedia.org/wiki/BBC_Bangla
CNN,https://en.wikipedia.org/wiki/CNN
VOA,https://en.wikipedia.org/wiki/VOA
Al Jazeera,https://en.wikipedia.org/wiki/Al_Jazeera
[422],https://en.wikipedia.org/wiki/Bangladesh#cite_note-bbc1-424
Indian television drama,https://en.wikipedia.org/wiki/Indian_television_drama
[426],https://en.wikipedia.org/wiki/Bangladesh#cite_note-428
[422],https://en.wikipedia.org/wiki/Bangladesh#cite_note-bbc1-424
Freedom of the press,https://en.wikipedia.org/wiki/Freedom_of_the_press_in_Bangladesh
World Press Freedom Index,https://en.wikipedia.org/wiki/World_Press_Freedom_Index
[427],https://en.wikipedia.org/wiki/Bangladesh#cite_note-429
cinema of Bangladesh,https://en.wikipedia.org/wiki/Cinema_of_Bangladesh
bioscope,https://en.wikipedia.org/wiki/Movie_camera
[428],https://en.wikipedia.org/wiki/Bangladesh#cite_note-easmin-430
[429],https://en.wikipedia.org/wiki/Bangladesh#cite_note-back-431
Nawabs of Dhaka,https://en.wikipedia.org/wiki/Nawab_of_Dhaka
silent films,https://en.wikipedia.org/wiki/Silent_film
[429],https://en.wikipedia.org/wiki/Bangladesh#cite_note-back-431
[428],https://en.wikipedia.org/wiki/Bangladesh#cite_note-easmin-430
Sukumari,https://en.wikipedia.org/wiki/Sukumari_(film)
[428],https://en.wikipedia.org/wiki/Bangladesh#cite_note-easmin-430
The Last Kiss,https://en.wikipedia.org/wiki/The_Last_Kiss_(1931_film)
[428],https://en.wikipedia.org/wiki/Bangladesh#cite_note-easmin-430
[429],https://en.wikipedia.org/wiki/Bangladesh#cite_note-back-431
[428],https://en.wikipedia.org/wiki/Bangladesh#cite_note-easmin-430
Mukh O Mukhosh,https://en.wikipedia.org/wiki/Mukh_O_Mukhosh
[428],https://en.wikipedia.org/wiki/Bangladesh#cite_note-easmin-430
[429],https://en.wikipedia.org/wiki/Bangladesh#cite_note-back-431
Bangladesh Film Development Corporation,https://en.wikipedia.org/wiki/Bangladesh_Film_Development_Corporation
[428],https://en.wikipedia.org/wiki/Bangladesh#cite_note-easmin-430
[429],https://en.wikipedia.org/wiki/Bangladesh#cite_note-back-431
Zahir Raihan,https://en.wikipedia.org/wiki/Zahir_Raihan
Kokhono Asheni,https://en.wikipedia.org/wiki/Kokhono_Asheni
colour film,https://en.wikipedia.org/wiki/Color_print_film
[429],https://en.wikipedia.org/wiki/Bangladesh#cite_note-back-431
[428],https://en.wikipedia.org/wiki/Bangladesh#cite_note-easmin-430
Ora Egaro Jon,https://en.wikipedia.org/wiki/Ora_Egaro_Jon
Chashi Nazrul Islam,https://en.wikipedia.org/wiki/Chashi_Nazrul_Islam
[429],https://en.wikipedia.org/wiki/Bangladesh#cite_note-back-431
[428],https://en.wikipedia.org/wiki/Bangladesh#cite_note-easmin-430
[429],https://en.wikipedia.org/wiki/Bangladesh#cite_note-back-431
Khan Ataur Rahman,https://en.wikipedia.org/wiki/Khan_Ataur_Rahman
Alamgir Kabir,https://en.wikipedia.org/wiki/Alamgir_Kabir_(film_maker)
Amjad Hossain,https://en.wikipedia.org/wiki/Amjad_Hossain
Humayun Ahmed,https://en.wikipedia.org/wiki/Humayun_Ahmed
Morshedul Islam,https://en.wikipedia.org/wiki/Morshedul_Islam
Tanvir Mokammel,https://en.wikipedia.org/wiki/Tanvir_Mokammel
Tareque Masud,https://en.wikipedia.org/wiki/Tareque_Masud
Salahuddin Lavlu,https://en.wikipedia.org/wiki/Salahuddin_Lavlu
Enamul Karim Nirjhar,https://en.wikipedia.org/wiki/Enamul_Karim_Nirjhar
[428],https://en.wikipedia.org/wiki/Bangladesh#cite_note-easmin-430
FIPRESCI,https://en.wikipedia.org/wiki/FIPRESCI
Cannes Film Festival,https://en.wikipedia.org/wiki/Cannes_Film_Festival
Matir Moina,https://en.wikipedia.org/wiki/Matir_Moina
Film societes,https://en.wikipedia.org/wiki/Film_society
[430],https://en.wikipedia.org/wiki/Bangladesh#cite_note-432
Bangladeshi cuisine,https://en.wikipedia.org/wiki/Bangladeshi_cuisine
Bengali cuisine,https://en.wikipedia.org/wiki/Bengali_cuisine
,https://en.wikipedia.org/wiki/File:Kala_bhuna_1.jpg
Kala bhuna,https://en.wikipedia.org/wiki/Kala_bhuna
beef dish,https://en.wikipedia.org/wiki/List_of_beef_dishes
Chittagong Division,https://en.wikipedia.org/wiki/Chittagong_Division
,https://en.wikipedia.org/wiki/File:%E0%A6%B0%E0%A7%81%E0%A6%87_%E0%A6%AE%E0%A6%BE%E0%A6%9B%E0%A7%87%E0%A6%B0_%E0%A6%AD%E0%A7%81%E0%A6%A8%E0%A6%BE.jpg
Rohu,https://en.wikipedia.org/wiki/Rohu
,https://en.wikipedia.org/wiki/File:Morog_Polao_1.jpg
pilaf,https://en.wikipedia.org/wiki/Pilaf
Old Dhaka,https://en.wikipedia.org/wiki/Old_Dhaka
[431],https://en.wikipedia.org/wiki/Bangladesh#cite_note-cuisine-433
white rice,https://en.wikipedia.org/wiki/White_rice
leaf vegetables,https://en.wikipedia.org/wiki/Leaf_vegetable
gourds,https://en.wikipedia.org/wiki/Gourd
lentils,https://en.wikipedia.org/wiki/Lentil
dal,https://en.wikipedia.org/wiki/Dal
Curries,https://en.wikipedia.org/wiki/Curry
mutton,https://en.wikipedia.org/wiki/Mutton
[432],https://en.wikipedia.org/wiki/Bangladesh#cite_note-shaheda-434
bhortas,https://en.wikipedia.org/wiki/Bhurta
[433],https://en.wikipedia.org/wiki/Bangladesh#cite_note-435
stir fried,https://en.wikipedia.org/wiki/Stir_frying
tarkaris,https://en.wikipedia.org/wiki/Tarkari
curried,https://en.wikipedia.org/wiki/Curry
[431],https://en.wikipedia.org/wiki/Bangladesh#cite_note-cuisine-433
kormas,https://en.wikipedia.org/wiki/Korma
biryanis,https://en.wikipedia.org/wiki/Biryani
pulaos,https://en.wikipedia.org/wiki/Pilaf
teharis,https://en.wikipedia.org/wiki/Tahri_(dish)
khichuris,https://en.wikipedia.org/wiki/Khichuri
[432],https://en.wikipedia.org/wiki/Bangladesh#cite_note-shaheda-434
turmeric,https://en.wikipedia.org/wiki/Turmeric
fenugreek,https://en.wikipedia.org/wiki/Fenugreek
nigella,https://en.wikipedia.org/wiki/Nigella
coriander,https://en.wikipedia.org/wiki/Coriander
anise,https://en.wikipedia.org/wiki/Anise
cardamom,https://en.wikipedia.org/wiki/Cardamom
chili powder,https://en.wikipedia.org/wiki/Chili_powder
panch phoron,https://en.wikipedia.org/wiki/Panch_phoron
red onions,https://en.wikipedia.org/wiki/Red_onion
green chillies,https://en.wikipedia.org/wiki/Chili_pepper
ginger,https://en.wikipedia.org/wiki/Ginger
cilantro,https://en.wikipedia.org/wiki/Cilantro
mint,https://en.wikipedia.org/wiki/Mentha
[431],https://en.wikipedia.org/wiki/Bangladesh#cite_note-cuisine-433
Coconut milk,https://en.wikipedia.org/wiki/Coconut_milk
mustard paste,https://en.wikipedia.org/wiki/Mustard_(condiment)
mustard seeds,https://en.wikipedia.org/wiki/Mustard_seeds
mustard oil,https://en.wikipedia.org/wiki/Mustard_oil
ghee,https://en.wikipedia.org/wiki/Ghee
achars,https://en.wikipedia.org/wiki/South_Asian_pickle
[432],https://en.wikipedia.org/wiki/Bangladesh#cite_note-shaheda-434
chutneys,https://en.wikipedia.org/wiki/Chutney
[431],https://en.wikipedia.org/wiki/Bangladesh#cite_note-cuisine-433
roe,https://en.wikipedia.org/wiki/Roe
hilsa,https://en.wikipedia.org/wiki/Hilsa
rohu,https://en.wikipedia.org/wiki/Rohu
pangas,https://en.wikipedia.org/wiki/Pangasius_pangasius
tilapia,https://en.wikipedia.org/wiki/Tilapia
[434],https://en.wikipedia.org/wiki/Bangladesh#cite_note-436
Lobsters,https://en.wikipedia.org/wiki/Lobster
shrimps,https://en.wikipedia.org/wiki/Shrimp
dried fish,https://en.wikipedia.org/wiki/Dried_fish
[431],https://en.wikipedia.org/wiki/Bangladesh#cite_note-cuisine-433
kala bhuna,https://en.wikipedia.org/wiki/Kala_bhuna
mezban,https://en.wikipedia.org/wiki/Mezban
[431],https://en.wikipedia.org/wiki/Bangladesh#cite_note-cuisine-433
[432],https://en.wikipedia.org/wiki/Bangladesh#cite_note-shaheda-434
[435],https://en.wikipedia.org/wiki/Bangladesh#cite_note-guardiancuisine-437
shatkora,https://en.wikipedia.org/wiki/Shatkora
beef hatkora,https://en.wikipedia.org/wiki/Beef_Hatkhora
[435],https://en.wikipedia.org/wiki/Bangladesh#cite_note-guardiancuisine-437
Chittagong Hill Tracts,https://en.wikipedia.org/wiki/Chittagong_Hill_Tracts
bamboo shoots,https://en.wikipedia.org/wiki/Bamboo_shoot
[436],https://en.wikipedia.org/wiki/Bangladesh#cite_note-438
piper chaba,https://en.wikipedia.org/wiki/Piper_chaba
[435],https://en.wikipedia.org/wiki/Bangladesh#cite_note-guardiancuisine-437
[432],https://en.wikipedia.org/wiki/Bangladesh#cite_note-shaheda-434
flatbread,https://en.wikipedia.org/wiki/Flatbread
Chapai Nawabganj,https://en.wikipedia.org/wiki/Chapai_Nawabganj
[437],https://en.wikipedia.org/wiki/Bangladesh#cite_note-439
sweets,https://en.wikipedia.org/wiki/Sweets
rôshogolla,https://en.wikipedia.org/wiki/Rasgulla
roshmalai,https://en.wikipedia.org/wiki/Ras_malai
chomchom,https://en.wikipedia.org/wiki/Chomchom
sondesh,https://en.wikipedia.org/wiki/Sandesh_(confectionery)
mishti doi,https://en.wikipedia.org/wiki/Mishti_doi
kalojaam,https://en.wikipedia.org/wiki/Gulab_jamun
jilapi,https://en.wikipedia.org/wiki/Jalebi
[438],https://en.wikipedia.org/wiki/Bangladesh#cite_note-440
Pithas,https://en.wikipedia.org/wiki/Pitha
[439],https://en.wikipedia.org/wiki/Bangladesh#cite_note-441
Halwa,https://en.wikipedia.org/wiki/Halwa
shemai,https://en.wikipedia.org/wiki/Shemai
falooda,https://en.wikipedia.org/wiki/Falooda
vermicelli,https://en.wikipedia.org/wiki/Vermicelli
[440],https://en.wikipedia.org/wiki/Bangladesh#cite_note-442
[441],https://en.wikipedia.org/wiki/Bangladesh#cite_note-443
[442],https://en.wikipedia.org/wiki/Bangladesh#cite_note-444
Ruti,https://en.wikipedia.org/wiki/Roti
naan,https://en.wikipedia.org/wiki/Naan
paratha,https://en.wikipedia.org/wiki/Paratha
luchi,https://en.wikipedia.org/wiki/Luchi
bakarkhani,https://en.wikipedia.org/wiki/Bakarkhani
[443],https://en.wikipedia.org/wiki/Bangladesh#cite_note-445
[432],https://en.wikipedia.org/wiki/Bangladesh#cite_note-shaheda-434
milk tea,https://en.wikipedia.org/wiki/Milk_tea
group conversations,https://en.wikipedia.org/wiki/Adda_(South_Asian)
[444],https://en.wikipedia.org/wiki/Bangladesh#cite_note-446
Borhani,https://en.wikipedia.org/wiki/Borhani
mattha,https://en.wikipedia.org/wiki/Mattha
lassi,https://en.wikipedia.org/wiki/Lassi
[445],https://en.wikipedia.org/wiki/Bangladesh#cite_note-447
[446],https://en.wikipedia.org/wiki/Bangladesh#cite_note-448
Kebabs,https://en.wikipedia.org/wiki/Kebab
seekh kebab,https://en.wikipedia.org/wiki/Seekh_kebab
chapli kebab,https://en.wikipedia.org/wiki/Chapli_kebab
shami kebab,https://en.wikipedia.org/wiki/Shami_kebab
chicken tikka,https://en.wikipedia.org/wiki/Chicken_tikka
shashlik,https://en.wikipedia.org/wiki/Shashlik
[432],https://en.wikipedia.org/wiki/Bangladesh#cite_note-shaheda-434
chotpoti,https://en.wikipedia.org/wiki/Chotpoti
jhal muri,https://en.wikipedia.org/wiki/Jhal_muri
[447],https://en.wikipedia.org/wiki/Bangladesh#cite_note-449
samosa,https://en.wikipedia.org/wiki/Samosa
fuchka,https://en.wikipedia.org/wiki/Panipuri
[448],https://en.wikipedia.org/wiki/Bangladesh#cite_note-450
Sports in Bangladesh,https://en.wikipedia.org/wiki/Sports_in_Bangladesh
,https://en.wikipedia.org/wiki/File:Mashrafe_2016_(9).jpg
Bangladesh cricket team,https://en.wikipedia.org/wiki/Bangladesh_cricket_team
traditional indigenous sports,https://en.wikipedia.org/wiki/Bengali_traditional_games
Kabaddi,https://en.wikipedia.org/wiki/Kabaddi
Boli Khela,https://en.wikipedia.org/wiki/Boli_Khela
Lathi Khela,https://en.wikipedia.org/wiki/Lathi_Khela
Nouka Baich,https://en.wikipedia.org/wiki/Nouka_Baich
[449],https://en.wikipedia.org/wiki/Bangladesh#cite_note-451
Cricket,https://en.wikipedia.org/wiki/Cricket
national cricket team,https://en.wikipedia.org/wiki/Bangladesh_national_cricket_team
Cricket World Cup,https://en.wikipedia.org/wiki/Cricket_World_Cup
Test cricket,https://en.wikipedia.org/wiki/Test_cricket
2015 Cricket World Cup,https://en.wikipedia.org/wiki/2015_Cricket_World_Cup
2017 ICC Champions Trophy,https://en.wikipedia.org/wiki/2017_ICC_Champions_Trophy
Asia Cup,https://en.wikipedia.org/wiki/Asia_Cup
Shakib Al Hasan,https://en.wikipedia.org/wiki/Shakib_Al_Hasan
all-rounders,https://en.wikipedia.org/wiki/All-rounder
[450],https://en.wikipedia.org/wiki/Bangladesh#cite_note-452
Bangladesh national under-19 cricket team,https://en.wikipedia.org/wiki/Bangladesh_national_under-19_cricket_team
Under-19 Cricket World Cup,https://en.wikipedia.org/wiki/2020_Under-19_Cricket_World_Cup
[451],https://en.wikipedia.org/wiki/Bangladesh#cite_note-453
[452],https://en.wikipedia.org/wiki/Bangladesh#cite_note-454
Bangladesh national under-19 cricket team,https://en.wikipedia.org/wiki/Bangladesh_national_under-19_cricket_team
U-19 Asia cup,https://en.wikipedia.org/wiki/Under-19_Men%27s_Asia_Cup
[453],https://en.wikipedia.org/wiki/Bangladesh#cite_note-455
[454],https://en.wikipedia.org/wiki/Bangladesh#cite_note-456
Bangladesh women's national cricket team,https://en.wikipedia.org/wiki/Bangladesh_women%27s_national_cricket_team
2018 Women's Twenty20 Asia Cup,https://en.wikipedia.org/wiki/2018_Women%27s_Twenty20_Asia_Cup
[455],https://en.wikipedia.org/wiki/Bangladesh#cite_note-457
,https://en.wikipedia.org/wiki/File:Bangladesh_National_Football_Team_in_Maldives_in_the_SAFF_Championship_2021.jpg
Bangladesh football team,https://en.wikipedia.org/wiki/Bangladesh_national_football_team
Football,https://en.wikipedia.org/wiki/Association_football
[456],https://en.wikipedia.org/wiki/Bangladesh#cite_note-458
Shadhin Bangla football team,https://en.wikipedia.org/wiki/Shadhin_Bangla_football_team
[457],https://en.wikipedia.org/wiki/Bangladesh#cite_note-459
Zakaria Pintoo,https://en.wikipedia.org/wiki/Zakaria_Pintoo
[458],https://en.wikipedia.org/wiki/Bangladesh#cite_note-460
national football team,https://en.wikipedia.org/wiki/Bangladesh_national_football_team
AFC Asian Cup,https://en.wikipedia.org/wiki/AFC_Asian_Cup
[459],https://en.wikipedia.org/wiki/Bangladesh#cite_note-461
2003 SAFF Gold Cup,https://en.wikipedia.org/wiki/2003_SAFF_Gold_Cup
1999 South Asian Games,https://en.wikipedia.org/wiki/Football_at_the_1999_South_Asian_Games
Bangladesh women's national football team,https://en.wikipedia.org/wiki/Bangladesh_women%27s_national_football_team
SAFF Women's Championship,https://en.wikipedia.org/wiki/SAFF_Women%27s_Championship
[460],https://en.wikipedia.org/wiki/Bangladesh#cite_note-462
archery,https://en.wikipedia.org/wiki/Archery
2019 South Asian Games,https://en.wikipedia.org/wiki/2019_South_Asian_Games
[461],https://en.wikipedia.org/wiki/Bangladesh#cite_note-463
National Sports Council,https://en.wikipedia.org/wiki/National_Sports_Council
[462],https://en.wikipedia.org/wiki/Bangladesh#cite_note-464
Chess,https://en.wikipedia.org/wiki/Chess
Niaz Murshed,https://en.wikipedia.org/wiki/Niaz_Murshed
[463],https://en.wikipedia.org/wiki/Bangladesh#cite_note-465
Musa Ibrahim,https://en.wikipedia.org/wiki/Musa_Ibrahim
Mount Everest,https://en.wikipedia.org/wiki/Mount_Everest
[464],https://en.wikipedia.org/wiki/Bangladesh#cite_note-dailystardetail-466
Wasfia Nazreen,https://en.wikipedia.org/wiki/Wasfia_Nazreen
Seven Summits,https://en.wikipedia.org/wiki/Seven_Summits
K2,https://en.wikipedia.org/wiki/K2
[465],https://en.wikipedia.org/wiki/Bangladesh#cite_note-467
[466],https://en.wikipedia.org/wiki/Bangladesh#cite_note-468
Outline of Bangladesh,https://en.wikipedia.org/wiki/Outline_of_Bangladesh
^,https://en.wikipedia.org/wiki/Bangladesh#cite_ref-15
"/ˌbæŋɡləˈdɛʃ, ˌbɑːŋ-/",https://en.wikipedia.org/wiki/Help:IPA/English
,https://upload.wikimedia.org/wikipedia/commons/transcoded/4/43/LL-Q1860_%28eng%29-Flame%2C_not_lame-Bangladesh.wav/LL-Q1860_%28eng%29-Flame%2C_not_lame-Bangladesh.wav.mp3
ⓘ,"https://en.wikipedia.org/wiki/File:LL-Q1860_(eng)-Flame,_not_lame-Bangladesh.wav"
Bengali,https://en.wikipedia.org/wiki/Bengali_language
romanised,https://en.wikipedia.org/wiki/Romanization_of_Bengali
[ˈbaŋlaˌdeʃ],https://en.wikipedia.org/wiki/Help:IPA/Bengali
,https://upload.wikimedia.org/wikipedia/commons/transcoded/0/0a/Bn-%E0%A6%AC%E0%A6%BE%E0%A6%82%E0%A6%B2%E0%A6%BE%E0%A6%A6%E0%A7%87%E0%A6%B6.oga/Bn-%E0%A6%AC%E0%A6%BE%E0%A6%82%E0%A6%B2%E0%A6%BE%E0%A6%A6%E0%A7%87%E0%A6%B6.oga.mp3
ⓘ,https://en.wikipedia.org/wiki/File:Bn-%E0%A6%AC%E0%A6%BE%E0%A6%82%E0%A6%B2%E0%A6%BE%E0%A6%A6%E0%A7%87%E0%A6%B6.oga
^,https://en.wikipedia.org/wiki/Bangladesh#cite_ref-16
Bengali,https://en.wikipedia.org/wiki/Bengali_language
romanised,https://en.wikipedia.org/wiki/Romanization_of_Bengali
[ɡɔnopɾodʒat̪ɔnt̪ɾi‿baŋlad̪eʃ],https://en.wikipedia.org/wiki/Help:IPA/Bengali
^,https://en.wikipedia.org/wiki/Bangladesh#cite_ref-bdlaws.minlaw.gov.bd_1-0
"""The Constitution of the People's Republic of Bangladesh""",http://bdlaws.minlaw.gov.bd/act-details-367.html
"Ministry of Law, Justice and Parliamentary Affairs","https://en.wikipedia.org/wiki/Ministry_of_Law,_Justice_and_Parliamentary_Affairs"
Archived,https://web.archive.org/web/20191110101626/http://bdlaws.minlaw.gov.bd/act-details-367.html
^,https://en.wikipedia.org/wiki/Bangladesh#cite_ref-2
"বাংলা ভাষা প্রচলন আইন, ১৯৮৭",http://bdlaws.minlaw.gov.bd/act-705.html
"Ministry of Law, Justice and Parliamentary Affairs","https://en.wikipedia.org/wiki/Ministry_of_Law,_Justice_and_Parliamentary_Affairs"
Archived,https://web.archive.org/web/20240107175804/http://bdlaws.minlaw.gov.bd/act-705.html
^,https://en.wikipedia.org/wiki/Bangladesh#cite_ref-3
doi,https://en.wikipedia.org/wiki/Doi_(identifier)
10.26858/ijole.v4i2.10458,https://doi.org/10.26858%2Fijole.v4i2.10458
ERIC,https://en.wikipedia.org/wiki/ERIC_(identifier)
EJ1249887,https://eric.ed.gov/?id=EJ1249887
cite journal,https://en.wikipedia.org/wiki/Template:Cite_journal
link,https://en.wikipedia.org/wiki/Category:CS1_maint:_DOI_inactive_as_of_January_2026
^,https://en.wikipedia.org/wiki/Bangladesh#cite_ref-4
doi,https://en.wikipedia.org/wiki/Doi_(identifier)
10.17507/jltr.1002.05,https://doi.org/10.17507%2Fjltr.1002.05
^,https://en.wikipedia.org/wiki/Bangladesh#cite_ref-5
"""Ethnic population in 2022 census""",https://web.archive.org/web/20240708004426/https://sid.portal.gov.bd/sites/default/files/files/sid.portal.gov.bd/publications/01ad1ffe_cfef_4811_af97_594b6c64d7c3/PHC_Preliminary_Report_(English)_August_2022.pdf
the original,https://sid.portal.gov.bd/sites/default/files/files/sid.portal.gov.bd/publications/01ad1ffe_cfef_4811_af97_594b6c64d7c3/PHC_Preliminary_Report_(English)_August_2022.pdf
a,https://en.wikipedia.org/wiki/Bangladesh#cite_ref-census_6-0
b,https://en.wikipedia.org/wiki/Bangladesh#cite_ref-census_6-1
c,https://en.wikipedia.org/wiki/Bangladesh#cite_ref-census_6-2
d,https://en.wikipedia.org/wiki/Bangladesh#cite_ref-census_6-3
e,https://en.wikipedia.org/wiki/Bangladesh#cite_ref-census_6-4
f,https://en.wikipedia.org/wiki/Bangladesh#cite_ref-census_6-5
"""Population and Housing Census 2022: Preliminary Report""",https://web.archive.org/web/20240708004426/https://sid.portal.gov.bd/sites/default/files/files/sid.portal.gov.bd/publications/01ad1ffe_cfef_4811_af97_594b6c64d7c3/PHC_Preliminary_Report_(English)_August_2022.pdf
the original,https://sid.portal.gov.bd/sites/default/files/files/sid.portal.gov.bd/publications/01ad1ffe_cfef_4811_af97_594b6c64d7c3/PHC_Preliminary_Report_(English)_August_2022.pdf
^,https://en.wikipedia.org/wiki/Bangladesh#cite_ref-7
"""Bangladesh country profile""",https://www.bbc.com/news/world-south-asia-12650940
BBC News,https://en.wikipedia.org/wiki/BBC_News
a,https://en.wikipedia.org/wiki/Bangladesh#cite_ref-cia_8-0
b,https://en.wikipedia.org/wiki/Bangladesh#cite_ref-cia_8-1
c,https://en.wikipedia.org/wiki/Bangladesh#cite_ref-cia_8-2
d,https://en.wikipedia.org/wiki/Bangladesh#cite_ref-cia_8-3
"""Bangladesh""",https://web.archive.org/web/20211113000000/https://www.cia.gov/the-world-factbook/countries/bangladesh
The World Factbook,https://en.wikipedia.org/wiki/The_World_Factbook
Central Intelligence Agency,https://en.wikipedia.org/wiki/Central_Intelligence_Agency
a,https://en.wikipedia.org/wiki/Bangladesh#cite_ref-unpop_9-0
b,https://en.wikipedia.org/wiki/Bangladesh#cite_ref-unpop_9-1
"""Population, total – Bangladesh""",https://data.worldbank.org/indicator/SP.POP.TOTL?locations=BD
World Bank,https://en.wikipedia.org/wiki/World_Bank
a,https://en.wikipedia.org/wiki/Bangladesh#cite_ref-populationcensus2022_10-0
b,https://en.wikipedia.org/wiki/Bangladesh#cite_ref-populationcensus2022_10-1
"""Population and Housing Census 2022: Post Enumeration Check (PEC) Adjusted Population""",http://bbs.portal.gov.bd/sites/default/files/files/bbs.portal.gov.bd/page/b343a8b4_956b_45ca_872f_4cf9b2f1a6e0/2023-04-18-08-42-4f13d316f798b9e5fd3a4c61eae4bfef.pdf
Bangladesh Bureau of Statistics,https://en.wikipedia.org/wiki/Bangladesh_Bureau_of_Statistics
Archived,https://web.archive.org/web/20230530205648/http://bbs.portal.gov.bd/sites/default/files/files/bbs.portal.gov.bd/page/b343a8b4_956b_45ca_872f_4cf9b2f1a6e0/2023-04-18-08-42-4f13d316f798b9e5fd3a4c61eae4bfef.pdf
^,https://en.wikipedia.org/wiki/Bangladesh#cite_ref-11
"""Report: 68% Bangladeshis live in villages""",https://www.dhakatribune.com/bangladesh/332419/report-68%25-bangladeshis-live-in-villages
Dhaka Tribune,https://en.wikipedia.org/wiki/Dhaka_Tribune
Archived,https://web.archive.org/web/20240206021005/https://www.dhakatribune.com/bangladesh/332419/report-68%25-bangladeshis-live-in-villages
a,https://en.wikipedia.org/wiki/Bangladesh#cite_ref-auto_12-0
b,https://en.wikipedia.org/wiki/Bangladesh#cite_ref-auto_12-1
c,https://en.wikipedia.org/wiki/Bangladesh#cite_ref-auto_12-2
d,https://en.wikipedia.org/wiki/Bangladesh#cite_ref-auto_12-3
"""World Economic Outlook (October 2025)""",https://www.imf.org/external/datamapper/profile/BGD
International Monetary Fund,https://en.wikipedia.org/wiki/International_Monetary_Fund
^,https://en.wikipedia.org/wiki/Bangladesh#cite_ref-13
"""Gini index - Bangladesh""",https://data.worldbank.org/indicator/SI.POV.GINI?locations=BD
^,https://en.wikipedia.org/wiki/Bangladesh#cite_ref-14
"""Human Development Report 2025""",https://hdr.undp.org/system/files/documents/global-report-document/hdr2025reporten.pdf
United Nations Development Programme,https://en.wikipedia.org/wiki/United_Nations_Development_Programme
Archived,https://web.archive.org/web/20250506051232/https://hdr.undp.org/system/files/documents/global-report-document/hdr2025reporten.pdf
^,https://en.wikipedia.org/wiki/Bangladesh#cite_ref-17
"""Notation of song aaji bangladesher hridoy""",https://web.archive.org/web/20150904011316/http://www.geetabitan.com/lyrics/A/aaji-bangladesher-hridoy.html
the original,http://www.geetabitan.com/lyrics/A/aaji-bangladesher-hridoy.html
^,https://en.wikipedia.org/wiki/Bangladesh#cite_ref-18
"""Bangladesh: early history, 1000 B.C.–A.D. 1202""",http://memory.loc.gov/cgi-bin/query/r?frd/cstdy:@field%28DOCID+bd0014%29
Library of Congress,https://en.wikipedia.org/wiki/Library_of_Congress
Archived,https://web.archive.org/web/20131207010051/http://memory.loc.gov/cgi-bin/query/r?frd%2Fcstdy%3A%40field%28DOCID+bd0014%29
West Bengal,https://en.wikipedia.org/wiki/West_Bengal
^,https://en.wikipedia.org/wiki/Bangladesh#cite_ref-19
"""Vanga | ancient kingdom, India""",https://www.britannica.com/place/Vanga
Archived,https://web.archive.org/web/20160730062030/https://www.britannica.com/place/Vanga
^,https://en.wikipedia.org/wiki/Bangladesh#cite_ref-20
"Keay, John",https://en.wikipedia.org/wiki/John_Keay
Atlantic Monthly Press,https://en.wikipedia.org/wiki/Atlantic_Monthly_Press
ISBN,https://en.wikipedia.org/wiki/ISBN_(identifier)
978-0-87113-800-2,https://en.wikipedia.org/wiki/Special:BookSources/978-0-87113-800-2
a,https://en.wikipedia.org/wiki/Bangladesh#cite_ref-Sen-1999_21-0
b,https://en.wikipedia.org/wiki/Bangladesh#cite_ref-Sen-1999_21-1
Ancient Indian History and Civilization,https://books.google.com/books?id=Wk4_ICH_g1EC&pg=PA281
ISBN,https://en.wikipedia.org/wiki/ISBN_(identifier)
978-81-224-1198-0,https://en.wikipedia.org/wiki/Special:BookSources/978-81-224-1198-0
Archived,https://web.archive.org/web/20230116111745/https://books.google.com/books?id=Wk4_ICH_g1EC&pg=PA281
a,https://en.wikipedia.org/wiki/Bangladesh#cite_ref-Ahmed2004_22-0
b,https://en.wikipedia.org/wiki/Bangladesh#cite_ref-Ahmed2004_22-1
Bangladesh: Past and Present,https://books.google.com/books?id=Szfqq7ruqWgC&pg=PA23
ISBN,https://en.wikipedia.org/wiki/ISBN_(identifier)
978-81-7648-469-5,https://en.wikipedia.org/wiki/Special:BookSources/978-81-7648-469-5
Archived,https://web.archive.org/web/20230206161602/https://books.google.com/books?id=Szfqq7ruqWgC&pg=PA23
^,https://en.wikipedia.org/wiki/Bangladesh#cite_ref-23
"Banglapedia: Islam, Bengal","http://en.banglapedia.org/index.php?title=Islam,_Bengal"
Archived,"https://web.archive.org/web/20150723091245/http://en.banglapedia.org/index.php?title=Islam,_Bengal"
Wayback Machine,https://en.wikipedia.org/wiki/Wayback_Machine
^,https://en.wikipedia.org/wiki/Bangladesh#cite_ref-24
"Sircar, D.C.",https://en.wikipedia.org/wiki/Dineshchandra_Sircar
Studies in the Geography of Ancient and Medieval India,https://books.google.com/books?id=AqKw1Mn8WcwC
ISBN,https://en.wikipedia.org/wiki/ISBN_(identifier)
978-81-208-0690-0,https://en.wikipedia.org/wiki/Special:BookSources/978-81-208-0690-0
Archived,https://web.archive.org/web/20230206161603/https://books.google.com/books?id=AqKw1Mn8WcwC
^,https://en.wikipedia.org/wiki/Bangladesh#cite_ref-25
Nitish Sengupta,https://en.wikipedia.org/wiki/Nitish_Sengupta
^,https://en.wikipedia.org/wiki/Bangladesh#cite_ref-riaj_26-0
RIYAZU-S-SALĀTĪN: A History of Bengal,http://persian.packhum.org/persian/pf?file=07601010&ct=11
Archived,https://web.archive.org/web/20141215055926/http://persian.packhum.org/persian/pf?file=07601010&ct=11
Wayback Machine,https://en.wikipedia.org/wiki/Wayback_Machine
Ghulam Husain Salim,https://en.wikipedia.org/wiki/Ghulam_Husain_Salim
^,https://en.wikipedia.org/wiki/Bangladesh#cite_ref-27
"""EARLY HISTORY, 1000 B.C.-A.D. 1202""",https://countrystudies.us/bangladesh/4.htm
Bangladesh: A Country Study,http://countrystudies.us/bangladesh/
Federal Research Division,https://en.wikipedia.org/wiki/Federal_Research_Division
Library of Congress,https://en.wikipedia.org/wiki/Library_of_Congress
a,https://en.wikipedia.org/wiki/Bangladesh#cite_ref-islamization_28-0
b,https://en.wikipedia.org/wiki/Bangladesh#cite_ref-islamization_28-1
c,https://en.wikipedia.org/wiki/Bangladesh#cite_ref-islamization_28-2
d,https://en.wikipedia.org/wiki/Bangladesh#cite_ref-islamization_28-3
"""ISLAMIZATION OF BENGAL, 1202–1757""",https://countrystudies.us/bangladesh/5.htm
Bangladesh: A Country Study,http://countrystudies.us/bangladesh/
Federal Research Division,https://en.wikipedia.org/wiki/Federal_Research_Division
Library of Congress,https://en.wikipedia.org/wiki/Library_of_Congress
^,https://en.wikipedia.org/wiki/Bangladesh#cite_ref-29
ISBN,https://en.wikipedia.org/wiki/ISBN_(identifier)
978-81-8069-149-2,https://en.wikipedia.org/wiki/Special:BookSources/978-81-8069-149-2
^,https://en.wikipedia.org/wiki/Bangladesh#cite_ref-30
a,https://en.wikipedia.org/wiki/Bangladesh#cite_ref-ray_31-0
b,https://en.wikipedia.org/wiki/Bangladesh#cite_ref-ray_31-1
Bengal Industries and the British Industrial Revolution (1757–1857),https://books.google.com/books?id=CHOrAgAAQBAJ&pg=PA7
ISBN,https://en.wikipedia.org/wiki/ISBN_(identifier)
978-1-136-82552-1,https://en.wikipedia.org/wiki/Special:BookSources/978-1-136-82552-1
^,https://en.wikipedia.org/wiki/Bangladesh#cite_ref-32
The Economic History Review,https://en.wikipedia.org/wiki/The_Economic_History_Review
Wiley,https://en.wikipedia.org/wiki/Wiley_(publisher)
doi,https://en.wikipedia.org/wiki/Doi_(identifier)
10.1111/j.1468-0289.2009.00444.x,https://doi.org/10.1111%2Fj.1468-0289.2009.00444.x
JSTOR,https://en.wikipedia.org/wiki/JSTOR_(identifier)
27771525,https://www.jstor.org/stable/27771525
^,https://en.wikipedia.org/wiki/Bangladesh#cite_ref-33
Oxford Economic Papers,https://en.wikipedia.org/wiki/Oxford_Economic_Papers
Oxford University Press,https://en.wikipedia.org/wiki/Oxford_University_Press
doi,https://en.wikipedia.org/wiki/Doi_(identifier)
10.1093/oxfordjournals.oep.a041557,https://doi.org/10.1093%2Foxfordjournals.oep.a041557
JSTOR,https://en.wikipedia.org/wiki/JSTOR_(identifier)
2662775,https://www.jstor.org/stable/2662775
PMID,https://en.wikipedia.org/wiki/PMID_(identifier)
11620403,https://pubmed.ncbi.nlm.nih.gov/11620403
^,https://en.wikipedia.org/wiki/Bangladesh#cite_ref-34
ISBN,https://en.wikipedia.org/wiki/ISBN_(identifier)
978-0-19-882905-8,https://en.wikipedia.org/wiki/Special:BookSources/978-0-19-882905-8
^,https://en.wikipedia.org/wiki/Bangladesh#cite_ref-Irschick2018_35-0
"Irschick, Eugene F.",https://en.wikipedia.org/wiki/Eugene_F._Irschick
A History of the New India: Past and Present,https://books.google.com/books?id=wqiaDwAAQBAJ&pg=PA73
ISBN,https://en.wikipedia.org/wiki/ISBN_(identifier)
978-1-317-43617-1,https://en.wikipedia.org/wiki/Special:BookSources/978-1-317-43617-1
^,https://en.wikipedia.org/wiki/Bangladesh#cite_ref-36
India under colonial rule: 1700–1885,https://books.google.com/books?id=6iNuAAAAMAAJ
ISBN,https://en.wikipedia.org/wiki/ISBN_(identifier)
978-0-582-31738-3,https://en.wikipedia.org/wiki/Special:BookSources/978-0-582-31738-3
^,https://en.wikipedia.org/wiki/Bangladesh#cite_ref-37
Modern Asian Studies,https://en.wikipedia.org/wiki/Modern_Asian_Studies
Cambridge University Press,https://en.wikipedia.org/wiki/Cambridge_University_Press
doi,https://en.wikipedia.org/wiki/Doi_(identifier)
10.1017/S0026749X99003066,https://doi.org/10.1017%2FS0026749X99003066
JSTOR,https://en.wikipedia.org/wiki/JSTOR_(identifier)
313155,https://www.jstor.org/stable/313155
^,https://en.wikipedia.org/wiki/Bangladesh#cite_ref-38
"""PAKISTAN PERIOD, 1947–71""",https://countrystudies.us/bangladesh/14.htm
Bangladesh: A Country Study,http://countrystudies.us/bangladesh/
Federal Research Division,https://en.wikipedia.org/wiki/Federal_Research_Division
Library of Congress,https://en.wikipedia.org/wiki/Library_of_Congress
^,https://en.wikipedia.org/wiki/Bangladesh#cite_ref-39
Asian Survey,https://en.wikipedia.org/wiki/Asian_Survey
doi,https://en.wikipedia.org/wiki/Doi_(identifier)
10.2307/3023445,https://doi.org/10.2307%2F3023445
JSTOR,https://en.wikipedia.org/wiki/JSTOR_(identifier)
3023445,https://www.jstor.org/stable/3023445
^,https://en.wikipedia.org/wiki/Bangladesh#cite_ref-40
Baxter,https://en.wikipedia.org/wiki/Bangladesh#Baxter
^,https://en.wikipedia.org/wiki/Bangladesh#cite_ref-LewisSagar1992_41-0
Political Parties of Asia and the Pacific: A Reference Guide,https://books.google.com/books?id=S4uyAAAAIAAJ
ISBN,https://en.wikipedia.org/wiki/ISBN_(identifier)
978-0-582-09811-4,https://en.wikipedia.org/wiki/Special:BookSources/978-0-582-09811-4
^,https://en.wikipedia.org/wiki/Bangladesh#cite_ref-42
"""The ""Revolution"" of Ayub Khan, 1958–66""",https://countrystudies.us/bangladesh/15.htm
Bangladesh: A Country Study,http://countrystudies.us/bangladesh/
Federal Research Division,https://en.wikipedia.org/wiki/Federal_Research_Division
Library of Congress,https://en.wikipedia.org/wiki/Library_of_Congress
^,https://en.wikipedia.org/wiki/Bangladesh#cite_ref-43
Middle East Journal,https://en.wikipedia.org/wiki/Middle_East_Journal
JSTOR,https://en.wikipedia.org/wiki/JSTOR_(identifier)
4323370,https://www.jstor.org/stable/4323370
^,https://en.wikipedia.org/wiki/Bangladesh#cite_ref-44
"Architecture, Power and National Identity",https://books.google.com/books?id=qWx9AwAAQBAJ&pg=PA291
ISBN,https://en.wikipedia.org/wiki/ISBN_(identifier)
978-1-134-72921-0,https://en.wikipedia.org/wiki/Special:BookSources/978-1-134-72921-0
^,https://en.wikipedia.org/wiki/Bangladesh#cite_ref-45
Statehood and the Law of Self-Determination,https://books.google.com/books?id=L7UOyPGYBkwC&pg=PA336
ISBN,https://en.wikipedia.org/wiki/ISBN_(identifier)
978-90-411-1890-5,https://en.wikipedia.org/wiki/Special:BookSources/978-90-411-1890-5
^,https://en.wikipedia.org/wiki/Bangladesh#cite_ref-46
Yugoslavia Unraveled,https://books.google.com/books?id=9L6ZayN27PAC&pg=PA322
ISBN,https://en.wikipedia.org/wiki/ISBN_(identifier)
978-0-7391-0757-7,https://en.wikipedia.org/wiki/Special:BookSources/978-0-7391-0757-7
^,https://en.wikipedia.org/wiki/Bangladesh#cite_ref-47
"Ahsan, Syed Badrul",https://en.wikipedia.org/wiki/Syed_Badrul_Ahsan
"""The sky, the mind, the ban culture""",http://archive.thedailystar.net/newDesign/news-details.php?nid=140968
Archived,https://web.archive.org/web/20151222114353/http://archive.thedailystar.net/newDesign/news-details.php?nid=140968
^,https://en.wikipedia.org/wiki/Bangladesh#cite_ref-google.co.nz_48-0
Investing in Peace: How Development Aid Can Prevent or Promote Conflict,https://books.google.com/books?id=yZ5zCQAAQBAJ&pg=PT72
ISBN,https://en.wikipedia.org/wiki/ISBN_(identifier)
978-1-317-46729-8,https://en.wikipedia.org/wiki/Special:BookSources/978-1-317-46729-8
Archived,https://web.archive.org/web/20230404212613/https://books.google.com/books?id=yZ5zCQAAQBAJ&pg=PT72
^,https://en.wikipedia.org/wiki/Bangladesh#cite_ref-49
"""The Two Economies thesis: Road to the Six Points Programme""",https://www.thedailystar.net/the-two-economies-thesis-road-to-the-six-points-programme-29679
Archived,https://web.archive.org/web/20221107182453/https://www.thedailystar.net/the-two-economies-thesis-road-to-the-six-points-programme-29679
^,https://en.wikipedia.org/wiki/Bangladesh#cite_ref-50
"""Two Economies to Two Nations: Rehman Sobhan's Journey to Bangladesh""",https://cpd.org.bd/from-two-economies-to-two-nations-my-journey-to-bangladesh/
Archived,https://web.archive.org/web/20221107182457/https://cpd.org.bd/from-two-economies-to-two-nations-my-journey-to-bangladesh/
^,https://en.wikipedia.org/wiki/Bangladesh#cite_ref-countrystudies.us1_51-0
"""Bangladesh – Emerging Discontent, 1966–70""",http://countrystudies.us/bangladesh/16.htm
Archived,https://web.archive.org/web/20110623150140/http://countrystudies.us/bangladesh/16.htm
^,https://en.wikipedia.org/wiki/Bangladesh#cite_ref-52
"""Maulana Bhashani was the first to declare 'Independence' of East Pakistan - Sindh Courier""",https://sindhcourier.com/maulana-bhashani-was-the-first-to-declare-independence-of-east-pakistan/
^,https://en.wikipedia.org/wiki/Bangladesh#cite_ref-53
"""Bangladesh's Independence: The Forgotten Declaration of 4 December""","https://www.daily-sun.com/post/780477#:~:text=On%20that%20fateful%20day%2C%20Bhashani,government%20based%20in%20West%20Pakistan"
^,https://en.wikipedia.org/wiki/Bangladesh#cite_ref-54
Economic and Political Weekly,https://en.wikipedia.org/wiki/Economic_and_Political_Weekly
JSTOR,https://en.wikipedia.org/wiki/JSTOR_(identifier)
4417267,https://www.jstor.org/stable/4417267
^,https://en.wikipedia.org/wiki/Bangladesh#cite_ref-55
"""Zia's declaration""",https://www.thedailystar.net/zias-declaration-19001
^,https://en.wikipedia.org/wiki/Bangladesh#cite_ref-56
History Workshop Journal,https://en.wikipedia.org/wiki/History_Workshop_Journal
doi,https://en.wikipedia.org/wiki/Doi_(identifier)
10.1093/hwj/58.1.275,https://doi.org/10.1093%2Fhwj%2F58.1.275
JSTOR,https://en.wikipedia.org/wiki/JSTOR_(identifier)
25472765,https://www.jstor.org/stable/25472765
^,https://en.wikipedia.org/wiki/Bangladesh#cite_ref-57
"""50 Years of Bangladesh Constitution In a nutshell""",https://www.thedailystar.net/law-our-rights/news/50-years-bangladesh-constitution-nutshell-3160281
The Daily Star,https://en.wikipedia.org/wiki/The_Daily_Star_(Bangladesh)
^,https://en.wikipedia.org/wiki/Bangladesh#cite_ref-58
"""Fall of the Bangabandhu, 1972–75""",https://countrystudies.us/bangladesh/19.htm
Bangladesh: A Country Study,http://countrystudies.us/bangladesh/
Federal Research Division,https://en.wikipedia.org/wiki/Federal_Research_Division
Library of Congress,https://en.wikipedia.org/wiki/Library_of_Congress
a,https://en.wikipedia.org/wiki/Bangladesh#cite_ref-gov0_59-0
b,https://en.wikipedia.org/wiki/Bangladesh#cite_ref-gov0_59-1
c,https://en.wikipedia.org/wiki/Bangladesh#cite_ref-gov0_59-2
d,https://en.wikipedia.org/wiki/Bangladesh#cite_ref-gov0_59-3
Current History,https://en.wikipedia.org/wiki/Current_History
doi,https://en.wikipedia.org/wiki/Doi_(identifier)
10.1525/curh.2016.115.780.130,https://doi.org/10.1525%2Fcurh.2016.115.780.130
JSTOR,https://en.wikipedia.org/wiki/JSTOR_(identifier)
48614157,https://www.jstor.org/stable/48614157
^,https://en.wikipedia.org/wiki/Bangladesh#cite_ref-60
"""The Zia Regime and Its Aftermath, 1977–82""",https://countrystudies.us/bangladesh/21.htm
Bangladesh: A Country Study,http://countrystudies.us/bangladesh/
Federal Research Division,https://en.wikipedia.org/wiki/Federal_Research_Division
Library of Congress,https://en.wikipedia.org/wiki/Library_of_Congress
^,https://en.wikipedia.org/wiki/Bangladesh#cite_ref-61
"""THE ERSHAD PERIOD: Achieving Stability, 1982–83""",https://countrystudies.us/bangladesh/90.htm
Bangladesh: A Country Study,http://countrystudies.us/bangladesh/
Federal Research Division,https://en.wikipedia.org/wiki/Federal_Research_Division
Library of Congress,https://en.wikipedia.org/wiki/Library_of_Congress
^,https://en.wikipedia.org/wiki/Bangladesh#cite_ref-62
"""Emerging Opposition, 1983–86""",https://countrystudies.us/bangladesh/91.htm
Bangladesh: A Country Study,https://countrystudies.us/bangladesh/
Federal Research Division,https://en.wikipedia.org/wiki/Federal_Research_Division
Library of Congress,https://en.wikipedia.org/wiki/Library_of_Congress
^,https://en.wikipedia.org/wiki/Bangladesh#cite_ref-63
"""Relaxation of Martial Law, 1986–87""",https://countrystudies.us/bangladesh/92.htm
Bangladesh: A Country Study,http://countrystudies.us/bangladesh/
Federal Research Division,https://en.wikipedia.org/wiki/Federal_Research_Division
Library of Congress,https://en.wikipedia.org/wiki/Library_of_Congress
^,https://en.wikipedia.org/wiki/Bangladesh#cite_ref-64
"""More Opposition Pressure""",https://countrystudies.us/bangladesh/93.htm
Bangladesh: A Country Study,http://countrystudies.us/bangladesh/
Federal Research Division,https://en.wikipedia.org/wiki/Federal_Research_Division
Library of Congress,https://en.wikipedia.org/wiki/Library_of_Congress
^,https://en.wikipedia.org/wiki/Bangladesh#cite_ref-65
"""Bangladesh grows tired of the Battling Begums""",https://www.bbc.com/news/world-asia-42999503
BBC News,https://en.wikipedia.org/wiki/BBC_News
BBC,https://en.wikipedia.org/wiki/BBC
^,https://en.wikipedia.org/wiki/Bangladesh#cite_ref-66
"""Bangladesh's Sheikh Hasina Wins Landslide Election""",https://www.voanews.com/a/a-13-2008-12-30-voa9/401556.html
Voice of America,https://en.wikipedia.org/wiki/Voice_of_America
^,https://en.wikipedia.org/wiki/Bangladesh#cite_ref-67
"""Sheikh Hasina: The pro-democracy icon who became an autocrat""",https://www.bbc.com/news/articles/cg3ee303yxpo
BBC News,https://en.wikipedia.org/wiki/BBC_News
BBC,https://en.wikipedia.org/wiki/BBC
^,https://en.wikipedia.org/wiki/Bangladesh#cite_ref-68
"""'Hasina, AL leaders behind BDR mutiny'""",https://www.thedailystar.net/news/bangladesh/crime-justice/news/hasina-al-leaders-behind-bdr-mutiny-4047691
^,https://en.wikipedia.org/wiki/Bangladesh#cite_ref-69
"""Did India benefit from BDR mutiny? What the probe commission says""",https://www.tbsnews.net/bangladesh/did-india-benefit-bdr-mutiny-what-probe-commission-says-1299101
^,https://en.wikipedia.org/wiki/Bangladesh#cite_ref-70
"""Bangladesh ruling party wins elections marred by boycott, violence""",https://edition.cnn.com/2014/01/06/world/asia/bangladesh-elections/index.html
CNN,https://en.wikipedia.org/wiki/CNN
^,https://en.wikipedia.org/wiki/Bangladesh#cite_ref-71
"""Bangladesh election: PM Sheikh Hasina wins landslide in disputed vote""",https://www.bbc.com/news/world-asia-46718393
BBC News,https://en.wikipedia.org/wiki/BBC_News
BBC,https://en.wikipedia.org/wiki/BBC
^,https://en.wikipedia.org/wiki/Bangladesh#cite_ref-72
"""Bangladesh election: PM Sheikh Hasina wins fourth term in controversial vote""",https://www.bbc.com/news/world-asia-67889387
BBC News,https://en.wikipedia.org/wiki/BBC_News
BBC,https://en.wikipedia.org/wiki/BBC
^,https://en.wikipedia.org/wiki/Bangladesh#cite_ref-73
"""Bangladesh's Sheikh Hasina forced to resign: What happened and what's next?""",https://www.aljazeera.com/news/2024/8/5/bangladeshs-sheikh-hasina-forced-to-resign-what-happened-and-whats-next
Al Jazeera,https://en.wikipedia.org/wiki/Al_Jazeera
^,https://en.wikipedia.org/wiki/Bangladesh#cite_ref-74
"""Yunus sworn in as interim Bangladesh leader""",https://www.bbc.com/news/articles/clyg7we8xvno
BBC News,https://en.wikipedia.org/wiki/BBC_News
BBC,https://en.wikipedia.org/wiki/BBC
^,https://en.wikipedia.org/wiki/Bangladesh#cite_ref-75
"""From a marginal force to opposition party: The rise of Bangladesh Jamaat-e-Islami""",https://www.tbsnews.net/features/panorama/marginal-force-opposition-party-rise-bangladesh-jamaat-e-islami-1361786
^,https://en.wikipedia.org/wiki/Bangladesh#cite_ref-76
Bangladesh Institute of Development Studies,https://en.wikipedia.org/wiki/Bangladesh_Institute_of_Development_Studies
doi,https://en.wikipedia.org/wiki/Doi_(identifier)
10.57138/XTYK4544,https://doi.org/10.57138%2FXTYK4544
JSTOR,https://en.wikipedia.org/wiki/JSTOR_(identifier)
40795710,https://www.jstor.org/stable/40795710
^,https://en.wikipedia.org/wiki/Bangladesh#cite_ref-77
"""Bangladesh 2nd largest economy in South Asia""",https://www.thedailystar.net/bangladesh/bangladesh-ranked-41st-largest-economy-in-2019-all-over-the-world-study-1684078
The Daily Star,https://en.wikipedia.org/wiki/The_Daily_Star_(Bangladesh)
^,https://en.wikipedia.org/wiki/Bangladesh#cite_ref-78
"""Angst and Denial in India as It's Now Officially Poorer Than Bangladesh""",https://foreignpolicy.com/2020/10/20/india-falls-behind-bangladesh-gdp/
Foreign Policy,https://en.wikipedia.org/wiki/Foreign_Policy
^,https://en.wikipedia.org/wiki/Bangladesh#cite_ref-79
"""What milestones have Bangladesh crossed in 50 years""",https://cri.org.bd/2021/03/26/what-milestones-have-bangladesh-crossed-in-50-years/
^,https://en.wikipedia.org/wiki/Bangladesh#cite_ref-80
"""Bangladesh: Reducing Poverty and Sharing Prosperity""",https://www.worldbank.org/en/results/2018/11/15/bangladesh-reducing-poverty-and-sharing-prosperity
^,https://en.wikipedia.org/wiki/Bangladesh#cite_ref-81
"""Country Profile – Poverty and Inequality Platform""",https://pip.worldbank.org/country-profiles/BGD
World Bank,https://en.wikipedia.org/wiki/World_Bank
^,https://en.wikipedia.org/wiki/Bangladesh#cite_ref-82
"""New directions for human development in Bangladesh""",https://bangladesh.un.org/en/256074-new-directions-human-development-bangladesh
^,https://en.wikipedia.org/wiki/Bangladesh#cite_ref-83
"""Green RMG factories: How Bangladesh became a global champion""",https://www.tbsnews.net/supplement/green-rmg-factories-how-bangladesh-became-global-champion-939426
Business Standard,https://en.wikipedia.org/wiki/Business_Standard
^,https://en.wikipedia.org/wiki/Bangladesh#cite_ref-84
"""Rohingya Refugee Crisis Explained""",https://www.unrefugees.org/news/rohingya-refugee-crisis-explained/
United Nations Commission on Human Rights,https://en.wikipedia.org/wiki/United_Nations_Commission_on_Human_Rights
^,https://en.wikipedia.org/wiki/Bangladesh#cite_ref-85
"""How the World's Largest Delta Might Slowly Go Under Water""",https://www.discovery.com/nature/largest-delta-underwater
Archived,https://web.archive.org/web/20200208052815/http://www.discovery.com/nature/largest-delta-underwater
^,https://en.wikipedia.org/wiki/Bangladesh#cite_ref-86
"""No Place Like Home – BANGLADESH: LAND OF RIVERS""",https://ejfoundation.org/films/bangladesh-land-of-rivers
Archived,https://web.archive.org/web/20200930051647/https://ejfoundation.org/films/bangladesh-land-of-rivers
^,https://en.wikipedia.org/wiki/Bangladesh#cite_ref-87
Ashgate Publishing,https://en.wikipedia.org/wiki/Ashgate_Publishing
ISBN,https://en.wikipedia.org/wiki/ISBN_(identifier)
978-0-7546-4527-6,https://en.wikipedia.org/wiki/Special:BookSources/978-0-7546-4527-6
^,https://en.wikipedia.org/wiki/Bangladesh#cite_ref-ali_88-0
Bibcode,https://en.wikipedia.org/wiki/Bibcode_(identifier)
1996WASP...92..171A,https://ui.adsabs.harvard.edu/abs/1996WASP...92..171A
doi,https://en.wikipedia.org/wiki/Doi_(identifier)
10.1007/BF00175563,https://doi.org/10.1007%2FBF00175563
a,https://en.wikipedia.org/wiki/Bangladesh#cite_ref-CIA_89-0
b,https://en.wikipedia.org/wiki/Bangladesh#cite_ref-CIA_89-1
"""Bangladesh""",https://web.archive.org/web/20211205000000/https://www.cia.gov/the-world-factbook/about/archives/download/factbook-2007.zip
The World Factbook,https://en.wikipedia.org/wiki/The_World_Factbook
Central Intelligence Agency,https://en.wikipedia.org/wiki/Central_Intelligence_Agency
^,https://en.wikipedia.org/wiki/Bangladesh#cite_ref-90
"Terms and Definitions FRA 2025 Forest Resources Assessment, Working Paper 194",https://openknowledge.fao.org/server/api/core/bitstreams/a6e225da-4a31-4e06-818d-ca3aeadfd635/content
Archived,https://web.archive.org/web/20240911122341/https://openknowledge.fao.org/server/api/core/bitstreams/a6e225da-4a31-4e06-818d-ca3aeadfd635/content
^,https://en.wikipedia.org/wiki/Bangladesh#cite_ref-91
"""Global Forest Resources Assessment 2020, Bangladesh""",https://fra-data.fao.org/assessments/fra/2020/BGD/home/overview
Archived,https://web.archive.org/web/20240919133606/https://fra-data.fao.org/assessments/fra/2020/BGD/home/overview/
^,https://en.wikipedia.org/wiki/Bangladesh#cite_ref-92
"""Map of Dinajpur""",https://web.archive.org/web/20110713134542/http://kantaji.com/dinajpurmap.html
the original,http://kantaji.com/dinajpurmap.html
^,https://en.wikipedia.org/wiki/Bangladesh#cite_ref-NatDis_93-0
"""The Third World""",https://books.google.com/books?id=gWHsuGTcF34C&pg=PA532
ISBN,https://en.wikipedia.org/wiki/ISBN_(identifier)
978-0-412-04751-0,https://en.wikipedia.org/wiki/Special:BookSources/978-0-412-04751-0
^,https://en.wikipedia.org/wiki/Bangladesh#cite_ref-94
"Beset by Bay's Killer Storms, Bangladesh Prepares and Hopes",https://www.latimes.com/archives/la-xpm-2005-feb-27-adfg-bangla27-story.html
Archived,https://web.archive.org/web/20240902065034/https://www.latimes.com/archives/la-xpm-2005-feb-27-adfg-bangla27-story.html
Wayback Machine,https://en.wikipedia.org/wiki/Wayback_Machine
^,https://en.wikipedia.org/wiki/Bangladesh#cite_ref-EWG_95-0
"""The Indian Subcontinent""",https://books.google.com/books?id=IROIY4ONOSEC&pg=PA2634
ISBN,https://en.wikipedia.org/wiki/ISBN_(identifier)
978-0-7614-7308-4,https://en.wikipedia.org/wiki/Special:BookSources/978-0-7614-7308-4
OCLC,https://en.wikipedia.org/wiki/OCLC_(identifier)
46578454,https://search.worldcat.org/oclc/46578454
Archived,https://web.archive.org/web/20240328182107/https://books.google.com/books?id=IROIY4ONOSEC&pg=PA2634
^,https://en.wikipedia.org/wiki/Bangladesh#cite_ref-96
"""Disaster Preparedness for Sustainable Development in Bangladesh""",https://web.archive.org/web/20210724074442/https://www.daily-sun.com/arcprint/details/294175/Disaster-Preparedness-for-Sustainable-Development-in-Bangladesh/2018-03-10
the original,https://www.daily-sun.com/arcprint/details/294175/Disaster-Preparedness-for-Sustainable-Development-in-Bangladesh/2018-03-10
^,https://en.wikipedia.org/wiki/Bangladesh#cite_ref-97
"""Bangladesh flood death toll nears 500, thousands ill""",http://www.alertnet.org/thenews/newsdesk/DHA30252.htm
Reuters,https://en.wikipedia.org/wiki/Reuters
Archived,https://web.archive.org/web/20080205073714/http://www.alertnet.org/thenews/newsdesk/DHA30252.htm
^,https://en.wikipedia.org/wiki/Bangladesh#cite_ref-98
"""New elevation data triple estimates of global vulnerability to sea-level rise and coastal flooding""",https://www.ncbi.nlm.nih.gov/pmc/articles/PMC6820795
Bibcode,https://en.wikipedia.org/wiki/Bibcode_(identifier)
2019NatCo..10.4844K,https://ui.adsabs.harvard.edu/abs/2019NatCo..10.4844K
doi,https://en.wikipedia.org/wiki/Doi_(identifier)
10.1038/s41467-019-12808-z,https://doi.org/10.1038%2Fs41467-019-12808-z
PMC,https://en.wikipedia.org/wiki/PMC_(identifier)
6820795,https://www.ncbi.nlm.nih.gov/pmc/articles/PMC6820795
PMID,https://en.wikipedia.org/wiki/PMID_(identifier)
31664024,https://pubmed.ncbi.nlm.nih.gov/31664024
^,https://en.wikipedia.org/wiki/Bangladesh#cite_ref-99
"""Report: Flooded Future: Global vulnerability to sea level rise worse than previously understood""",https://web.archive.org/web/20191102025006/https://climatecentral.org/news/report-flooded-future-global-vulnerability-to-sea-level-rise-worse-than-previously-understood
the original,https://climatecentral.org/news/report-flooded-future-global-vulnerability-to-sea-level-rise-worse-than-previously-understood
^,https://en.wikipedia.org/wiki/Bangladesh#cite_ref-100
Climate Change and the Bay of Bengal,https://books.google.com/books?id=UB1qDwAAQBAJ&pg=PT67
ISBN,https://en.wikipedia.org/wiki/ISBN_(identifier)
978-981-4762-01-4,https://en.wikipedia.org/wiki/Special:BookSources/978-981-4762-01-4
Archived,https://web.archive.org/web/20240328182105/https://books.google.com/books?id=UB1qDwAAQBAJ&pg=PT67#v=onepage&q&f=false
^,https://en.wikipedia.org/wiki/Bangladesh#cite_ref-101
"Bangladesh Climate Change Strategy and Action Plan, 2008",https://web.archive.org/web/20091007060017/http://www.moef.gov.bd/moef.pdf
ISBN,https://en.wikipedia.org/wiki/ISBN_(identifier)
978-984-8574-25-6,https://en.wikipedia.org/wiki/Special:BookSources/978-984-8574-25-6
the original,http://www.moef.gov.bd/moef.pdf
^,https://en.wikipedia.org/wiki/Bangladesh#cite_ref-102
"""The Unfolding Tragedy of Climate Change in Bangladesh""",https://blogs.scientificamerican.com/guest-blog/the-unfolding-tragedy-of-climate-change-in-bangladesh/
Archived,https://web.archive.org/web/20171201040750/https://blogs.scientificamerican.com/guest-blog/the-unfolding-tragedy-of-climate-change-in-bangladesh/
^,https://en.wikipedia.org/wiki/Bangladesh#cite_ref-103
"""Bangladesh Delta Plan 2100""",https://www.dutchwatersector.com/news/bangladesh-delta-plan-2100
Archived,https://web.archive.org/web/20230513135800/https://www.dutchwatersector.com/news/bangladesh-delta-plan-2100
^,https://en.wikipedia.org/wiki/Bangladesh#cite_ref-104
"""Bangladesh Delta Plan (BDP) 2100""",https://www.gwp.org/globalassets/global/gwp-sas_images/gwp-sas-in-action/ldai/bdp-2100-ppt.pdf
Archived,https://ghostarchive.org/archive/20221009/https://www.gwp.org/globalassets/global/gwp-sas_images/gwp-sas-in-action/ldai/bdp-2100-ppt.pdf
^,https://en.wikipedia.org/wiki/Bangladesh#cite_ref-DinersteinOlson2017_105-0
"""An Ecoregion-Based Approach to Protecting Half the Terrestrial Realm""",https://www.ncbi.nlm.nih.gov/pmc/articles/PMC5451287
doi,https://en.wikipedia.org/wiki/Doi_(identifier)
10.1093/biosci/bix014,https://doi.org/10.1093%2Fbiosci%2Fbix014
PMC,https://en.wikipedia.org/wiki/PMC_(identifier)
5451287,https://www.ncbi.nlm.nih.gov/pmc/articles/PMC5451287
PMID,https://en.wikipedia.org/wiki/PMID_(identifier)
28608869,https://pubmed.ncbi.nlm.nih.gov/28608869
a,https://en.wikipedia.org/wiki/Bangladesh#cite_ref-global.britannica.com_106-0
b,https://en.wikipedia.org/wiki/Bangladesh#cite_ref-global.britannica.com_106-1
Bangladesh | history – geography :: Plant and animal life,http://global.britannica.com/EBchecked/topic/51736/Bangladesh/33426/Plant-and-animal-life
Archived,https://web.archive.org/web/20140203195926/http://global.britannica.com/EBchecked/topic/51736/Bangladesh/33426/Plant-and-animal-life
Wayback Machine,https://en.wikipedia.org/wiki/Wayback_Machine
^,https://en.wikipedia.org/wiki/Bangladesh#cite_ref-107
"""Flora and Fauna – Bangladesh high commission in India""",https://web.archive.org/web/20130820012655/http://www.bdhcdelhi.org/index.php/flora-fauna
the original,http://www.bdhcdelhi.org/index.php/flora-fauna
^,https://en.wikipedia.org/wiki/Bangladesh#cite_ref-108
"""Protected Area Profile for Bangladesh from the World Database of Protected Areas""",https://www.protectedplanet.net/country/BGD
World Database on Protected Areas,https://en.wikipedia.org/wiki/World_Database_on_Protected_Areas
^,https://en.wikipedia.org/wiki/Bangladesh#cite_ref-109
"""The Sundarbans""",https://whc.unesco.org/en/list/798/
UNESCO,https://en.wikipedia.org/wiki/UNESCO
^,https://en.wikipedia.org/wiki/Bangladesh#cite_ref-110
"""A Review of the Present Threats to Tropical Moist Deciduous Sal (Shorea Robusta) Forest Ecosystem of Central Bangladesh""",https://journals.sagepub.com/doi/10.1177/194008291000300108
Sage Journals,https://en.wikipedia.org/wiki/Sage_Journals
doi,https://en.wikipedia.org/wiki/Doi_(identifier)
10.1177/194008291000300108,https://doi.org/10.1177%2F194008291000300108
^,https://en.wikipedia.org/wiki/Bangladesh#cite_ref-111
"""Is St Martin's actually a 'coral island', what do researchers say?""",https://en.prothomalo.com/environment/9rpuv1x2ra
Prothom Alo,https://en.wikipedia.org/wiki/Prothom_Alo
^,https://en.wikipedia.org/wiki/Bangladesh#cite_ref-112
"""Lost Wards of the State""",http://archive.thedailystar.net/magazine/2012/07/01/cover.htm
Archived,https://web.archive.org/web/20150214120509/http://archive.thedailystar.net/magazine/2012/07/01/cover.htm
^,https://en.wikipedia.org/wiki/Bangladesh#cite_ref-113
Encyclopedia of World Geography,https://books.google.com/books?id=IROIY4ONOSEC&pg=PA2620
ISBN,https://en.wikipedia.org/wiki/ISBN_(identifier)
978-0-7614-7289-6,https://en.wikipedia.org/wiki/Special:BookSources/978-0-7614-7289-6
Archived,https://web.archive.org/web/20240328182110/https://books.google.com/books?id=IROIY4ONOSEC&pg=PA2620
a,https://en.wikipedia.org/wiki/Bangladesh#cite_ref-bearprojectbd.weebly.com_114-0
b,https://en.wikipedia.org/wiki/Bangladesh#cite_ref-bearprojectbd.weebly.com_114-1
"""Bears in Bangladesh""",http://bearprojectbd.weebly.com/bears-in-bangladesh.html
Archived,https://web.archive.org/web/20150214061240/http://bearprojectbd.weebly.com/bears-in-bangladesh.html
^,https://en.wikipedia.org/wiki/Bangladesh#cite_ref-115
"""6,000 Rare, Large River Dolphins Found in Bangladesh""",https://web.archive.org/web/20141012093653/http://news.nationalgeographic.com/news/2009/03/090331-dolphins-found.html
the original,http://news.nationalgeographic.com/news/2009/03/090331-dolphins-found.html
^,https://en.wikipedia.org/wiki/Bangladesh#cite_ref-116
"""Conserving biodiversity must for survival""",http://archive.thedailystar.net/newDesign/news-details.php?nid=89375
Archived,https://web.archive.org/web/20150530100603/http://archive.thedailystar.net/newDesign/news-details.php?nid=89375
^,https://en.wikipedia.org/wiki/Bangladesh#cite_ref-117
doi,https://en.wikipedia.org/wiki/Doi_(identifier)
10.1142/9789811263750_0005,https://doi.org/10.1142%2F9789811263750_0005
ISBN,https://en.wikipedia.org/wiki/ISBN_(identifier)
978-981-12-6374-3,https://en.wikipedia.org/wiki/Special:BookSources/978-981-12-6374-3
^,https://en.wikipedia.org/wiki/Bangladesh#cite_ref-118
"""The Bangladesh Environmental Humanities Reader: by Samina Luthfa, Mohammad Tanzimuddin Khan, and Munasir Kamal, Lanham, Lexinton Books, 2022 ISBN 978-1-4985-9913-9 and 978-1-4985-9914-6""",https://doi.org/10.1080%2F09644016.2023.2192149
doi,https://en.wikipedia.org/wiki/Doi_(identifier)
10.1080/09644016.2023.2192149,https://doi.org/10.1080%2F09644016.2023.2192149
a,https://en.wikipedia.org/wiki/Bangladesh#cite_ref-cbd.int_119-0
b,https://en.wikipedia.org/wiki/Bangladesh#cite_ref-cbd.int_119-1
"""Bangladesh – Country Profile""",http://www.cbd.int/countries/profile/default.shtml?country=bd
Archived,https://web.archive.org/web/20150217020013/http://www.cbd.int/countries/profile/default.shtml?country=bd
a,https://en.wikipedia.org/wiki/Bangladesh#cite_ref-gov2_120-0
b,https://en.wikipedia.org/wiki/Bangladesh#cite_ref-gov2_120-1
c,https://en.wikipedia.org/wiki/Bangladesh#cite_ref-gov2_120-2
d,https://en.wikipedia.org/wiki/Bangladesh#cite_ref-gov2_120-3
e,https://en.wikipedia.org/wiki/Bangladesh#cite_ref-gov2_120-4
f,https://en.wikipedia.org/wiki/Bangladesh#cite_ref-gov2_120-5
g,https://en.wikipedia.org/wiki/Bangladesh#cite_ref-gov2_120-6
h,https://en.wikipedia.org/wiki/Bangladesh#cite_ref-gov2_120-7
i,https://en.wikipedia.org/wiki/Bangladesh#cite_ref-gov2_120-8
j,https://en.wikipedia.org/wiki/Bangladesh#cite_ref-gov2_120-9
k,https://en.wikipedia.org/wiki/Bangladesh#cite_ref-gov2_120-10
l,https://en.wikipedia.org/wiki/Bangladesh#cite_ref-gov2_120-11
"""Explained: The branches of Bangladesh's government""",https://www.thedailystar.net/rising-stars/explained/news/explained-the-branches-bangladeshs-government-3512581
The Daily Star,https://en.wikipedia.org/wiki/The_Daily_Star_(Bangladesh)
^,https://en.wikipedia.org/wiki/Bangladesh#cite_ref-gov_121-0
The Journal of Legislative Studies,https://en.wikipedia.org/wiki/The_Journal_of_Legislative_Studies
doi,https://en.wikipedia.org/wiki/Doi_(identifier)
10.1080/13572334.2014.975470,https://doi.org/10.1080%2F13572334.2014.975470
^,https://en.wikipedia.org/wiki/Bangladesh#cite_ref-122
"""61.Supreme command""",http://bdlaws.minlaw.gov.bd/act-367/section-24615.html
Legislative and Parliamentary Affairs Division,https://en.wikipedia.org/wiki/Legislative_and_Parliamentary_Affairs_Division
^,https://en.wikipedia.org/wiki/Bangladesh#cite_ref-123
"""The Dhaka University Order, 1973 (President's Order)""",http://bdlaws.minlaw.gov.bd/act-details-447.html
Legislative and Parliamentary Affairs Division,https://en.wikipedia.org/wiki/Legislative_and_Parliamentary_Affairs_Division
a,https://en.wikipedia.org/wiki/Bangladesh#cite_ref-parliament_124-0
b,https://en.wikipedia.org/wiki/Bangladesh#cite_ref-parliament_124-1
"""65. Establishment of Parliament""",http://bdlaws.minlaw.gov.bd/act-367/section-24619.html
Legislative and Parliamentary Affairs Division,https://en.wikipedia.org/wiki/Legislative_and_Parliamentary_Affairs_Division
^,https://en.wikipedia.org/wiki/Bangladesh#cite_ref-125
"""Women MPs in reserved seats: How empowered are they really?""",https://www.thedailystar.net/news/bangladesh/news/women-mps-reserved-seats-how-empowered-are-they-really-3601271
The Daily Star,https://en.wikipedia.org/wiki/The_Daily_Star_(Bangladesh)
^,https://en.wikipedia.org/wiki/Bangladesh#cite_ref-126
"""Article 70 of Constitution: It's a safeguard for democracy""",https://www.thedailystar.net/backpage/article-70-constitution-its-safeguard-democracy-1581670
The Daily Star,https://en.wikipedia.org/wiki/The_Daily_Star_(Bangladesh)
^,https://en.wikipedia.org/wiki/Bangladesh#cite_ref-127
"""54.Speaker to act as President during absence, etc""",http://bdlaws.minlaw.gov.bd/act-367/section-24603.html
Legislative and Parliamentary Affairs Division,https://en.wikipedia.org/wiki/Legislative_and_Parliamentary_Affairs_Division
a,https://en.wikipedia.org/wiki/Bangladesh#cite_ref-court_128-0
b,https://en.wikipedia.org/wiki/Bangladesh#cite_ref-court_128-1
"""THE JUDICIARY""",http://bdlaws.minlaw.gov.bd/act-367/part-details-203.html
Legislative and Parliamentary Affairs Division,https://en.wikipedia.org/wiki/Legislative_and_Parliamentary_Affairs_Division
^,https://en.wikipedia.org/wiki/Bangladesh#cite_ref-129
"""111.Binding effect of Supreme Court judgments""",http://bdlaws.minlaw.gov.bd/act-367/section-24668.html
Legislative and Parliamentary Affairs Division,https://en.wikipedia.org/wiki/Legislative_and_Parliamentary_Affairs_Division
^,https://en.wikipedia.org/wiki/Bangladesh#cite_ref-130
"""Huge case backlog only hurting citizens""",https://www.thedailystar.net/opinion/editorial/news/huge-case-backlog-only-hurting-citizens-3306391
The Daily Star,https://en.wikipedia.org/wiki/The_Daily_Star_(Bangladesh)
^,https://en.wikipedia.org/wiki/Bangladesh#cite_ref-131
"""Bangladesh | The Global State of Democracy""",https://www.idea.int/democracytracker/country/bangladesh
^,https://en.wikipedia.org/wiki/Bangladesh#cite_ref-132
"""Home | The Global State of Democracy""",https://www.idea.int/democracytracker/
^,https://en.wikipedia.org/wiki/Bangladesh#cite_ref-133
"""Global State of Democracy Indices | The Global State of Democracy""",https://www.idea.int/democracytracker/gsod-indices
^,https://en.wikipedia.org/wiki/Bangladesh#cite_ref-134
"""National Web Portal of Bangladesh""",http://www.bangladesh.gov.bd/site/view/division-list/List-of-Divisions
Archived,https://web.archive.org/web/20150923061605/http://www.bangladesh.gov.bd/site/view/division-list/List-of-Divisions
^,https://en.wikipedia.org/wiki/Bangladesh#cite_ref-135
"""Rangpur becomes a divivion""",http://bdnews24.com/bangladesh/2010/01/25/rangpur-becomes-a-division
Archived,https://web.archive.org/web/20150903184553/http://bdnews24.com/bangladesh/2010/01/25/rangpur-becomes-a-division
a,https://en.wikipedia.org/wiki/Bangladesh#cite_ref-namechange_136-0
b,https://en.wikipedia.org/wiki/Bangladesh#cite_ref-namechange_136-1
"""Bangladesh changes English spellings of five districts""",https://bdnews24.com/bangladesh/2018/04/02/bangladesh-changes-english-spellings-of-five-districts
Archived,https://web.archive.org/web/20201215091950/https://bdnews24.com/bangladesh/2018/04/02/bangladesh-changes-english-spellings-of-five-districts
^,https://en.wikipedia.org/wiki/Bangladesh#cite_ref-137
^,https://en.wikipedia.org/wiki/Bangladesh#cite_ref-138
"""Health Bulletin 2016""",http://www.dghs.gov.bd/images/docs/Publicaations/HB%202016%20_2nd_edition_13_01_17.pdf
Archived,https://web.archive.org/web/20170613050056/http://dghs.gov.bd/images/docs/Publicaations/HB%202016%20_2nd_edition_13_01_17.pdf
^,https://en.wikipedia.org/wiki/Bangladesh#cite_ref-139
"""Population Projection of Bangladesh: Dynamics and Trends, 2011–2061""",http://203.112.218.65:8008/WebTestApplication/userfiles/Image/PopMonographs/PopulationProjection.pdf
Archived,https://ghostarchive.org/archive/20221009/http://203.112.218.65:8008/WebTestApplication/userfiles/Image/PopMonographs/PopulationProjection.pdf
^,https://en.wikipedia.org/wiki/Bangladesh#cite_ref-140
"""Bangladesh at 50: On the Path to Becoming a Middle Power""",https://thediplomat.com/2021/12/bangladesh-at-50-on-the-path-to-becoming-a-middle-power/
The Diplomat,https://en.wikipedia.org/wiki/The_Diplomat_(magazine)
Archived,https://web.archive.org/web/20220926153004/https://thediplomat.com/2021/12/bangladesh-at-50-on-the-path-to-becoming-a-middle-power/
^,https://en.wikipedia.org/wiki/Bangladesh#cite_ref-141
"""Understanding the Importance of Bangladesh in the Bay of Bengal and the Indo-Pacific""",https://www.nbr.org/publication/understanding-the-importance-of-bangladesh-in-the-bay-of-bengal-and-the-indo-pacific/
National Bureau of Asian Research,https://en.wikipedia.org/wiki/National_Bureau_of_Asian_Research
Archived,https://web.archive.org/web/20220926153004/https://www.nbr.org/publication/understanding-the-importance-of-bangladesh-in-the-bay-of-bengal-and-the-indo-pacific/
^,https://en.wikipedia.org/wiki/Bangladesh#cite_ref-142
"""Connecting South Asia and Southeast Asia: A Bangladesh Country Study""",https://www.adb.org/sites/default/files/publication/156355/adbi-wp500.pdf
Asian Development Bank,https://en.wikipedia.org/wiki/Asian_Development_Bank
Archived,https://ghostarchive.org/archive/20221009/https://www.adb.org/sites/default/files/publication/156355/adbi-wp500.pdf
^,https://en.wikipedia.org/wiki/Bangladesh#cite_ref-143
"""Bangladesh enters Commonwealth""",https://www.thedailystar.net/backpage/news/bangladesh-enters-commonwealth-1894048
The Daily Star,https://en.wikipedia.org/wiki/The_Daily_Star_(Bangladesh)
Archived,https://web.archive.org/web/20220926153013/https://www.thedailystar.net/backpage/news/bangladesh-enters-commonwealth-1894048
^,https://en.wikipedia.org/wiki/Bangladesh#cite_ref-144
"""Bangladesh marks 40 years as Member State of the UN""",https://news.un.org/en/audio/2014/09/592702
Archived,https://web.archive.org/web/20220926153010/https://news.un.org/en/audio/2014/09/592702
^,https://en.wikipedia.org/wiki/Bangladesh#cite_ref-145
"""Roundtable on 'Non Traditional Security Threats in the Indo-Pacific Region' – NTS-Asia""",https://rsis-ntsasia.org/roundtable-on-non-traditional-security-threats-in-the-indo-pacific-region/
Archived,https://web.archive.org/web/20220928184723/https://rsis-ntsasia.org/roundtable-on-non-traditional-security-threats-in-the-indo-pacific-region/
^,https://en.wikipedia.org/wiki/Bangladesh#cite_ref-146
"""Prospects of India–Bangladesh Economic Cooperation: Implications for South Asian Regional Cooperation""",https://www.adb.org/sites/default/files/publication/156717/adbi-dp78.pdf
Asian Development Bank,https://en.wikipedia.org/wiki/Asian_Development_Bank
Archived,https://ghostarchive.org/archive/20221009/https://www.adb.org/sites/default/files/publication/156717/adbi-dp78.pdf
^,https://en.wikipedia.org/wiki/Bangladesh#cite_ref-147
"""Bangladesh an example of religious harmony: OIC""",https://www.thedailystar.net/backpage/news/bangladesh-example-religious-harmony-oic-2064177
The Daily Star,https://en.wikipedia.org/wiki/The_Daily_Star_(Bangladesh)
Archived,https://web.archive.org/web/20220927102404/https://www.thedailystar.net/backpage/news/bangladesh-example-religious-harmony-oic-2064177
^,https://en.wikipedia.org/wiki/Bangladesh#cite_ref-148
"""Bangladesh receives ""International Peace Award"" as D-8 founding member""",https://www.thedailystar.net/news/bangladesh/news/bangladesh-receives-international-peace-award-d-8-founding-member-3085371
The Daily Star,https://en.wikipedia.org/wiki/The_Daily_Star_(Bangladesh)
Archived,https://web.archive.org/web/20220927102352/https://www.thedailystar.net/news/bangladesh/news/bangladesh-receives-international-peace-award-d-8-founding-member-3085371
^,https://en.wikipedia.org/wiki/Bangladesh#cite_ref-149
"""Regional Trade and Connectivity in South Asia Gets More Than $1 Billion Boost from World Bank""",https://www.worldbank.org/en/news/press-release/2022/06/28/regional-trade-and-connectivity-in-south-asia-gets-more-than-1-billion-boost-from-world-bank
Archived,https://web.archive.org/web/20220928184718/https://www.worldbank.org/en/news/press-release/2022/06/28/regional-trade-and-connectivity-in-south-asia-gets-more-than-1-billion-boost-from-world-bank
^,https://en.wikipedia.org/wiki/Bangladesh#cite_ref-:5_150-0
"""Ultimate goal is to join ASEAN as a full member""",https://today.thefinancialexpress.com.bd/trade-market/ultimate-goal-is-to-join-asean-as-a-full-member-1743783067
^,https://en.wikipedia.org/wiki/Bangladesh#cite_ref-151
"""Will Bangladesh join Asean? Maritime arbitration wins favour Dhaka""",https://www.scmp.com/week-asia/politics/article/3277348/will-bangladesh-join-asean-maritime-arbitration-wins-and-cultural-links-favour-dhaka
^,https://en.wikipedia.org/wiki/Bangladesh#cite_ref-152
"""Perhaps: Should Bangladesh be a member of ASEAN?""",https://apakhabartv.com/2025/02/08/perhaps/
a,https://en.wikipedia.org/wiki/Bangladesh#cite_ref-RohingyaHRW_153-0
b,https://en.wikipedia.org/wiki/Bangladesh#cite_ref-RohingyaHRW_153-1
"""Bangladesh Is Not My Country""",https://www.hrw.org/report/2018/08/05/bangladesh-not-my-country/plight-rohingya-refugees-myanmar
Human Rights Watch,https://en.wikipedia.org/wiki/Human_Rights_Watch
Archived,https://web.archive.org/web/20220927102348/https://www.hrw.org/report/2018/08/05/bangladesh-not-my-country/plight-rohingya-refugees-myanmar
^,https://en.wikipedia.org/wiki/Bangladesh#cite_ref-154
"""Bangladesh and Myanmar Resume Talks on Rohingya Repatriation""",https://thediplomat.com/2022/02/bangladesh-and-myanmar-resume-talks-on-rohingya-repatriation/
Archived,https://web.archive.org/web/20220928184715/https://thediplomat.com/2022/02/bangladesh-and-myanmar-resume-talks-on-rohingya-repatriation/
^,https://en.wikipedia.org/wiki/Bangladesh#cite_ref-155
"""Bangladesh tells UN that Rohingya refugees must return to Myanmar""",https://www.aljazeera.com/news/2022/8/17/rohingya-refugees-have-to-be-taken-back-bangladesh-pm-says
Al Jazeera,https://en.wikipedia.org/wiki/Al_Jazeera_Media_Network
Archived,https://web.archive.org/web/20220926223428/https://www.aljazeera.com/news/2022/8/17/rohingya-refugees-have-to-be-taken-back-bangladesh-pm-says
^,https://en.wikipedia.org/wiki/Bangladesh#cite_ref-156
"""India-Bangladesh Bilateral Relations""",https://mea.gov.in/Portal/ForeignRelation/India_Bangladesh_MAR2021.pdf
Ministry of External Affairs (India),https://en.wikipedia.org/wiki/Ministry_of_External_Affairs_(India)
Archived,https://ghostarchive.org/archive/20221009/https://mea.gov.in/Portal/ForeignRelation/India_Bangladesh_MAR2021.pdf
^,https://en.wikipedia.org/wiki/Bangladesh#cite_ref-157
"""India and Bangladesh Conflict over the Ganges River | Climate-Diplomacy""",https://climate-diplomacy.org/case-studies/india-and-bangladesh-conflict-over-ganges-river
Archived,https://web.archive.org/web/20221023122123/https://climate-diplomacy.org/case-studies/india-and-bangladesh-conflict-over-ganges-river
^,https://en.wikipedia.org/wiki/Bangladesh#cite_ref-158
Transboundary Water Cooperation between Bangladesh and India in the Ganges River Basin: Exploring a Benefit-sharing Approach,http://www.diva-portal.org/smash/get/diva2:1499222/FULLTEXT01.pdf
Uppsala University,https://en.wikipedia.org/wiki/Uppsala_University
Archived,https://ghostarchive.org/archive/20221009/http://www.diva-portal.org/smash/get/diva2:1499222/FULLTEXT01.pdf
^,https://en.wikipedia.org/wiki/Bangladesh#cite_ref-159
"""India Must Settle the Teesta River Dispute With Bangladesh for Lasting Gains""",https://thediplomat.com/2021/04/india-must-settle-the-teesta-river-dispute-with-bangladesh-for-lasting-gains/
The Diplomat,https://en.wikipedia.org/wiki/The_Diplomat_(magazine)
Archived,https://web.archive.org/web/20220927102352/https://thediplomat.com/2021/04/india-must-settle-the-teesta-river-dispute-with-bangladesh-for-lasting-gains/
^,https://en.wikipedia.org/wiki/Bangladesh#cite_ref-160
"""'Unlawful killings' along India border: Bangladeshi families seek justice""",https://www.aa.com.tr/en/asia-pacific/unlawful-killings-along-india-border-bangladeshi-families-seek-justice/2141343
Anadolu Agency,https://en.wikipedia.org/wiki/Anadolu_Agency
Archived,https://web.archive.org/web/20220927102348/https://www.aa.com.tr/en/asia-pacific/unlawful-killings-along-india-border-bangladeshi-families-seek-justice/2141343
^,https://en.wikipedia.org/wiki/Bangladesh#cite_ref-161
"""Bangladesh sees highest border deaths in 10 years""",https://archive.dhakatribune.com/bangladesh/2020/12/22/bangladesh-sees-highest-border-deaths-in-10-years
Dhaka Tribune,https://en.wikipedia.org/wiki/Dhaka_Tribune
Archived,https://web.archive.org/web/20220927102351/https://archive.dhakatribune.com/bangladesh/2020/12/22/bangladesh-sees-highest-border-deaths-in-10-years
^,https://en.wikipedia.org/wiki/Bangladesh#cite_ref-162
"""Should Pakistan apologize to Bangladesh for the 1971 war?""",https://www.dw.com/en/should-pakistan-apologize-to-bangladesh-for-the-1971-war/a-57051549
DW News,https://en.wikipedia.org/wiki/DW_News
Deutsche Welle,https://en.wikipedia.org/wiki/Deutsche_Welle
Archived,https://web.archive.org/web/20220927102348/https://www.dw.com/en/should-pakistan-apologize-to-bangladesh-for-the-1971-war/a-57051549
^,https://en.wikipedia.org/wiki/Bangladesh#cite_ref-163
"""Decoding China-Bangladesh relationship""",https://www.orfonline.org/expert-speak/41935-decoding-china-bangladesh-relationship/
Observer Research Foundation,https://en.wikipedia.org/wiki/Observer_Research_Foundation
Archived,https://web.archive.org/web/20220927102352/https://www.orfonline.org/expert-speak/41935-decoding-china-bangladesh-relationship/
^,https://en.wikipedia.org/wiki/Bangladesh#cite_ref-164
"""50 Years of Japan-Bangladesh Ties: From Economic to Strategic Partnership""",https://thediplomat.com/2022/02/50-years-of-japan-bangladesh-ties-from-economic-to-strategic-partnership/
The Diplomat,https://en.wikipedia.org/wiki/The_Diplomat_(magazine)
Archived,https://web.archive.org/web/20220926153002/https://thediplomat.com/2022/02/50-years-of-japan-bangladesh-ties-from-economic-to-strategic-partnership/
^,https://en.wikipedia.org/wiki/Bangladesh#cite_ref-165
"""Bangladesh and Saudi Arabia have extremely cordial relations – Rizvi""",https://saudigazette.com.sa/article/38010
Archived,https://web.archive.org/web/20220928184720/https://saudigazette.com.sa/article/38010
^,https://en.wikipedia.org/wiki/Bangladesh#cite_ref-166
"""Middle East dual shock spillover on Bangladesh's remittance""",https://www.tbsnews.net/thoughts/middle-east-dual-shock-spillover-bangladeshs-remittance-108325
Archived,https://web.archive.org/web/20220928184724/https://www.tbsnews.net/thoughts/middle-east-dual-shock-spillover-bangladeshs-remittance-108325
^,https://en.wikipedia.org/wiki/Bangladesh#cite_ref-167
"""Experts: Middle East remains key to Bangladesh's fortunes in a changing world""",https://www.dhakatribune.com/bangladesh/2022/06/29/experts-middle-east-remains-key-to-bangladeshs-fortunes-in-a-changing-world
Dhaka Tribune,https://en.wikipedia.org/wiki/Dhaka_Tribune
Archived,https://web.archive.org/web/20220927102351/https://www.dhakatribune.com/bangladesh/2022/06/29/experts-middle-east-remains-key-to-bangladeshs-fortunes-in-a-changing-world
^,https://en.wikipedia.org/wiki/Bangladesh#cite_ref-168
"""COP26 and Bangladesh: Time to Consolidate Climate Diplomacy""",https://study.soas.ac.uk/cop26-bangladesh-climate-diplomacy/
Archived,https://web.archive.org/web/20220928184721/https://study.soas.ac.uk/cop26-bangladesh-climate-diplomacy/
^,https://en.wikipedia.org/wiki/Bangladesh#cite_ref-169
"""The Military and Democracy in Bangladesh""",http://press-files.anu.edu.au/downloads/press/p33231/mobile/ch07.html
Archived,https://web.archive.org/web/20171010141253/http://press-files.anu.edu.au/downloads/press/p33231/mobile/ch07.html
^,https://en.wikipedia.org/wiki/Bangladesh#cite_ref-IISS_170-0
International Institute for Strategic Studies,https://en.wikipedia.org/wiki/International_Institute_for_Strategic_Studies
Routledge,https://en.wikipedia.org/wiki/Routledge
ISBN,https://en.wikipedia.org/wiki/ISBN_(identifier)
978-1-85743-955-7,https://en.wikipedia.org/wiki/Special:BookSources/978-1-85743-955-7
^,https://en.wikipedia.org/wiki/Bangladesh#cite_ref-171
Bangladesh Navy,https://web.archive.org/web/20120112044228/http://www.bangladeshnavy.org/glance.html
^,https://en.wikipedia.org/wiki/Bangladesh#cite_ref-172
"""Contribution of Uniformed Personnel to UN by Country and Personnel Type""",https://peacekeeping.un.org/sites/default/files/01_contributions_to_un_peacekeeping_operations_by_country_and_post_59_february_23.pdf.pdf
Archived,https://web.archive.org/web/20230512143419/https://peacekeeping.un.org/sites/default/files/01_contributions_to_un_peacekeeping_operations_by_country_and_post_59_february_23.pdf.pdf
^,https://en.wikipedia.org/wiki/Bangladesh#cite_ref-173
"""Military expenditure (% of GDP) – Bangladesh""",https://data.worldbank.org/indicator/MS.MIL.XPND.GD.ZS?locations=BD
Archived,https://web.archive.org/web/20220207232946/https://data.worldbank.org/indicator/MS.MIL.XPND.GD.ZS?locations=BD
^,https://en.wikipedia.org/wiki/Bangladesh#cite_ref-174
"""Budget FY21: Military spending increases by Tk2,327 crore""",https://archive.dhakatribune.com/business/economy/2020/06/11/military-spending-increases-by-tk2-327-crore
Archived,https://web.archive.org/web/20220207231443/https://archive.dhakatribune.com/business/economy/2020/06/11/military-spending-increases-by-tk2-327-crore
^,https://en.wikipedia.org/wiki/Bangladesh#cite_ref-175
"""Rivals India and China woo Bangladesh with aid totalling $46 b""",http://www.ft.lk/article/609166/Rivals-India-and-China-woo-Bangladesh-with-aid-totalling---46-b
Daily FT,https://en.wikipedia.org/wiki/Daily_FT
Archived,https://web.archive.org/web/20170728123712/http://www.ft.lk/article/609166/Rivals-India-and-China-woo-Bangladesh-with-aid-totalling---46-b
^,https://en.wikipedia.org/wiki/Bangladesh#cite_ref-176
"""Migration, river management, radicalisation: What does the future hold for India-Bangladesh relations?""",https://www.orfonline.org/research/migration-river-management-radicalisation-66008/
Archived,https://web.archive.org/web/20220207231444/https://www.orfonline.org/research/migration-river-management-radicalisation-66008/
^,https://en.wikipedia.org/wiki/Bangladesh#cite_ref-177
"""Bangladesh and India's Northeast: A security perspective""",https://www.thedailystar.net/news-detail-206537
Archived,https://web.archive.org/web/20220208025833/https://www.thedailystar.net/news-detail-206537
^,https://en.wikipedia.org/wiki/Bangladesh#cite_ref-178
"""The U.S. Should Deepen Ties With Bangladesh""",https://foreignpolicy.com/2021/12/01/us-bangladesh-relations-dhaka-india-china-bri/
Archived,https://web.archive.org/web/20220207162327/https://foreignpolicy.com/2021/12/01/us-bangladesh-relations-dhaka-india-china-bri/
^,https://en.wikipedia.org/wiki/Bangladesh#cite_ref-179
"""Defense Cooperation Agreements and the Emergence of a Global Security Network""",https://doi.org/10.1017%2FS0020818318000218
doi,https://en.wikipedia.org/wiki/Doi_(identifier)
10.1017/S0020818318000218,https://doi.org/10.1017%2FS0020818318000218
^,https://en.wikipedia.org/wiki/Bangladesh#cite_ref-180
Bibcode,https://en.wikipedia.org/wiki/Bibcode_(identifier)
2005ProfG..57..495P,https://ui.adsabs.harvard.edu/abs/2005ProfG..57..495P
doi,https://en.wikipedia.org/wiki/Doi_(identifier)
10.1111/j.1467-9272.2005.00494.x,https://doi.org/10.1111%2Fj.1467-9272.2005.00494.x
^,https://en.wikipedia.org/wiki/Bangladesh#cite_ref-181
"""U.S. keen on military ties with Dhaka | Uae""",https://gulfnews.com/uae/us-keen-on-military-ties-with-dhaka-1.386026
Archived,https://web.archive.org/web/20220207162344/https://gulfnews.com/uae/us-keen-on-military-ties-with-dhaka-1.386026
^,https://en.wikipedia.org/wiki/Bangladesh#cite_ref-182
"""US wants 2 defence deals with Bangladesh""",https://www.thedailystar.net/frontpage/us-wants-2-defence-deals-bangladesh-1815466
Archived,https://web.archive.org/web/20220207162327/https://www.thedailystar.net/frontpage/us-wants-2-defence-deals-bangladesh-1815466
^,https://en.wikipedia.org/wiki/Bangladesh#cite_ref-183
"""Bangladesh ratifies nuclear weapons prohibition treaty""",https://www.dhakatribune.com/bangladesh/government-affairs/2019/09/28/bangladesh-ratifies-nuclear-weapons-prohibition-treaty
Archived,https://web.archive.org/web/20200920163951/https://www.dhakatribune.com/bangladesh/government-affairs/2019/09/28/bangladesh-ratifies-nuclear-weapons-prohibition-treaty
^,https://en.wikipedia.org/wiki/Bangladesh#cite_ref-184
"""Detail""",https://web.archive.org/web/20190626213607/https://www.bti-project.org/en/reports/country-reports/detail/itc/BGD/
the original,https://www.bti-project.org/en/reports/country-reports/detail/itc/BGD/
^,https://en.wikipedia.org/wiki/Bangladesh#cite_ref-185
"""The rise and fade of NGOs?""",https://web.archive.org/web/20220108042353/https://netra.news/2021/the-rise-and-fade-of-ngos-2357
the original,https://netra.news/2021/the-rise-and-fade-of-ngos-2357
^,https://en.wikipedia.org/wiki/Bangladesh#cite_ref-186
"""Bangladesh's NGOs at 50: a conversation between David Lewis and Naomi Hossain""",https://blogs.lse.ac.uk/internationaldevelopment/2021/10/25/bangladeshs-ngos-at-50-a-conversation-between-david-lewis-and-naomi-hossain/
Archived,https://web.archive.org/web/20220108042356/https://blogs.lse.ac.uk/internationaldevelopment/2021/10/25/bangladeshs-ngos-at-50-a-conversation-between-david-lewis-and-naomi-hossain/
^,https://en.wikipedia.org/wiki/Bangladesh#cite_ref-187
"""Is our civil society dead?""",https://www.dhakatribune.com/op-ed/2021/12/30/is-our-civil-society-dead
Dhaka Tribune,https://en.wikipedia.org/wiki/Dhaka_Tribune
Archived,https://web.archive.org/web/20220108225153/https://www.dhakatribune.com/op-ed/2021/12/30/is-our-civil-society-dead
^,https://en.wikipedia.org/wiki/Bangladesh#cite_ref-188
"""'Death squad': Inside Bangladesh's Rapid Action Battalion""",https://www.dw.com/en/death-squad-inside-bangladeshs-rapid-action-battalion/a-65209010
DW News,https://en.wikipedia.org/wiki/DW_News
^,https://en.wikipedia.org/wiki/Bangladesh#cite_ref-189
"""The Constitution of the People's Republic of Bangladesh | 35. Protection in respect of trial and punishment""",http://bdlaws.minlaw.gov.bd/act-367/section-24583.html
Archived,https://web.archive.org/web/20220108042355/http://bdlaws.minlaw.gov.bd/act-367/section-24583.html
^,https://en.wikipedia.org/wiki/Bangladesh#cite_ref-190
"""Jonny's custodial death case: Lessons learned from the verdict""",https://www.thedailystar.net/law-our-rights/news/jonnys-custodial-death-case-lessons-learned-the-verdict-1969413
Archived,https://web.archive.org/web/20220108042350/https://www.thedailystar.net/law-our-rights/news/jonnys-custodial-death-case-lessons-learned-the-verdict-1969413
^,https://en.wikipedia.org/wiki/Bangladesh#cite_ref-191
"""Bangladesh: Prisoner of conscience faces prolonged detention: Shahidul Alam""",https://www.amnesty.org/en/documents/asa13/9065/2018/en/
Amnesty International,https://en.wikipedia.org/wiki/Amnesty_International
Archived,https://web.archive.org/web/20220108042350/https://www.amnesty.org/en/documents/asa13/9065/2018/en/
^,https://en.wikipedia.org/wiki/Bangladesh#cite_ref-192
"""Bangladesh: Senior Awami League politician in danger of torture""",https://www.amnesty.org/en/wp-content/uploads/2021/06/asa130022003en.pdf
Amnesty International,https://en.wikipedia.org/wiki/Amnesty_International
Archived,https://ghostarchive.org/archive/20221009/https://www.amnesty.org/en/wp-content/uploads/2021/06/asa130022003en.pdf
^,https://en.wikipedia.org/wiki/Bangladesh#cite_ref-193
"""Bangladesh to tone down 'draconian' digital security law""",https://www.aljazeera.com/news/2023/8/7/bangladesh-to-tone-down-draconian-digital-security-law
Al Jazeera,https://en.wikipedia.org/wiki/Al_Jazeera
Archived,https://web.archive.org/web/20240902065035/https://www.aljazeera.com/news/2023/8/7/bangladesh-to-tone-down-draconian-digital-security-law
^,https://en.wikipedia.org/wiki/Bangladesh#cite_ref-194
"""Bangladesh: IPI welcomes repeal and replacement of Digital Security Act""","https://ipi.media/bangladesh-ipi-welcomes-repeal-and-replacement-of-digital-security-act/#:~:text=This%20month%2C%20in%20response%20to,according%20to%20The%20Business%20Standard"
Archived,"https://web.archive.org/web/20240226201510/https://ipi.media/bangladesh-ipi-welcomes-repeal-and-replacement-of-digital-security-act/#:~:text=This%20month%2C%20in%20response%20to,according%20to%20The%20Business%20Standard"
^,https://en.wikipedia.org/wiki/Bangladesh#cite_ref-195
"""Treasury Sanctions Perpetrators of Serious Human Rights Abuse on International Human Rights Day""",https://home.treasury.gov/news/press-releases/jy0526
United States Department of the Treasury,https://en.wikipedia.org/wiki/United_States_Department_of_the_Treasury
Archived,https://web.archive.org/web/20230226182610/https://home.treasury.gov/news/press-releases/jy0526
^,https://en.wikipedia.org/wiki/Bangladesh#cite_ref-196
"""Bangladesh: Country Profile""",https://freedomhouse.org/country/bangladesh
Freedom House,https://en.wikipedia.org/wiki/Freedom_House
Archived,https://web.archive.org/web/20150212185912/https://freedomhouse.org/country/bangladesh
^,https://en.wikipedia.org/wiki/Bangladesh#cite_ref-197
Bangladesh,https://freedomhouse.org/country/bangladesh
Archived,https://web.archive.org/web/20150212185912/https://freedomhouse.org/country/bangladesh
Wayback Machine,https://en.wikipedia.org/wiki/Wayback_Machine
Freedom House,https://en.wikipedia.org/wiki/Freedom_House
^,https://en.wikipedia.org/wiki/Bangladesh#cite_ref-198
"""Bangladesh – Country report – Freedom in the World – 2016""",https://web.archive.org/web/20160610020814/https://freedomhouse.org/report/freedom-world/2016/bangladesh
Freedom House,https://en.wikipedia.org/wiki/Freedom_House
the original,https://freedomhouse.org/report/freedom-world/2016/bangladesh
^,https://en.wikipedia.org/wiki/Bangladesh#cite_ref-199
"""Democracy Index 2014: Democracy and its discontents""",http://www.sudestada.com.uy/Content/Articles/421a313a-d58f-462e-9b24-2504a37f6b56/Democracy-index-2014.pdf
The Economist,https://en.wikipedia.org/wiki/The_Economist
Archived,https://ghostarchive.org/archive/20221009/http://www.sudestada.com.uy/Content/Articles/421a313a-d58f-462e-9b24-2504a37f6b56/Democracy-index-2014.pdf
^,https://en.wikipedia.org/wiki/Bangladesh#cite_ref-200
"""Global Peace Index 2022""",https://www.visionofhumanity.org/wp-content/uploads/2022/06/GPI-2022-web.pdf
Institute for Economics & Peace,https://en.wikipedia.org/wiki/Institute_for_Economics_%26_Peace
Archived,https://ghostarchive.org/archive/20221009/https://www.visionofhumanity.org/wp-content/uploads/2022/06/GPI-2022-web.pdf
^,https://en.wikipedia.org/wiki/Bangladesh#cite_ref-201
"""Clashing ideologies""",http://www.dandc.eu/en/article/bangladeshs-crisis-civil-liberties-and-human-rights
Archived,https://web.archive.org/web/20151222125141/http://www.dandc.eu/en/article/bangladeshs-crisis-civil-liberties-and-human-rights
^,https://en.wikipedia.org/wiki/Bangladesh#cite_ref-202
"""LGBT Activists Are Using Visual Arts to Change Hearts and Minds in Bangladesh""",https://www.hrw.org/news/2019/01/18/lgbt-activists-are-using-visual-arts-change-hearts-and-minds-bangladesh
Human Rights Watch,https://en.wikipedia.org/wiki/Human_Rights_Watch
Archived,https://web.archive.org/web/20221003175319/https://www.hrw.org/news/2019/01/18/lgbt-activists-are-using-visual-arts-change-hearts-and-minds-bangladesh
^,https://en.wikipedia.org/wiki/Bangladesh#cite_ref-203
"""Where does Bangladesh stand on homosexuality issue?""",https://web.archive.org/web/20170605155955/http://archive.dhakatribune.com/bangladesh/2016/apr/27/where-does-bangladesh-stand-homosexuality-issue
the original,http://archive.dhakatribune.com/bangladesh/2016/apr/27/where-does-bangladesh-stand-homosexuality-issue
^,https://en.wikipedia.org/wiki/Bangladesh#cite_ref-204
"""Bangladesh authorities arrest 27 men on suspicion of being gay""",https://www.independent.co.uk/news/world/asia/bangladesh-authorities-arrest-27-men-gay-homosexuality-muslim-country-islam-police-charge-a7744366.html
The Independent,https://en.wikipedia.org/wiki/The_Independent
Archived,https://web.archive.org/web/20190321164257/https://www.independent.co.uk/news/world/asia/bangladesh-authorities-arrest-27-men-gay-homosexuality-muslim-country-islam-police-charge-a7744366.html
^,https://en.wikipedia.org/wiki/Bangladesh#cite_ref-205
"""Understanding the Lives of Bangladesh's LGBTI Community""",https://www.iri.org/resources/iri-conducts-innovative-mixed-method-lgbti-study-in-bangladesh/
Archived,https://web.archive.org/web/20240308183530/https://www.iri.org/resources/iri-conducts-innovative-mixed-method-lgbti-study-in-bangladesh/
^,https://en.wikipedia.org/wiki/Bangladesh#cite_ref-206
"""Bangladesh Adds Third Gender Option to Voter Forms""",https://thediplomat.com/2018/01/bangladesh-adds-third-gender-option-to-voter-forms/
Archived,https://web.archive.org/web/20240902065035/https://thediplomat.com/2018/01/bangladesh-adds-third-gender-option-to-voter-forms/
^,https://en.wikipedia.org/wiki/Bangladesh#cite_ref-207
"""Modern slavery in Bangladesh""",https://www.walkfree.org/global-slavery-index/country-studies/bangladesh/
Walk Free,https://en.wikipedia.org/wiki/Walk_Free
^,https://en.wikipedia.org/wiki/Bangladesh#cite_ref-208
"""Corruption Perceptions Index 2018 – Transparency International""",https://web.archive.org/web/20190130053429/https://www.transparency.org/cpi2018/results
Transparency International,https://en.wikipedia.org/wiki/Transparency_International
the original,https://www.transparency.org/cpi2018/results
^,https://en.wikipedia.org/wiki/Bangladesh#cite_ref-209
Corruption in Service Sectors: National Household Survey 2015,https://www.ti-bangladesh.org/beta3/images/2016/es_nhhs_16_en.pdf
Archived,https://web.archive.org/web/20170107003918/https://www.ti-bangladesh.org/beta3/images/2016/es_nhhs_16_en.pdf
Wayback Machine,https://en.wikipedia.org/wiki/Wayback_Machine
^,https://en.wikipedia.org/wiki/Bangladesh#cite_ref-210
Corruption in Service Sectors: National Household Survey 2015,https://www.ti-bangladesh.org/beta3/images/2016/es_nhhs_16_en.pdf
Archived,https://web.archive.org/web/20170107003918/https://www.ti-bangladesh.org/beta3/images/2016/es_nhhs_16_en.pdf
Wayback Machine,https://en.wikipedia.org/wiki/Wayback_Machine
^,https://en.wikipedia.org/wiki/Bangladesh#cite_ref-211
Corruption in Service Sectors: National Household Survey 2015,https://www.ti-bangladesh.org/beta3/images/2016/es_nhhs_16_en.pdf
Archived,https://web.archive.org/web/20170107003918/https://www.ti-bangladesh.org/beta3/images/2016/es_nhhs_16_en.pdf
Wayback Machine,https://en.wikipedia.org/wiki/Wayback_Machine
^,https://en.wikipedia.org/wiki/Bangladesh#cite_ref-212
The Business of Bribes: Bangladesh: The Blowback of Corruption,https://www.pbs.org/frontlineworld/stories/bribe/2009/08/bangladesh-a-dirty-deal-back-fires.html
Archived,https://web.archive.org/web/20170809062926/http://www.pbs.org/frontlineworld/stories/bribe/2009/08/bangladesh-a-dirty-deal-back-fires.html
Wayback Machine,https://en.wikipedia.org/wiki/Wayback_Machine
^,https://en.wikipedia.org/wiki/Bangladesh#cite_ref-213
"""Overview of corruption and anti-corruption in Bangladesh""",http://www.u4.no/publications/overview-of-corruption-and-anti-corruption-in-bangladesh/
Archived,https://web.archive.org/web/20151108140729/http://www.u4.no/publications/overview-of-corruption-and-anti-corruption-in-bangladesh/
^,https://en.wikipedia.org/wiki/Bangladesh#cite_ref-214
"""ACC largely ineffective""",http://www.thedailystar.net/acc-largely-ineffective-25194
Archived,https://web.archive.org/web/20200729013717/https://www.thedailystar.net/acc-largely-ineffective-25194
^,https://en.wikipedia.org/wiki/Bangladesh#cite_ref-215
"""Anti Corruption Commission and Political Government: An Evaluation of Awami League Regime (2009–2012) | Government and Politics, JU""",https://web.archive.org/web/20181118035306/http://govpoliju.com/anti-corruption-commission-and-political-government-an-evaluation-of-awami-league-regime-2009-2012/
the original,http://govpoliju.com/anti-corruption-commission-and-political-government-an-evaluation-of-awami-league-regime-2009-2012/
^,https://en.wikipedia.org/wiki/Bangladesh#cite_ref-216
"""Bangladesh at 50: From 'basket case' to rising economic star""",https://www.dw.com/en/bangladesh-economy-50-years-on/a-57015896
DW News,https://en.wikipedia.org/wiki/DW_News
Deutsche Welle,https://en.wikipedia.org/wiki/Deutsche_Welle
^,https://en.wikipedia.org/wiki/Bangladesh#cite_ref-217
"""A Journey Together: Bangladesh and World Bank Celebrate Historic Partnership""",https://www.worldbank.org/en/news/feature/2023/01/22/a-journey-together-bangladesh-and-world-bank-celebrate-historic-partnership
World Bank,https://en.wikipedia.org/wiki/World_Bank
^,https://en.wikipedia.org/wiki/Bangladesh#cite_ref-218
"""Labor force, total – Bangladesh""",https://data.worldbank.org/indicator/SL.TLF.TOTL.IN?locations=BD
World Bank,https://en.wikipedia.org/wiki/World_Bank
^,https://en.wikipedia.org/wiki/Bangladesh#cite_ref-219
"""Unemployment, total (% of total labor force) (modeled ILO estimate) – Bangladesh""",https://data.worldbank.org/indicator/SL.UEM.TOTL.ZS?locations=BD
World Bank,https://en.wikipedia.org/wiki/World_Bank
^,https://en.wikipedia.org/wiki/Bangladesh#cite_ref-220
"""Respite from fall in forex reserves, dollar market stable""",https://en.prothomalo.com/business/local/s3knbstt64
Prothom Alo,https://en.wikipedia.org/wiki/Prothom_Alo
^,https://en.wikipedia.org/wiki/Bangladesh#cite_ref-221
"""Remittance hit all-time high in 2024""",https://www.thedailystar.net/business/economy/news/remittance-hit-all-time-high-2024-3789871
The Daily Star,https://en.wikipedia.org/wiki/The_Daily_Star_(Bangladesh)
^,https://en.wikipedia.org/wiki/Bangladesh#cite_ref-222
"""Labour Force Survey 2022: Agriculture still main job generator""",https://www.thedailystar.net/news/bangladesh/news/labour-force-survey-2022-agriculture-still-main-job-generator-3283936
The Daily Star,https://en.wikipedia.org/wiki/The_Daily_Star_(Bangladesh)
^,https://en.wikipedia.org/wiki/Bangladesh#cite_ref-223
"""Bangladesh's leap from poverty to textile powerhouse offers lessons for countries in Africa""",https://www.weforum.org/stories/2024/02/how-bangladesh-offers-lessons-for-sustainable-industrialization-in-africa/
World Economic Forum,https://en.wikipedia.org/wiki/World_Economic_Forum
^,https://en.wikipedia.org/wiki/Bangladesh#cite_ref-224
"""Fast fashion drove Bangladesh – now its troubled economy needs more""",https://www.bbc.com/news/articles/cd6ye3e8x9po
BBC News,https://en.wikipedia.org/wiki/BBC_News
BBC,https://en.wikipedia.org/wiki/BBC
^,https://en.wikipedia.org/wiki/Bangladesh#cite_ref-225
"""A symbol of our degradation""",https://www.thedailystar.net/opinion/views/news/symbol-our-degradation-3624216
The Daily Star,https://en.wikipedia.org/wiki/The_Daily_Star_(Bangladesh)
^,https://en.wikipedia.org/wiki/Bangladesh#cite_ref-226
"""Rice production rising high in Bangladesh""",https://en.prothomalo.com/bangladesh/bw4ldbvrb4
Prothom Alo,https://en.wikipedia.org/wiki/Prothom_Alo
^,https://en.wikipedia.org/wiki/Bangladesh#cite_ref-227
"""Bangladesh globally second in freshwater fish production""",https://en.prothomalo.com/bangladesh/good-day-bangladesh/sk7ow1u6en
The Daily Star,https://en.wikipedia.org/wiki/The_Daily_Star_(Bangladesh)
^,https://en.wikipedia.org/wiki/Bangladesh#cite_ref-228
"""Long-term plan behind high tea production""",https://www.thedailystar.net/business/economy/news/long-term-plan-behind-high-tea-production-3399926
The Daily Star,https://en.wikipedia.org/wiki/The_Daily_Star_(Bangladesh)
^,https://en.wikipedia.org/wiki/Bangladesh#cite_ref-229
"""Floriculture: A lucrative sector in Bangladesh""",https://www.tbsnews.net/thoughts/floriculture-lucrative-sector-bangladesh-131728
Archived,https://web.archive.org/web/20221001203926/https://www.tbsnews.net/thoughts/floriculture-lucrative-sector-bangladesh-131728
^,https://en.wikipedia.org/wiki/Bangladesh#cite_ref-230
"""Overview of Major Industries in Bangladesh""",https://doi.org/10.3329%2Fjce.v30i1.34798
doi,https://en.wikipedia.org/wiki/Doi_(identifier)
10.3329/jce.v30i1.34798,https://doi.org/10.3329%2Fjce.v30i1.34798
^,https://en.wikipedia.org/wiki/Bangladesh#cite_ref-231
"""China Bangladesh's top trading partner in FY24""",https://today.thefinancialexpress.com.bd/last-page/china-bangladeshs-top-trading-partner-in-fy24-1733855492
The Financial Express,https://en.wikipedia.org/wiki/The_Financial_Express_(Bangladesh)
^,https://en.wikipedia.org/wiki/Bangladesh#cite_ref-232
"""Public sector needs to keep pace with private sector""",https://www.tbsnews.net/supplement/public-sector-needs-keep-pace-private-sector-359749
Archived,https://web.archive.org/web/20221006222805/https://www.tbsnews.net/supplement/public-sector-needs-keep-pace-private-sector-359749
^,https://en.wikipedia.org/wiki/Bangladesh#cite_ref-233
"""DS30 Index | Dhaka Stock Exchange""",https://www.dse.com.bd/dse30_share.php
^,https://en.wikipedia.org/wiki/Bangladesh#cite_ref-234
"""A tale of two capital markets""",https://www.tbsnews.net/features/panorama/tale-two-capital-markets-883756
Business Standard,https://en.wikipedia.org/wiki/Business_Standard
^,https://en.wikipedia.org/wiki/Bangladesh#cite_ref-235
"""Mobile Phone Subscribers in Bangladesh""",https://www.amtob.org.bd/home/industrystatics
AMTOB,https://en.wikipedia.org/wiki/Association_of_Mobile_Telecom_Operators_of_Bangladesh
^,https://en.wikipedia.org/wiki/Bangladesh#cite_ref-236
"""Infrastructure enhancements will underpin growth in Dhaka""",https://www.eiu.com/n/infrastructure-enhancements-will-underpin-growth-in-dhaka/
Economist Intelligence Unit,https://en.wikipedia.org/wiki/Economist_Intelligence_Unit
a,https://en.wikipedia.org/wiki/Bangladesh#cite_ref-sadiq_237-0
b,https://en.wikipedia.org/wiki/Bangladesh#cite_ref-sadiq_237-1
"""Why is it taking so long to stabilise the economy?""",https://www.thedailystar.net/opinion/views/news/how-do-we-overcome-our-corruption-crisis-3731226
The Daily Star,https://en.wikipedia.org/wiki/The_Daily_Star_(Bangladesh)
^,https://en.wikipedia.org/wiki/Bangladesh#cite_ref-238
"""Why is it taking so long to stabilise the economy?""",https://www.thedailystar.net/opinion/views/news/why-it-taking-so-long-stabilise-the-economy-3615381
The Daily Star,https://en.wikipedia.org/wiki/The_Daily_Star_(Bangladesh)
^,https://en.wikipedia.org/wiki/Bangladesh#cite_ref-239
"""Power supply may not improve anytime soon""",https://www.thedailystar.net/opinion/views/news/how-do-we-overcome-our-corruption-crisis-3731226
The Daily Star,https://en.wikipedia.org/wiki/The_Daily_Star_(Bangladesh)
^,https://en.wikipedia.org/wiki/Bangladesh#cite_ref-240
"""Bangladesh ranking in the Global Innovation Index 2025""",https://www.wipo.int/gii-ranking/en/bangladesh
^,https://en.wikipedia.org/wiki/Bangladesh#cite_ref-241
"""How 100% electrification changed the rural game""",https://www.tbsnews.net/economy/how-100-electrification-changed-rural-game-384954
Archived,https://web.archive.org/web/20221004183507/https://www.tbsnews.net/economy/how-100-electrification-changed-rural-game-384954
^,https://en.wikipedia.org/wiki/Bangladesh#cite_ref-242
"""Electricity now in every house""",https://www.thedailystar.net/news/bangladesh/news/electricity-now-every-house-2987601
Archived,https://web.archive.org/web/20221130005200/https://www.thedailystar.net/news/bangladesh/news/electricity-now-every-house-2987601
^,https://en.wikipedia.org/wiki/Bangladesh#cite_ref-243
"""Bangladesh Solar Home Systems Provide Clean Energy for 20 million People""",https://www.worldbank.org/en/news/press-release/2021/04/07/bangladesh-solar-home-systems-provide-clean-energy-for-20-million-people
Archived,https://web.archive.org/web/20221001203911/https://www.worldbank.org/en/news/press-release/2021/04/07/bangladesh-solar-home-systems-provide-clean-energy-for-20-million-people
^,https://en.wikipedia.org/wiki/Bangladesh#cite_ref-244
"""Palki: An affordable locally assembled Electric Vehicle on its way""",https://www.thedailystar.net/tech-startup/news/palki-affordable-locally-assembled-electric-vehicle-its-way-3103341
Archived,https://web.archive.org/web/20240902065543/https://www.thedailystar.net/tech-startup/news/palki-affordable-locally-assembled-electric-vehicle-its-way-3103341
^,https://en.wikipedia.org/wiki/Bangladesh#cite_ref-245
"""Situation Analysis of Agro-Industrial Biogas Plants in Bangladesh""",https://reeep.sreda.gov.bd/projects/2017-02-Situation-Analysis-of-Agro-Industrial-Biogas-Plants-In-Bangladesh_HPMang.pdf
Archived,https://web.archive.org/web/20220618191038/https://reeep.sreda.gov.bd/projects/2017-02-Situation-Analysis-of-Agro-Industrial-Biogas-Plants-In-Bangladesh_HPMang.pdf
^,https://en.wikipedia.org/wiki/Bangladesh#cite_ref-246
"""Rooppur nuclear power plant: Power generation deferred""",https://en.prothomalo.com/bangladesh/mens8s0lt0
Prothom Alo,https://en.wikipedia.org/wiki/Prothom_Alo
^,https://en.wikipedia.org/wiki/Bangladesh#cite_ref-247
"""Natural Gas – Underexplored in Bangladesh?""",https://web.archive.org/web/20221003114124/https://www.geoexpro.com/articles/2021/12/natural-gas-underexplored-in-bangladesh
the original,http://www.geoexpro.com/articles/2021/12/natural-gas-underexplored-in-bangladesh
^,https://en.wikipedia.org/wiki/Bangladesh#cite_ref-248
"""Bangladesh: Asia's New Energy Superpower?""","https://thediplomat.com/2014/11/bangladesh-asias-new-energy-superpower/#:~:text=With%20its%20new%20territory%2C%20Bangladesh%27s,the%20end%20of%20the%20year."
Archived,"https://web.archive.org/web/20161229123448/https://thediplomat.com/2014/11/bangladesh-asias-new-energy-superpower/#:~:text=With%20its%20new%20territory%2C%20Bangladesh%27s,the%20end%20of%20the%20year."
^,https://en.wikipedia.org/wiki/Bangladesh#cite_ref-249
"""Imported LNG to be 24 times more expensive than local gas: CPD""",https://www.tbsnews.net/bangladesh/energy/imported-lng-be-24-times-more-expensive-local-gas-cpd-370075
Archived,https://web.archive.org/web/20221003114118/https://www.tbsnews.net/bangladesh/energy/imported-lng-be-24-times-more-expensive-local-gas-cpd-370075
^,https://en.wikipedia.org/wiki/Bangladesh#cite_ref-250
"""Bangladesh halts expensive spot LNG imports despite load-shedding""",https://www.reuters.com/article/bangladesh-lng-power-idINL1N2Z10R7
^,https://en.wikipedia.org/wiki/Bangladesh#cite_ref-251
"""Let us not become dependent on LNG import""",https://www.thedailystar.net/views/opinion/news/let-us-not-become-dependent-lng-import-2925721
Archived,https://web.archive.org/web/20221003114121/https://www.thedailystar.net/views/opinion/news/let-us-not-become-dependent-lng-import-2925721
^,https://en.wikipedia.org/wiki/Bangladesh#cite_ref-252
"""Bangladesh is being 'killed by economic conditions elsewhere in the world'""",https://www.ft.com/content/a9b8d051-a126-469c-b1ad-b0d29a8d53eb
Archived,https://web.archive.org/web/20221126085309/https://www.ft.com/content/a9b8d051-a126-469c-b1ad-b0d29a8d53eb
^,https://en.wikipedia.org/wiki/Bangladesh#cite_ref-253
"""Bangladesh halts expensive spot LNG imports despite load-shedding""",https://www.reuters.com/article/markets/commodities/bangladesh-halts-expensive-spot-lng-imports-despite-load-shedding-idUSL1N2Z10R7/
Reuters,https://en.wikipedia.org/wiki/Reuters
^,https://en.wikipedia.org/wiki/Bangladesh#cite_ref-254
"""Bangladesh to restart spot LNG buying as prices ease – sources""",https://www.reuters.com/business/energy/bangladesh-restart-spot-lng-buying-prices-ease-sources-2023-02-01/
Reuters,https://en.wikipedia.org/wiki/Reuters
^,https://en.wikipedia.org/wiki/Bangladesh#cite_ref-255
"""Summit signs 22-year PPA for upcoming 583 MW gas power plant; GE to co-develop plant in Bangladesh""",https://www.ge.com/news/press-releases/summit-signs-22-year-ppa-upcoming-583-mw-gas-power-plant-ge-co-develop-plant
Archived,https://web.archive.org/web/20221023153618/https://www.ge.com/news/press-releases/summit-signs-22-year-ppa-upcoming-583-mw-gas-power-plant-ge-co-develop-plant
^,https://en.wikipedia.org/wiki/Bangladesh#cite_ref-256
"""Bangladesh – Power and Energy""",https://www.trade.gov/country-commercial-guides/bangladesh-power-and-energy
Archived,https://web.archive.org/web/20221005062425/https://www.trade.gov/country-commercial-guides/bangladesh-power-and-energy
^,https://en.wikipedia.org/wiki/Bangladesh#cite_ref-257
"""Tourism's share 3.02% in GDP""",https://www.thedailystar.net/business/economy/industries/tourism/news/tourisms-share-302pc-gdp-2904556
The Daily Star,https://en.wikipedia.org/wiki/The_Daily_Star_(Bangladesh)
^,https://en.wikipedia.org/wiki/Bangladesh#cite_ref-258
"""International tourism, receipts (current US$) – Bangladesh""",https://data.worldbank.org/indicator/ST.INT.RCPT.CD?locations=BD
World Bank,https://en.wikipedia.org/wiki/World_Bank
^,https://en.wikipedia.org/wiki/Bangladesh#cite_ref-259
"""Tentative Lists""",https://whc.unesco.org/en/tentativelists/state=bd
Archived,https://web.archive.org/web/20120806231331/https://whc.unesco.org/en/tentativelists/state=bd
a,https://en.wikipedia.org/wiki/Bangladesh#cite_ref-2019_report_260-0
b,https://en.wikipedia.org/wiki/Bangladesh#cite_ref-2019_report_260-1
"""Travel & Tourism Competitiveness Index 2019 edition: Bangladesh""",http://reports.weforum.org/pdf/ttci-2019/WEF_TTCI_2019_Profile_BGD.pdf
^,https://en.wikipedia.org/wiki/Bangladesh#cite_ref-2013_report_261-0
"""Travel & Tourism Economic Impact 2013: Bangladesh""",https://web.archive.org/web/20131007183403/http://www.wttc.org/site_media/uploads/downloads/bangladesh2013.pdf
the original,http://www.wttc.org/site_media/uploads/downloads/bangladesh2013.pdf
^,https://en.wikipedia.org/wiki/Bangladesh#cite_ref-262
"""Population, total – Bangladesh""",https://data.worldbank.org/indicator/SP.POP.TOTL?locations=BD
World Bank,https://en.wikipedia.org/wiki/World_Bank
^,https://en.wikipedia.org/wiki/Bangladesh#cite_ref-263
"""Population density (people per sq. km of land area) – Bangladesh""",https://data.worldbank.org/indicator/EN.POP.DNST?locations=BD
World Bank,https://en.wikipedia.org/wiki/World_Bank
^,https://en.wikipedia.org/wiki/Bangladesh#cite_ref-264
"""Fertility rate, total (births per woman) – Bangladesh""",https://data.worldbank.org/indicator/SP.DYN.TFRT.IN?locations=BD
World Bank,https://en.wikipedia.org/wiki/World_Bank
^,https://en.wikipedia.org/wiki/Bangladesh#cite_ref-265
"""Revisiting the causes of fertility decline in Bangladesh: The relative importance of female education and family planning programs""",https://doi.org/10.1080%2F17441730.2022.2028253
doi,https://en.wikipedia.org/wiki/Doi_(identifier)
10.1080/17441730.2022.2028253,https://doi.org/10.1080%2F17441730.2022.2028253
^,https://en.wikipedia.org/wiki/Bangladesh#cite_ref-266
"""Urban population (% of total population) – Bangladesh""",https://data.worldbank.org/indicator/SP.URB.TOTL.IN.ZS?locations=BD
World Bank,https://en.wikipedia.org/wiki/World_Bank
^,https://en.wikipedia.org/wiki/Bangladesh#cite_ref-267
"""Population ages 0–14 (% of total population) – Bangladesh""",https://data.worldbank.org/indicator/SP.POP.0014.TO.ZS?locations=BD
World Bank,https://en.wikipedia.org/wiki/World_Bank
^,https://en.wikipedia.org/wiki/Bangladesh#cite_ref-268
"""Population ages 65 and above (% of total population) – Bangladesh""",https://data.worldbank.org/indicator/SP.POP.65UP.TO.ZS?locations=BD
World Bank,https://en.wikipedia.org/wiki/World_Bank
^,https://en.wikipedia.org/wiki/Bangladesh#cite_ref-rashiduzzaman_269-0
doi,https://en.wikipedia.org/wiki/Doi_(identifier)
10.2307/2645754,https://doi.org/10.2307%2F2645754
JSTOR,https://en.wikipedia.org/wiki/JSTOR_(identifier)
2645754,https://www.jstor.org/stable/2645754
^,https://en.wikipedia.org/wiki/Bangladesh#cite_ref-270
"""How a Bangladesh court ruling changed the lives of more than 300,000 stateless people""",https://www.unhcr.org/news/stories/how-bangladesh-court-ruling-changed-lives-more-300000-stateless-people
^,https://en.wikipedia.org/wiki/Bangladesh#cite_ref-271
Population and Housing Census 2022: Report on Socio-Economic and Demographic Survey 2023,https://web.archive.org/web/20240609144133/http://nsds.bbs.gov.bd/storage/files/1/SEDS_2023_Report.pdf
ISBN,https://en.wikipedia.org/wiki/ISBN_(identifier)
978-984-35-2977-0,https://en.wikipedia.org/wiki/Special:BookSources/978-984-35-2977-0
the original,http://nsds.bbs.gov.bd/storage/files/1/SEDS_2023_Report.pdf
a,https://en.wikipedia.org/wiki/Bangladesh#cite_ref-LOG_272-0
b,https://en.wikipedia.org/wiki/Bangladesh#cite_ref-LOG_272-1
"""Ethnicity and Linguistic Diversity""",http://countrystudies.us/bangladesh/29.htm
Federal Research Division,https://en.wikipedia.org/wiki/Federal_Research_Division
Library of Congress,https://en.wikipedia.org/wiki/Library_of_Congress
OCLC,https://en.wikipedia.org/wiki/OCLC_(identifier)
49223313,https://search.worldcat.org/oclc/49223313
^,https://en.wikipedia.org/wiki/Bangladesh#cite_ref-273
"""Amago Basha""",https://www.thedailystar.net/supplements/amar-ekushey-2018/amago-bhasha-1537534
The Daily Star,https://en.wikipedia.org/wiki/The_Daily_Star_(Bangladesh)
^,https://en.wikipedia.org/wiki/Bangladesh#cite_ref-274
"Masica, Colin",https://en.wikipedia.org/wiki/Colin_Masica
^,https://en.wikipedia.org/wiki/Bangladesh#cite_ref-275
^,https://en.wikipedia.org/wiki/Bangladesh#cite_ref-276
"""Phonological Analysis of Chatkhil Dialect in Noakhali District, Bangladesh""",https://web.archive.org/web/20220615203456/http://www.academypublication.com/issues/past/tpls/vol01/09/09.html
doi,https://en.wikipedia.org/wiki/Doi_(identifier)
10.4304/tpls.1.9.1051-1061,https://doi.org/10.4304%2Ftpls.1.9.1051-1061
the original,http://www.academypublication.com/issues/past/tpls/vol01/09/09.html/
^,https://en.wikipedia.org/wiki/Bangladesh#cite_ref-277
"""English language teaching in Bangladesh today: Issues, outcomes and implications""",https://doi.org/10.1186%2Fs40468-019-0085-8
doi,https://en.wikipedia.org/wiki/Doi_(identifier)
10.1186/s40468-019-0085-8,https://doi.org/10.1186%2Fs40468-019-0085-8
^,https://en.wikipedia.org/wiki/Bangladesh#cite_ref-278
hdl,https://en.wikipedia.org/wiki/Hdl_(identifier)
10361/3983,https://hdl.handle.net/10361%2F3983
page needed,https://en.wikipedia.org/wiki/Wikipedia:Citing_sources
^,https://en.wikipedia.org/wiki/Bangladesh#cite_ref-279
"""The Santali cluster in Bangladesh: a sociolinguistic survey""",https://www.sil.org/system/files/reapdata/85/39/32/85393268857150358467007206894440229270/silesr2010_006.pdf
SIL International,https://en.wikipedia.org/wiki/SIL_International
^,https://en.wikipedia.org/wiki/Bangladesh#cite_ref-280
"""How the Urdu language and literature slipped into darkness in Bangladesh""",https://www.trtworld.com/opinion/how-the-urdu-language-and-literature-slipped-into-darkness-in-bangladesh-43391
TRT World,https://en.wikipedia.org/wiki/TRT_World
a,https://en.wikipedia.org/wiki/Bangladesh#cite_ref-state_religion_281-0
b,https://en.wikipedia.org/wiki/Bangladesh#cite_ref-state_religion_281-1
"""The Constitution of the People's Republic of Bangladesh (part I)""",http://bdlaws.minlaw.gov.bd/act-367/section-24549.html
^,https://en.wikipedia.org/wiki/Bangladesh#cite_ref-secularism_282-0
"""The Constitution of the People's Republic of Bangladesh (part II)""",http://bdlaws.minlaw.gov.bd/act-367/section-24560.html
a,https://en.wikipedia.org/wiki/Bangladesh#cite_ref-state_283-0
b,https://en.wikipedia.org/wiki/Bangladesh#cite_ref-state_283-1
c,https://en.wikipedia.org/wiki/Bangladesh#cite_ref-state_283-2
d,https://en.wikipedia.org/wiki/Bangladesh#cite_ref-state_283-3
"""2022 Report on International Religious Freedom: Bangladesh""",https://www.state.gov/reports/2022-report-on-international-religious-freedom/bangladesh/
United States Department of State,https://en.wikipedia.org/wiki/United_States_Department_of_State
^,https://en.wikipedia.org/wiki/Bangladesh#cite_ref-284
"""Muslim Population by Country""",https://features.pewforum.org/muslim-population/?sort=Pop2010
Archived,https://web.archive.org/web/20130726201620/http://features.pewforum.org/muslim-population/?sort=Pop2010
^,https://en.wikipedia.org/wiki/Bangladesh#cite_ref-285
"""The Constitution of the People's Republic of Bangladesh: Article 17 (Free and compulsory education)""",http://bdlaws.minlaw.gov.bd/act-367/section-24565.html
^,https://en.wikipedia.org/wiki/Bangladesh#cite_ref-286
"""Literacy rate, adult total (% of people ages 15 and above) – Bangladesh""",https://data.worldbank.org/indicator/SE.ADT.LITR.ZS?locations=BD
World Bank,https://en.wikipedia.org/wiki/World_Bank
^,https://en.wikipedia.org/wiki/Bangladesh#cite_ref-287
"""Literacy rate, adult male (% of males ages 15 and above) – Bangladesh""",https://data.worldbank.org/indicator/SE.ADT.LITR.MA.ZS?locations=BD
World Bank,https://en.wikipedia.org/wiki/World_Bank
^,https://en.wikipedia.org/wiki/Bangladesh#cite_ref-288
"""Literacy rate, adult female (% of females ages 15 and above) – Bangladesh""",https://data.worldbank.org/indicator/SE.ADT.LITR.FE.ZS?locations=BD
World Bank,https://en.wikipedia.org/wiki/World_Bank
^,https://en.wikipedia.org/wiki/Bangladesh#cite_ref-289
"""Government expenditure on education, total (% of GDP) – Bangladesh""",https://data.worldbank.org/indicator/SE.XPD.TOTL.GD.ZS?locations=BD
World Bank,https://en.wikipedia.org/wiki/World_Bank
^,https://en.wikipedia.org/wiki/Bangladesh#cite_ref-CompEd2_290-0
ISBN,https://en.wikipedia.org/wiki/ISBN_(identifier)
978-0-08-030853-1,https://en.wikipedia.org/wiki/Special:BookSources/978-0-08-030853-1
^,https://en.wikipedia.org/wiki/Bangladesh#cite_ref-291
doi,https://en.wikipedia.org/wiki/Doi_(identifier)
10.1007/s11469-020-00275-3,https://doi.org/10.1007%2Fs11469-020-00275-3
^,https://en.wikipedia.org/wiki/Bangladesh#cite_ref-292
"""List of Public Universities""",http://www.ugc-universities.gov.bd/public-universities
University Grants Commission of Bangladesh,https://en.wikipedia.org/wiki/University_Grants_Commission_of_Bangladesh
^,https://en.wikipedia.org/wiki/Bangladesh#cite_ref-293
"""List of Private Universities""",http://www.ugc-universities.gov.bd/private-universities
University Grants Commission of Bangladesh,https://en.wikipedia.org/wiki/University_Grants_Commission_of_Bangladesh
^,https://en.wikipedia.org/wiki/Bangladesh#cite_ref-294
"""List of International Universities""",http://www.ugc-universities.gov.bd/international-universities
University Grants Commission of Bangladesh,https://en.wikipedia.org/wiki/University_Grants_Commission_of_Bangladesh
^,https://en.wikipedia.org/wiki/Bangladesh#cite_ref-295
"""Why on-campus programmes matter for National University""",https://www.tbsnews.net/thoughts/why-campus-programmes-matter-national-university-982726
Business Standard,https://en.wikipedia.org/wiki/Business_Standard
^,https://en.wikipedia.org/wiki/Bangladesh#cite_ref-296
"""The conception and birth of Dhaka University""",https://www.thedailystar.net/youth/education/campus/news/the-conception-and-birth-dhaka-university-2121841
The Daily Star,https://en.wikipedia.org/wiki/The_Daily_Star_(Bangladesh)
^,https://en.wikipedia.org/wiki/Bangladesh#cite_ref-297
"""Chittagong University: A model of campus tourism""",https://web.archive.org/web/20221007152843/https://archive.dhakatribune.com/bangladesh/education/2017/10/19/chittagong-university-model-campus-tourism
Dhaka Tribune,https://en.wikipedia.org/wiki/Dhaka_Tribune
the original,https://archive.dhakatribune.com/bangladesh/education/2017/10/19/chittagong-university-model-campus-tourism/
^,https://en.wikipedia.org/wiki/Bangladesh#cite_ref-298
"""Bangladesh University of Professionals Act, 2009 (Act No. 30 of 2009)""",http://bdlaws.minlaw.gov.bd/act-details-1016.html?lang=en
^,https://en.wikipedia.org/wiki/Bangladesh#cite_ref-299
"""Dhaka's educational heritage""",https://www.thedailystar.net/weekend-read/news/dhakas-educational-heritage-3414361
The Daily Star,https://en.wikipedia.org/wiki/The_Daily_Star_(Bangladesh)
^,https://en.wikipedia.org/wiki/Bangladesh#cite_ref-300
"""Three more medical colleges renamed by Health Ministry""",https://www.dhakatribune.com/bangladesh/365640/three-more-medical-colleges-renamed-by-health
Dhaka Tribune,https://en.wikipedia.org/wiki/Dhaka_Tribune
^,https://en.wikipedia.org/wiki/Bangladesh#cite_ref-301
"""Times Higher Education Rankings 2023: DU, NSU ranked top Bangladeshi universities""",https://www.tbsnews.net/bangladesh/education/times-higher-education-rankings-2023-du-nsu-ranked-top-bangladeshi-universities
^,https://en.wikipedia.org/wiki/Bangladesh#cite_ref-302
"""Chapter-5 | Health Services Division""",https://mof.portal.gov.bd/sites/default/files/files/mof.portal.gov.bd/budget_mof/b3342588_2e85_4fcb_95af_dddfdea4851b/G-1_04_127_Health%20Services_English.pdf
Ministry of Finance (Bangladesh),https://en.wikipedia.org/wiki/Ministry_of_Finance_(Bangladesh)
Archived,https://ghostarchive.org/archive/20221009/https://mof.portal.gov.bd/sites/default/files/files/mof.portal.gov.bd/budget_mof/b3342588_2e85_4fcb_95af_dddfdea4851b/G-1_04_127_Health%20Services_English.pdf
a,https://en.wikipedia.org/wiki/Bangladesh#cite_ref-overview_303-0
b,https://en.wikipedia.org/wiki/Bangladesh#cite_ref-overview_303-1
c,https://en.wikipedia.org/wiki/Bangladesh#cite_ref-overview_303-2
hdl,https://en.wikipedia.org/wiki/Hdl_(identifier)
10665/208214,https://hdl.handle.net/10665%2F208214
^,https://en.wikipedia.org/wiki/Bangladesh#cite_ref-304
"""Health Ministry split into 2 divisions""",https://www.newagebd.net/article/11610/onelink.to/articlelist/323/Cartoon
New Age,https://en.wikipedia.org/wiki/New_Age_(Bangladesh)
^,https://en.wikipedia.org/wiki/Bangladesh#cite_ref-305
"""The health workforce crisis in Bangladesh: shortage, inappropriate skill-mix, and inequitable distribution""",https://www.ncbi.nlm.nih.gov/pmc/articles/PMC3037300
Human Resources for Health,https://en.wikipedia.org/wiki/Human_Resources_for_Health
BioMed Central,https://en.wikipedia.org/wiki/BioMed_Central
doi,https://en.wikipedia.org/wiki/Doi_(identifier)
10.1186/1478-4491-9-3,https://doi.org/10.1186%2F1478-4491-9-3
PMC,https://en.wikipedia.org/wiki/PMC_(identifier)
3037300,https://www.ncbi.nlm.nih.gov/pmc/articles/PMC3037300
PMID,https://en.wikipedia.org/wiki/PMID_(identifier)
21255446,https://pubmed.ncbi.nlm.nih.gov/21255446
^,https://en.wikipedia.org/wiki/Bangladesh#cite_ref-306
"""Are 'Village Doctors' in Bangladesh a curse or a blessing?""",https://www.ncbi.nlm.nih.gov/pmc/articles/PMC2910021
BioMed Central,https://en.wikipedia.org/wiki/BioMed_Central
doi,https://en.wikipedia.org/wiki/Doi_(identifier)
10.1186/1472-698X-10-18,https://doi.org/10.1186%2F1472-698X-10-18
PMC,https://en.wikipedia.org/wiki/PMC_(identifier)
2910021,https://www.ncbi.nlm.nih.gov/pmc/articles/PMC2910021
PMID,https://en.wikipedia.org/wiki/PMID_(identifier)
20602805,https://pubmed.ncbi.nlm.nih.gov/20602805
^,https://en.wikipedia.org/wiki/Bangladesh#cite_ref-307
"""Current health expenditure (% of GDP) – Bangladesh""",https://data.worldbank.org/indicator/SH.XPD.CHEX.GD.ZS?locations=BD
World Bank,https://en.wikipedia.org/wiki/World_Bank
^,https://en.wikipedia.org/wiki/Bangladesh#cite_ref-308
"""Domestic general government health expenditure (% of current health expenditure) – Bangladesh""",https://data.worldbank.org/indicator/SH.XPD.GHED.CH.ZS?locations=BD
World Bank,https://en.wikipedia.org/wiki/World_Bank
^,https://en.wikipedia.org/wiki/Bangladesh#cite_ref-309
"""Out-of-pocket expenditure (% of current health expenditure) – Bangladesh""",https://data.worldbank.org/indicator/SH.XPD.OOPC.CH.ZS?locations=BD
World Bank,https://en.wikipedia.org/wiki/World_Bank
^,https://en.wikipedia.org/wiki/Bangladesh#cite_ref-310
"""Domestic private health expenditure (% of current health expenditure) – Bangladesh""",https://data.worldbank.org/indicator/SH.XPD.PVTD.CH.ZS?locations=BD
World Bank,https://en.wikipedia.org/wiki/World_Bank
^,https://en.wikipedia.org/wiki/Bangladesh#cite_ref-311
"""Physicians (per 1,000 people) – Bangladesh""",https://data.worldbank.org/indicator/SH.MED.PHYS.ZS?locations=BD
World Bank,https://en.wikipedia.org/wiki/World_Bank
^,https://en.wikipedia.org/wiki/Bangladesh#cite_ref-312
"""Nurses and midwives (per 1,000 people) – Bangladesh""",https://data.worldbank.org/indicator/SH.MED.NUMW.P3?locations=BD
World Bank,https://en.wikipedia.org/wiki/World_Bank
^,https://en.wikipedia.org/wiki/Bangladesh#cite_ref-313
"""Tackling the COVID-19 pandemic: The Bangladesh perspective""",https://www.ncbi.nlm.nih.gov/pmc/articles/PMC7582102
doi,https://en.wikipedia.org/wiki/Doi_(identifier)
10.4081/jphr.2020.1794,https://doi.org/10.4081%2Fjphr.2020.1794
PMC,https://en.wikipedia.org/wiki/PMC_(identifier)
7582102,https://www.ncbi.nlm.nih.gov/pmc/articles/PMC7582102
PMID,https://en.wikipedia.org/wiki/PMID_(identifier)
33117758,https://pubmed.ncbi.nlm.nih.gov/33117758
^,https://en.wikipedia.org/wiki/Bangladesh#cite_ref-314
"""Hospital beds (per 1,000 people) – Bangladesh""",https://data.worldbank.org/indicator/SH.MED.BEDS.ZS?locations=BD
World Bank,https://en.wikipedia.org/wiki/World_Bank
^,https://en.wikipedia.org/wiki/Bangladesh#cite_ref-315
"""Specialist surgical workforce (per 100,000 population) – Bangladesh""",https://data.worldbank.org/indicator/SH.MED.SAOP.P5?locations=BD
World Bank,https://en.wikipedia.org/wiki/World_Bank
^,https://en.wikipedia.org/wiki/Bangladesh#cite_ref-316
"""Community health workers (per 1,000 people) – Bangladesh""",https://data.worldbank.org/indicator/SH.MED.CMHW.P3?locations=BD
World Bank,https://en.wikipedia.org/wiki/World_Bank
^,https://en.wikipedia.org/wiki/Bangladesh#cite_ref-317
"""People using safely managed drinking water services (% of population) – Bangladesh""",https://data.worldbank.org/indicator/SH.H2O.SMDW.ZS?locations=BD
World Bank,https://en.wikipedia.org/wiki/World_Bank
^,https://en.wikipedia.org/wiki/Bangladesh#cite_ref-318
"""Half of Bangladeshi drinking water is polluted with arsenic – and climate change is making it worse""",https://www.euronews.com/green/2024/01/18/half-of-bangladeshi-drinking-water-is-polluted-with-arsenic-and-climate-change-is-making-i
Euronews,https://en.wikipedia.org/wiki/Euronews
^,https://en.wikipedia.org/wiki/Bangladesh#cite_ref-319
"""Bangladesh's air quality is among the world's worst. What can be done?""",https://www.atlanticcouncil.org/blogs/energysource/bangladeshs-air-quality-is-among-the-worlds-worst-what-can-be-done/
Atlantic Council,https://en.wikipedia.org/wiki/Atlantic_Council
^,https://en.wikipedia.org/wiki/Bangladesh#cite_ref-320
"""High Air Pollution Level is Creating Physical and Mental Health Hazards in Bangladesh: World Bank""",https://www.worldbank.org/en/news/press-release/2022/12/03/high-air-pollution-level-is-creating-physical-and-mental-health-hazards-in-bangladesh-world-bank
World Bank,https://en.wikipedia.org/wiki/World_Bank
^,https://en.wikipedia.org/wiki/Bangladesh#cite_ref-321
"""Life expectancy at birth, total (years) – Bangladesh""",https://data.worldbank.org/indicator/SP.DYN.LE00.IN?locations=BD
World Bank,https://en.wikipedia.org/wiki/World_Bank
^,https://en.wikipedia.org/wiki/Bangladesh#cite_ref-322
"""Mortality rate, infant (per 1,000 live births) – Bangladesh""",https://data.worldbank.org/indicator/SP.DYN.IMRT.IN?locations=BD
World Bank,https://en.wikipedia.org/wiki/World_Bank
^,https://en.wikipedia.org/wiki/Bangladesh#cite_ref-323
"""Mortality rate, under-5 (per 1,000 live births) – Bangladesh""",https://data.worldbank.org/indicator/SH.DYN.MORT?locations=BD
World Bank,https://en.wikipedia.org/wiki/World_Bank
^,https://en.wikipedia.org/wiki/Bangladesh#cite_ref-324
"""Maternal mortality ratio (modeled estimate, per 100,000 live births) – Bangladesh""",https://data.worldbank.org/indicator/SH.STA.MMRT?locations=BD
World Bank,https://en.wikipedia.org/wiki/World_Bank
^,https://en.wikipedia.org/wiki/Bangladesh#cite_ref-325
"""Bangladesh a key source market for medical tourism""",https://www.thedailystar.net/business/tourism/bangladesh-key-source-market-medical-tourism-1571314
The Daily Star,https://en.wikipedia.org/wiki/The_Daily_Star_(Bangladesh)
^,https://en.wikipedia.org/wiki/Bangladesh#cite_ref-326
"""Patient satisfaction with health services in Bangladesh""",https://doi.org/10.1093%2Fheapol%2Fczm017
Health Policy and Planning,https://en.wikipedia.org/wiki/Health_Policy_and_Planning
Oxford University Press,https://en.wikipedia.org/wiki/Oxford_University_Press
doi,https://en.wikipedia.org/wiki/Doi_(identifier)
10.1093/heapol/czm017,https://doi.org/10.1093%2Fheapol%2Fczm017
PMID,https://en.wikipedia.org/wiki/PMID_(identifier)
17545252,https://pubmed.ncbi.nlm.nih.gov/17545252
^,https://en.wikipedia.org/wiki/Bangladesh#cite_ref-327
"""Routine mortality surveillance to identify the cause of death pattern for out-of-hospital adult (aged 12+ years) deaths in Bangladesh: introduction of automated verbal autopsy""",https://www.ncbi.nlm.nih.gov/pmc/articles/PMC7952220
BioMed Central,https://en.wikipedia.org/wiki/BioMed_Central
doi,https://en.wikipedia.org/wiki/Doi_(identifier)
10.1186/s12889-021-10468-7,https://doi.org/10.1186%2Fs12889-021-10468-7
PMC,https://en.wikipedia.org/wiki/PMC_(identifier)
7952220,https://www.ncbi.nlm.nih.gov/pmc/articles/PMC7952220
PMID,https://en.wikipedia.org/wiki/PMID_(identifier)
33706739,https://pubmed.ncbi.nlm.nih.gov/33706739
^,https://en.wikipedia.org/wiki/Bangladesh#cite_ref-328
"""Malnutrition""",https://web.archive.org/web/20221001130754/https://www.icddrb.org/news-and-events/press-corner/media-resources/malnutrition
"International Centre for Diarrhoeal Disease Research, Bangladesh","https://en.wikipedia.org/wiki/International_Centre_for_Diarrhoeal_Disease_Research,_Bangladesh"
the original,https://www.icddrb.org/news-and-events/press-corner/media-resources/malnutrition
^,https://en.wikipedia.org/wiki/Bangladesh#cite_ref-329
"""Global Hunger Index Scores by 2024 GHI Rank""",https://www.globalhungerindex.org/ranking.html
^,https://en.wikipedia.org/wiki/Bangladesh#cite_ref-330
"""The Universal Appeal of Pahela Baishakh""",https://www.thedailystar.net/shout/news/the-universal-appeal-pahela-baishakh-2077693
The Daily Star,https://en.wikipedia.org/wiki/The_Daily_Star_(Bangladesh)
^,https://en.wikipedia.org/wiki/Bangladesh#cite_ref-331
"""DU celebrates Pohela Falgun with spring festival""",https://www.dhakatribune.com/bangladesh/dhaka/373684/du-celebrates-pohela-falgun-with-spring-festival
Dhaka Tribune,https://en.wikipedia.org/wiki/Dhaka_Tribune
^,https://en.wikipedia.org/wiki/Bangladesh#cite_ref-332
"""Nobanno: The Old Bangla New Year""",https://www.thedailystar.net/nobanno-the-old-bangla-new-year-49964
The Daily Star,https://en.wikipedia.org/wiki/The_Daily_Star_(Bangladesh)
^,https://en.wikipedia.org/wiki/Bangladesh#cite_ref-333
"""Shakrain festival""",https://www.thedailystar.net/news-detail-170574
The Daily Star,https://en.wikipedia.org/wiki/The_Daily_Star_(Bangladesh)
^,https://en.wikipedia.org/wiki/Bangladesh#cite_ref-334
"""What is Eid al-Adha and how is it celebrated?""",https://www.aljazeera.com/news/2020/7/31/what-is-eid-al-adha-and-how-is-it-celebrated
Al Jazeera,https://en.wikipedia.org/wiki/Al_Jazeera
^,https://en.wikipedia.org/wiki/Bangladesh#cite_ref-335
"""Five-day Eid vacation, two-day holiday for Durga puja""",https://www.thedailystar.net/news/bangladesh/governance/news/five-day-eid-vacation-two-day-holiday-durga-puja-3729086
The Daily Star,https://en.wikipedia.org/wiki/The_Daily_Star_(Bangladesh)
^,https://en.wikipedia.org/wiki/Bangladesh#cite_ref-336
"""Various dimensions of Mawlid or Milad-un-nabi""",https://thefinancialexpress.com.bd/views/various-dimensions-of-mawlid-or-milad-un-nabi
The Financial Express,https://en.wikipedia.org/wiki/The_Financial_Express_(Bangladesh)
^,https://en.wikipedia.org/wiki/Bangladesh#cite_ref-337
"""Ashura being observed in Bangladesh""",https://www.tbsnews.net/bangladesh/ashura-being-observed-bangladesh-673434
Business Standard,https://en.wikipedia.org/wiki/Business_Standard
^,https://en.wikipedia.org/wiki/Bangladesh#cite_ref-338
"""A reminiscent tour of Chaand Raat through the decades""",https://thefinancialexpress.com.bd/lifestyle/culture/a-reminiscent-tour-of-chaand-raat-through-the-decades
The Financial Express,https://en.wikipedia.org/wiki/The_Financial_Express_(Bangladesh)
^,https://en.wikipedia.org/wiki/Bangladesh#cite_ref-339
"""Shab-e-Barat to be observed on March 29""",https://www.dhakatribune.com/bangladesh/2021/03/14/shab-e-barat-to-be-observed-on-march-29
Dhaka Tribune,https://en.wikipedia.org/wiki/Dhaka_Tribune
^,https://en.wikipedia.org/wiki/Bangladesh#cite_ref-340
"""The 'god makers': Bangladesh's devoted idol creators""",https://www.bbc.com/travel/article/20241008-bangladeshs-devoted-idol-creators
BBC News,https://en.wikipedia.org/wiki/BBC_News
BBC,https://en.wikipedia.org/wiki/BBC
^,https://en.wikipedia.org/wiki/Bangladesh#cite_ref-341
"""Janmashtami today""",https://en.prothomalo.com/bangladesh/dxpkrv51ga
Prothom Alo,https://en.wikipedia.org/wiki/Prothom_Alo
^,https://en.wikipedia.org/wiki/Bangladesh#cite_ref-342
"""Ratha Yatra festival begins across Bangladesh""",https://www.dhakatribune.com/bangladesh/351359/ratha-yatra-festival-begins-across-bangladesh
Dhaka Tribune,https://en.wikipedia.org/wiki/Dhaka_Tribune
^,https://en.wikipedia.org/wiki/Bangladesh#cite_ref-343
"""Buddha Purnima today""",https://www.thedailystar.net/news/bangladesh/news/buddha-purnima-today-3615671
The Daily Star,https://en.wikipedia.org/wiki/The_Daily_Star_(Bangladesh)
^,https://en.wikipedia.org/wiki/Bangladesh#cite_ref-344
"""Buddha Purnima today""",https://www.tbsnews.net/features/christmas-bangladesh-transposing-jingle-bells-memories-764026
Business Standard,https://en.wikipedia.org/wiki/Business_Standard
^,https://en.wikipedia.org/wiki/Bangladesh#cite_ref-345
"""How Ekushey was commemorated during the Pakistan period""",https://www.thedailystar.net/supplements/amar-ekushe-2024/news/how-ekushey-was-commemorated-during-the-pakistan-period-3549101
The Daily Star,https://en.wikipedia.org/wiki/The_Daily_Star_(Bangladesh)
^,https://en.wikipedia.org/wiki/Bangladesh#cite_ref-346
"""International Mother Language Day""",https://www.unesco.org/en/days/mother-language
UNESCO,https://en.wikipedia.org/wiki/UNESCO
a,https://en.wikipedia.org/wiki/Bangladesh#cite_ref-star2_347-0
b,https://en.wikipedia.org/wiki/Bangladesh#cite_ref-star2_347-1
"""The significance of Bangladesh's Independence Day and Victory Day""",https://www.thedailystar.net/rising-stars/news/the-significance-bangladeshs-independence-day-and-victory-day-3575421
The Daily Star,https://en.wikipedia.org/wiki/The_Daily_Star_(Bangladesh)
^,https://en.wikipedia.org/wiki/Bangladesh#cite_ref-348
"""Nation set to pay homage to language martyrs tomorrow""",https://www.tbsnews.net/bangladesh/nation-set-pay-homage-language-martyrs-tomorrow-795818
The Financial Express,https://en.wikipedia.org/wiki/The_Financial_Express_(Bangladesh)
^,https://en.wikipedia.org/wiki/Bangladesh#cite_ref-349
"""National Martyrs' Memorial ready for Independence Day observance""",https://www.dhakatribune.com/bangladesh/307542/national-martyrs-memorial-ready-for-independence
Dhaka Tribune,https://en.wikipedia.org/wiki/Dhaka_Tribune
^,https://en.wikipedia.org/wiki/Bangladesh#cite_ref-350
"""Kazi Nazrul Islam officially recognised as national poet""",https://en.prothomalo.com/bangladesh/zoogq5cu7n
Prothom Alo,https://en.wikipedia.org/wiki/Prothom_Alo
^,https://en.wikipedia.org/wiki/Bangladesh#cite_ref-351
Duke University Press,https://en.wikipedia.org/wiki/Duke_University_Press
ISBN,https://en.wikipedia.org/wiki/ISBN_(identifier)
978-0-8223-5318-8,https://en.wikipedia.org/wiki/Special:BookSources/978-0-8223-5318-8
^,https://en.wikipedia.org/wiki/Bangladesh#cite_ref-352
"""A Tale of Two Languages: How the Persian language seeped into Bengali""",https://www.thedailystar.net/star-weekend/longform/news/tale-two-languages-how-the-persian-language-seeped-bengali-1728421
The Daily Star,https://en.wikipedia.org/wiki/The_Daily_Star_(Bangladesh)
a,https://en.wikipedia.org/wiki/Bangladesh#cite_ref-run_353-0
b,https://en.wikipedia.org/wiki/Bangladesh#cite_ref-run_353-1
c,https://en.wikipedia.org/wiki/Bangladesh#cite_ref-run_353-2
d,https://en.wikipedia.org/wiki/Bangladesh#cite_ref-run_353-3
e,https://en.wikipedia.org/wiki/Bangladesh#cite_ref-run_353-4
"""Some Issues in Medieval Bangla Literature: Baru Chandidas and Vidyapati""",https://www.thedailystar.net/literature/news/some-issues-medieval-bangla-literature-baru-chandidas-and-vidyapati-1855582
The Daily Star,https://en.wikipedia.org/wiki/The_Daily_Star_(Bangladesh)
^,https://en.wikipedia.org/wiki/Bangladesh#cite_ref-354
ISBN,https://en.wikipedia.org/wiki/ISBN_(identifier)
81-85626-65-0,https://en.wikipedia.org/wiki/Special:BookSources/81-85626-65-0
^,https://en.wikipedia.org/wiki/Bangladesh#cite_ref-355
ISBN,https://en.wikipedia.org/wiki/ISBN_(identifier)
978-0-14-341678-4,https://en.wikipedia.org/wiki/Special:BookSources/978-0-14-341678-4
^,https://en.wikipedia.org/wiki/Bangladesh#cite_ref-356
India International Centre,https://en.wikipedia.org/wiki/India_International_Centre
JSTOR,https://en.wikipedia.org/wiki/JSTOR_(identifier)
23005843,https://www.jstor.org/stable/23005843
^,https://en.wikipedia.org/wiki/Bangladesh#cite_ref-357
"Syed, Abdul Mannan",https://en.wikipedia.org/wiki/Abdul_Mannan_Syed
Islamic Foundation,https://en.wikipedia.org/wiki/Islamic_Foundation_Bangladesh
ISBN,https://en.wikipedia.org/wiki/ISBN_(identifier)
978-984-06-0478-4,https://en.wikipedia.org/wiki/Special:BookSources/978-984-06-0478-4
^,https://en.wikipedia.org/wiki/Bangladesh#cite_ref-358
"""Fakir Lalon Shah: Love, life and liberation""",https://www.thedailystar.net/views/opinion/news/fakir-lalon-shah-love-life-and-liberation-2199996
The Daily Star,https://en.wikipedia.org/wiki/The_Daily_Star_(Bangladesh)
^,https://en.wikipedia.org/wiki/Bangladesh#cite_ref-359
GeoJournal,https://en.wikipedia.org/wiki/GeoJournal
Springer,https://en.wikipedia.org/wiki/Springer_Publishing
Bibcode,https://en.wikipedia.org/wiki/Bibcode_(identifier)
1981GeoJo...5...41D,https://ui.adsabs.harvard.edu/abs/1981GeoJo...5...41D
doi,https://en.wikipedia.org/wiki/Doi_(identifier)
10.1007/BF00185242,https://doi.org/10.1007%2FBF00185242
JSTOR,https://en.wikipedia.org/wiki/JSTOR_(identifier)
41142500,https://www.jstor.org/stable/41142500
^,https://en.wikipedia.org/wiki/Bangladesh#cite_ref-360
doi,https://en.wikipedia.org/wiki/Doi_(identifier)
10.2307/1315120,https://doi.org/10.2307%2F1315120
JSTOR,https://en.wikipedia.org/wiki/JSTOR_(identifier)
1315120,https://www.jstor.org/stable/1315120
^,https://en.wikipedia.org/wiki/Bangladesh#cite_ref-361
Bangabandhu Sheikh Mujibur Rahman Science and Technology University,https://en.wikipedia.org/wiki/Bangabandhu_Sheikh_Mujibur_Rahman_Science_and_Technology_University
^,https://en.wikipedia.org/wiki/Bangladesh#cite_ref-362
"""Barishale Jibanananda Mela"" বরিশালে জীবনানন্দ মেলা",http://www.prothomalo.com/entertainment/article/703870
^,https://en.wikipedia.org/wiki/Bangladesh#cite_ref-363
Signs,https://en.wikipedia.org/wiki/Signs_(journal)
The University of Chicago Press,https://en.wikipedia.org/wiki/The_University_of_Chicago_Press
doi,https://en.wikipedia.org/wiki/Doi_(identifier)
10.1086/495258,https://doi.org/10.1086%2F495258
JSTOR,https://en.wikipedia.org/wiki/JSTOR_(identifier)
3175098,https://www.jstor.org/stable/3175098
^,https://en.wikipedia.org/wiki/Bangladesh#cite_ref-364
"""Syed Mujtaba Ali""",https://www.thedailystar.net/news-detail-106359
The Daily Star,https://en.wikipedia.org/wiki/The_Daily_Star_(Bangladesh)
^,https://en.wikipedia.org/wiki/Bangladesh#cite_ref-365
"""More than a pastoral poet""",https://www.thedailystar.net/views/opinion/news/46th-death-anniversary-jasim-uddin-more-pastoral-poet-2982236
The Daily Star,https://en.wikipedia.org/wiki/The_Daily_Star_(Bangladesh)
^,https://en.wikipedia.org/wiki/Bangladesh#cite_ref-366
"""The poet of Islamic Renaissance""",https://www.thedailystar.net/news/the-poet-of-islamic-renaissance
The Daily Star,https://en.wikipedia.org/wiki/The_Daily_Star_(Bangladesh)
a,https://en.wikipedia.org/wiki/Bangladesh#cite_ref-pied_367-0
b,https://en.wikipedia.org/wiki/Bangladesh#cite_ref-pied_367-1
c,https://en.wikipedia.org/wiki/Bangladesh#cite_ref-pied_367-2
"""Pied Piper of Bangla literature""",https://www.thedailystar.net/news-detail-243127
The Daily Star,https://en.wikipedia.org/wiki/The_Daily_Star_(Bangladesh)
^,https://en.wikipedia.org/wiki/Bangladesh#cite_ref-368
"""In the circle of fire""",https://www.thedailystar.net/news-detail-208350
The Daily Star,https://en.wikipedia.org/wiki/The_Daily_Star_(Bangladesh)
^,https://en.wikipedia.org/wiki/Bangladesh#cite_ref-369
"""Feminism, activism, and literature: The legacy of Sufia Kamal""",https://www.thedailystar.net/arts-entertainment/news/feminism-activism-and-literature-the-legacy-sufia-kamal-2114669
The Daily Star,https://en.wikipedia.org/wiki/The_Daily_Star_(Bangladesh)
^,https://en.wikipedia.org/wiki/Bangladesh#cite_ref-370
"""Mundanities, magic realism, Bangladesh—Shahidul Zahir's novellas""",https://www.thedailystar.net/daily-star-books/news/mundanities-magic-realism-bangladesh-revisiting-shahidul-zahirs-novellas-3081576
The Daily Star,https://en.wikipedia.org/wiki/The_Daily_Star_(Bangladesh)
^,https://en.wikipedia.org/wiki/Bangladesh#cite_ref-371
"""In conversation with Selina Hossain""",https://www.thedailystar.net/in-focus/conversation-selina-hossain-182329
The Daily Star,https://en.wikipedia.org/wiki/The_Daily_Star_(Bangladesh)
^,https://en.wikipedia.org/wiki/Bangladesh#cite_ref-372
"""Muhammad Zafar Iqbal""",https://www.thedailystar.net/news/muhammad-zafar-iqbal
The Daily Star,https://en.wikipedia.org/wiki/The_Daily_Star_(Bangladesh)
^,https://en.wikipedia.org/wiki/Bangladesh#cite_ref-373
"""The artist within Anisul Hoque""",https://www.thedailystar.net/entertainment/theatre-arts/news/the-artist-within-anisul-hoque-3537651
The Daily Star,https://en.wikipedia.org/wiki/The_Daily_Star_(Bangladesh)
^,https://en.wikipedia.org/wiki/Bangladesh#cite_ref-374
"""Lit Fest, Ekushey Boi Mela ... and our books""",https://thefinancialexpress.com.bd/views/columns/lit-fest-ekushey-boi-mela-and-our-books-1673450330
The Financial Express,https://en.wikipedia.org/wiki/The_Financial_Express_(Bangladesh)
^,https://en.wikipedia.org/wiki/Bangladesh#cite_ref-375
"""Visual art and architecture in Bangladesh""",http://www.britannica.com/EBchecked/topic/51736/Bangladesh/277578/Visual-art-and-architecture
a,https://en.wikipedia.org/wiki/Bangladesh#cite_ref-re_376-0
b,https://en.wikipedia.org/wiki/Bangladesh#cite_ref-re_376-1
"The ""Påala-Sena"" Schools of Sculpture",https://books.google.com/books?id=xLA3AAAAIAAJ
Brill Publishers,https://en.wikipedia.org/wiki/Brill_Publishers
ISBN,https://en.wikipedia.org/wiki/ISBN_(identifier)
90-04-06856-2,https://en.wikipedia.org/wiki/Special:BookSources/90-04-06856-2
^,https://en.wikipedia.org/wiki/Bangladesh#cite_ref-377
Jahangirnagar University,https://en.wikipedia.org/wiki/Jahangirnagar_University
^,https://en.wikipedia.org/wiki/Bangladesh#cite_ref-378
"""Think you've seen it all? Wait till you visit this 8th-century gem in Bangladesh""",https://www.thedailystar.net/life-living/travel/news/think-youve-seen-it-all-wait-till-you-visit-8th-century-gem-bangladesh-3729731
The Daily Star,https://en.wikipedia.org/wiki/The_Daily_Star_(Bangladesh)
a,https://en.wikipedia.org/wiki/Bangladesh#cite_ref-sat_379-0
b,https://en.wikipedia.org/wiki/Bangladesh#cite_ref-sat_379-1
"""From Sultanate to Mughal: The Architectural Legacy of Bengal""",https://www.thedailystar.net/opinion/focus/news/sultanate-mughal-the-architectural-legacy-bengal-3738301
The Daily Star,https://en.wikipedia.org/wiki/The_Daily_Star_(Bangladesh)
^,https://en.wikipedia.org/wiki/Bangladesh#cite_ref-380
Muqarnas,https://en.wikipedia.org/wiki/Muqarnas_(journal)
Brill Publishers,https://en.wikipedia.org/wiki/Brill_Publishers
doi,https://en.wikipedia.org/wiki/Doi_(identifier)
10.2307/1602281,https://doi.org/10.2307%2F1602281
JSTOR,https://en.wikipedia.org/wiki/JSTOR_(identifier)
1602281,https://www.jstor.org/stable/1602281
^,https://en.wikipedia.org/wiki/Bangladesh#cite_ref-381
"""Mughal Mosques in Bangladesh""",https://whc.unesco.org/en/tentativelists/6672/
UNESCO,https://en.wikipedia.org/wiki/UNESCO
^,https://en.wikipedia.org/wiki/Bangladesh#cite_ref-382
"""Boro Katra, Chhoto Katra: Dhaka's key historic sites in ruins""",https://www.thedailystar.net/news/bangladesh/news/historic-sites-left-ruins-3006146
The Daily Star,https://en.wikipedia.org/wiki/The_Daily_Star_(Bangladesh)
^,https://en.wikipedia.org/wiki/Bangladesh#cite_ref-383
"""Mughal Forts on Fluvial Terrains in Dhaka""",https://whc.unesco.org/en/tentativelists/6675/
UNESCO,https://en.wikipedia.org/wiki/UNESCO
^,https://en.wikipedia.org/wiki/Bangladesh#cite_ref-384
Asiatic Society of Bangladesh,https://en.wikipedia.org/wiki/Asiatic_Society_of_Bangladesh
OCLC,https://en.wikipedia.org/wiki/OCLC_(identifier)
298612818,https://search.worldcat.org/oclc/298612818
^,https://en.wikipedia.org/wiki/Bangladesh#cite_ref-385
ISBN,https://en.wikipedia.org/wiki/ISBN_(identifier)
81-900862-1-9,https://en.wikipedia.org/wiki/Special:BookSources/81-900862-1-9
^,https://en.wikipedia.org/wiki/Bangladesh#cite_ref-386
Journal of the Society of Architectural Historians,https://en.wikipedia.org/wiki/Journal_of_the_Society_of_Architectural_Historians
University of California Press,https://en.wikipedia.org/wiki/University_of_California_Press
doi,https://en.wikipedia.org/wiki/Doi_(identifier)
10.2307/991538,https://doi.org/10.2307%2F991538
JSTOR,https://en.wikipedia.org/wiki/JSTOR_(identifier)
991538,https://www.jstor.org/stable/991538
^,https://en.wikipedia.org/wiki/Bangladesh#cite_ref-387
Bangladesh Folk Arts and Crafts Foundation,https://en.wikipedia.org/wiki/Bangladesh_Folk_Arts_and_Crafts_Foundation
ISBN,https://en.wikipedia.org/wiki/ISBN_(identifier)
978-984-34-0277-6,https://en.wikipedia.org/wiki/Special:BookSources/978-984-34-0277-6
^,https://en.wikipedia.org/wiki/Bangladesh#cite_ref-388
Representations,https://en.wikipedia.org/wiki/Representations
University of California Press,https://en.wikipedia.org/wiki/University_of_California_Press
doi,https://en.wikipedia.org/wiki/Doi_(identifier)
10.2307/2928537,https://doi.org/10.2307%2F2928537
JSTOR,https://en.wikipedia.org/wiki/JSTOR_(identifier)
2928537,https://www.jstor.org/stable/2928537
^,https://en.wikipedia.org/wiki/Bangladesh#cite_ref-389
"""The Architectural Works of Muzharul Islam: an Outstanding Contribution to the Modern Movement in South Asia""",https://whc.unesco.org/en/tentativelists/6674/
UNESCO,https://en.wikipedia.org/wiki/UNESCO
^,https://en.wikipedia.org/wiki/Bangladesh#cite_ref-390
doi,https://en.wikipedia.org/wiki/Doi_(identifier)
10.1016/j.foar.2021.09.005,https://doi.org/10.1016%2Fj.foar.2021.09.005
^,https://en.wikipedia.org/wiki/Bangladesh#cite_ref-391
Scarecrow Press,https://en.wikipedia.org/wiki/Scarecrow_Press
ISBN,https://en.wikipedia.org/wiki/ISBN_(identifier)
978-0810-880-245,https://en.wikipedia.org/wiki/Special:BookSources/978-0810-880-245
^,https://en.wikipedia.org/wiki/Bangladesh#cite_ref-392
"""Traditional art of Jamdani weaving""",https://ich.unesco.org/en/RL/traditional-art-of-jamdani-weaving-00879
UNESCO,https://en.wikipedia.org/wiki/UNESCO
^,https://en.wikipedia.org/wiki/Bangladesh#cite_ref-393
Brill Publishers,https://en.wikipedia.org/wiki/Brill_Publishers
ISBN,https://en.wikipedia.org/wiki/ISBN_(identifier)
978-90-04-11380-0,https://en.wikipedia.org/wiki/Special:BookSources/978-90-04-11380-0
^,https://en.wikipedia.org/wiki/Bangladesh#cite_ref-394
"Glassie, Henry",https://en.wikipedia.org/wiki/Henry_Glassie
Routledge,https://en.wikipedia.org/wiki/Routledge
ISBN,https://en.wikipedia.org/wiki/ISBN_(identifier)
0-415-93919-4,https://en.wikipedia.org/wiki/Special:BookSources/0-415-93919-4
^,https://en.wikipedia.org/wiki/Bangladesh#cite_ref-395
OCLC,https://en.wikipedia.org/wiki/OCLC_(identifier)
29737195,https://search.worldcat.org/oclc/29737195
a,https://en.wikipedia.org/wiki/Bangladesh#cite_ref-star_396-0
b,https://en.wikipedia.org/wiki/Bangladesh#cite_ref-star_396-1
"""Art movements between 1948 and 2000""",https://archive.thedailystar.net/suppliments/2011/anniversary/part9/pg18.htm
The Daily Star,https://en.wikipedia.org/wiki/The_Daily_Star_(Bangladesh)
^,https://en.wikipedia.org/wiki/Bangladesh#cite_ref-397
"Jahangir, Apurba",https://en.wikipedia.org/wiki/Apurba_Jahangir
"""A FREE SPIRIT""",http://www.thedailystar.net/the-star/spotlight/free-spirit-5077
The Daily Star,https://en.wikipedia.org/wiki/The_Daily_Star_(Bangladesh)
^,https://en.wikipedia.org/wiki/Bangladesh#cite_ref-398
"""Novera, pioneer of progressiveness in Bangladesh""",https://www.thedailystar.net/arts-entertainment/novera-pioneer-progressiveness-bangladesh-80953
The Daily Star,https://en.wikipedia.org/wiki/The_Daily_Star_(Bangladesh)
^,https://en.wikipedia.org/wiki/Bangladesh#cite_ref-399
"""An opulent display of sculptures""",https://online84.thedailystar.net/star-weekend/exhibition/opulent-display-sculptures-1584643
The Daily Star,https://en.wikipedia.org/wiki/The_Daily_Star_(Bangladesh)
^,https://en.wikipedia.org/wiki/Bangladesh#cite_ref-400
"""Mangal Shobhajatra on Pahela Baishakh""",https://ich.unesco.org/en/RL/mangal-shobhajatra-on-pahela-baishakh-01091
UNESCO,https://en.wikipedia.org/wiki/UNESCO
^,https://en.wikipedia.org/wiki/Bangladesh#cite_ref-401
"""CHOBI MELA VIII""",https://online84.thedailystar.net/shout/chobi-mela-viii-1219
The Daily Star,https://en.wikipedia.org/wiki/The_Daily_Star_(Bangladesh)
^,https://en.wikipedia.org/wiki/Bangladesh#cite_ref-402
"""Re-imagining the Ambivalent: The Political Trajectory of Lungi from Pre-Colonial East Bangla to Post-Independent Bangladesh""",https://doi.org/10.3329%2Fspectrum.v17i1.68998
University of Dhaka,https://en.wikipedia.org/wiki/University_of_Dhaka
doi,https://en.wikipedia.org/wiki/Doi_(identifier)
10.3329/spectrum.v17i1.68998,https://doi.org/10.3329%2Fspectrum.v17i1.68998
^,https://en.wikipedia.org/wiki/Bangladesh#cite_ref-403
"""The panjabi story""",https://www.thedailystar.net/lifestyle/spotlight/the-panjabi-story-1238983
The Daily Star,https://en.wikipedia.org/wiki/The_Daily_Star_(Bangladesh)
a,https://en.wikipedia.org/wiki/Bangladesh#cite_ref-arts_404-0
b,https://en.wikipedia.org/wiki/Bangladesh#cite_ref-arts_404-1
c,https://en.wikipedia.org/wiki/Bangladesh#cite_ref-arts_404-2
d,https://en.wikipedia.org/wiki/Bangladesh#cite_ref-arts_404-3
e,https://en.wikipedia.org/wiki/Bangladesh#cite_ref-arts_404-4
"""Bangladesh""",https://www.britannica.com/place/Bangladesh
Encyclopædia Britannica,https://en.wikipedia.org/wiki/Encyclop%C3%A6dia_Britannica
^,https://en.wikipedia.org/wiki/Bangladesh#cite_ref-405
"""Hijab popularity budding among educated women in Bangladesh""",https://www.aa.com.tr/en/asia-pacific/hijab-popularity-budding-among-educated-women-in-bangladesh/2489648
Anadolu Agency,https://en.wikipedia.org/wiki/Anadolu_Agency
a,https://en.wikipedia.org/wiki/Bangladesh#cite_ref-Ahmed_406-0
b,https://en.wikipedia.org/wiki/Bangladesh#cite_ref-Ahmed_406-1
ISBN,https://en.wikipedia.org/wiki/ISBN_(identifier)
978-984-05-1462-5,https://en.wikipedia.org/wiki/Special:BookSources/978-984-05-1462-5
^,https://en.wikipedia.org/wiki/Bangladesh#cite_ref-407
Michigan State University,https://en.wikipedia.org/wiki/Michigan_State_University
JSTOR,https://en.wikipedia.org/wiki/JSTOR_(identifier)
40871932,https://www.jstor.org/stable/40871932
^,https://en.wikipedia.org/wiki/Bangladesh#cite_ref-408
"""Proma Abonti – A life dedicated to Odissi dance""",https://www.thedailystar.net/arts-entertainment/event/proma-abonti-life-dedicated-odissi-dance-1487770
The Daily Star,https://en.wikipedia.org/wiki/The_Daily_Star_(Bangladesh)
^,https://en.wikipedia.org/wiki/Bangladesh#cite_ref-409
Indian Literature,https://en.wikipedia.org/wiki/Indian_Literature_(journal)
Sahitya Akademi,https://en.wikipedia.org/wiki/Sahitya_Akademi
JSTOR,https://en.wikipedia.org/wiki/JSTOR_(identifier)
24157426,https://www.jstor.org/stable/24157426
^,https://en.wikipedia.org/wiki/Bangladesh#cite_ref-wei_410-0
"""Baul songs""",https://ich.unesco.org/en/RL/baul-songs-00107
UNESCO,https://en.wikipedia.org/wiki/UNESCO
a,https://en.wikipedia.org/wiki/Bangladesh#cite_ref-alom_411-0
b,https://en.wikipedia.org/wiki/Bangladesh#cite_ref-alom_411-1
c,https://en.wikipedia.org/wiki/Bangladesh#cite_ref-alom_411-2
d,https://en.wikipedia.org/wiki/Bangladesh#cite_ref-alom_411-3
"""The timeless appeal of folk music""",https://www.thedailystar.net/supplements/naboborsho-1423/the-timeless-appeal-folk-music-1208197
The Daily Star,https://en.wikipedia.org/wiki/The_Daily_Star_(Bangladesh)
^,https://en.wikipedia.org/wiki/Bangladesh#cite_ref-412
ISBN,https://en.wikipedia.org/wiki/ISBN_(identifier)
0-8368-3107-1,https://en.wikipedia.org/wiki/Special:BookSources/0-8368-3107-1
^,https://en.wikipedia.org/wiki/Bangladesh#cite_ref-413
"""Runa Laila's voice is a gift from God: Sabina Yasmin""",https://www.thedailystar.net/entertainment/music/news/runa-lailas-voice-gift-god-sabina-yasmin-3171921
The Daily Star,https://en.wikipedia.org/wiki/The_Daily_Star_(Bangladesh)
^,https://en.wikipedia.org/wiki/Bangladesh#cite_ref-414
"""Remembering 'Playback King' Andrew Kishore""",https://www.dhakatribune.com/showtime/316303/remembering-%E2%80%98playback-king%E2%80%99-andrew-kishore
Dhaka Tribune,https://en.wikipedia.org/wiki/Dhaka_Tribune
^,https://en.wikipedia.org/wiki/Bangladesh#cite_ref-415
"""Remembering Azam Khan: The rock pioneer of Bangladesh""",https://www.tbsnews.net/glitz/remembering-azam-khan-rock-pioneer-bangladesh-4918
Business Standard,https://en.wikipedia.org/wiki/Business_Standard
^,https://en.wikipedia.org/wiki/Bangladesh#cite_ref-416
"""Rock's leading light goes out""",https://www.thedailystar.net/arts-entertainment/news/ayub-bachchu-passes-away-1648585
^,https://en.wikipedia.org/wiki/Bangladesh#cite_ref-417
"""An Ode to the Guru of Rock""",https://www.thedailystar.net/showbiz/cover-story/ode-the-guru-of-bangladeshi-rock-james-1509028
The Daily Star,https://en.wikipedia.org/wiki/The_Daily_Star_(Bangladesh)
^,https://en.wikipedia.org/wiki/Bangladesh#cite_ref-418
"""Arnob unplugged: Candid insights into his artistic journey""",https://www.thedailystar.net/entertainment/music/news/arnob-unplugged-candid-insights-his-artistic-journey-3606661
The Daily Star,https://en.wikipedia.org/wiki/The_Daily_Star_(Bangladesh)
^,https://en.wikipedia.org/wiki/Bangladesh#cite_ref-419
"""KING OF FUSION""",https://www.thedailystar.net/showbiz/cover-story/musician-habib-wahid-king-of-fusion-music-in-bangladesh-1789549
The Daily Star,https://en.wikipedia.org/wiki/The_Daily_Star_(Bangladesh)
^,https://en.wikipedia.org/wiki/Bangladesh#cite_ref-420
"""TAHSAN opens up about career, future plans""",https://www.thedailystar.net/arts-entertainment/interview/news/tahsan-opens-about-career-future-plans-1663867
The Daily Star,https://en.wikipedia.org/wiki/The_Daily_Star_(Bangladesh)
^,https://en.wikipedia.org/wiki/Bangladesh#cite_ref-421
"""Canada chants 'Artcell, Artcell!' as beloved band celebrates 25 years""",https://www.thedailystar.net/entertainment/music/news/canada-chants-artcell-artcell-beloved-band-celebrates-25-years-3612926
The Daily Star,https://en.wikipedia.org/wiki/The_Daily_Star_(Bangladesh)
^,https://en.wikipedia.org/wiki/Bangladesh#cite_ref-422
"""Warfaze celebrates 4 decades with concerts worldwide""",https://www.thedailystar.net/entertainment/music/news/warfaze-celebrates-4-decades-concerts-worldwide-3680936
The Daily Star,https://en.wikipedia.org/wiki/The_Daily_Star_(Bangladesh)
^,https://en.wikipedia.org/wiki/Bangladesh#cite_ref-dr_423-0
"""Purbabanga Rangabhumi and the beginning of theatre in Dhaka""",https://www.thedailystar.net/in-focus/news/purbabanga-rangabhumi-and-the-beginning-theatre-dhaka-1849873
The Daily Star,https://en.wikipedia.org/wiki/The_Daily_Star_(Bangladesh)
a,https://en.wikipedia.org/wiki/Bangladesh#cite_ref-bbc1_424-0
b,https://en.wikipedia.org/wiki/Bangladesh#cite_ref-bbc1_424-1
c,https://en.wikipedia.org/wiki/Bangladesh#cite_ref-bbc1_424-2
d,https://en.wikipedia.org/wiki/Bangladesh#cite_ref-bbc1_424-3
e,https://en.wikipedia.org/wiki/Bangladesh#cite_ref-bbc1_424-4
f,https://en.wikipedia.org/wiki/Bangladesh#cite_ref-bbc1_424-5
g,https://en.wikipedia.org/wiki/Bangladesh#cite_ref-bbc1_424-6
"""Country Case Study: Bangladesh""",https://downloads.bbc.co.uk/mediaaction/pdf/bangladesh.pdf
BBC Media Action,https://en.wikipedia.org/wiki/BBC_Media_Action
BBC,https://en.wikipedia.org/wiki/BBC
a,https://en.wikipedia.org/wiki/Bangladesh#cite_ref-bbc_425-0
b,https://en.wikipedia.org/wiki/Bangladesh#cite_ref-bbc_425-1
c,https://en.wikipedia.org/wiki/Bangladesh#cite_ref-bbc_425-2
d,https://en.wikipedia.org/wiki/Bangladesh#cite_ref-bbc_425-3
"""Bangladesh media guide""",https://www.bbc.com/news/world-south-asia-12650946
BBC News,https://en.wikipedia.org/wiki/BBC_News
BBC,https://en.wikipedia.org/wiki/BBC
^,https://en.wikipedia.org/wiki/Bangladesh#cite_ref-426
"""The life and obscurity of BTV""",https://www.dhakatribune.com/bangladesh/bangladesh-others/131125/the-life-and-obscurity-of-btv
Dhaka Tribune,https://en.wikipedia.org/wiki/Dhaka_Tribune
^,https://en.wikipedia.org/wiki/Bangladesh#cite_ref-427
"""Radio Silence: Bangladesh Betar's external service inoperative for three years""",https://www.thedailystar.net/news/bangladesh/news/radio-silence-bangladesh-betars-external-service-inoperative-three-years-3221291
The Daily Star,https://en.wikipedia.org/wiki/The_Daily_Star_(Bangladesh)
^,https://en.wikipedia.org/wiki/Bangladesh#cite_ref-428
"Media, Culture & Society","https://en.wikipedia.org/wiki/Media,_Culture_%26_Society"
SAGE Publishers,https://en.wikipedia.org/wiki/SAGE_Publishers
doi,https://en.wikipedia.org/wiki/Doi_(identifier)
10.1177/016344372090818,https://doi.org/10.1177%2F016344372090818
cite journal,https://en.wikipedia.org/wiki/Template:Cite_journal
link,https://en.wikipedia.org/wiki/Category:CS1_maint:_DOI_inactive_as_of_July_2025
^,https://en.wikipedia.org/wiki/Bangladesh#cite_ref-429
"""Bangladesh""",https://rsf.org/en/country/bangladesh
Reporters Without Borders,https://en.wikipedia.org/wiki/Reporters_Without_Borders
Archived,https://web.archive.org/web/20250701010054/https://rsf.org/en/country/bangladesh
a,https://en.wikipedia.org/wiki/Bangladesh#cite_ref-easmin_430-0
b,https://en.wikipedia.org/wiki/Bangladesh#cite_ref-easmin_430-1
c,https://en.wikipedia.org/wiki/Bangladesh#cite_ref-easmin_430-2
d,https://en.wikipedia.org/wiki/Bangladesh#cite_ref-easmin_430-3
e,https://en.wikipedia.org/wiki/Bangladesh#cite_ref-easmin_430-4
f,https://en.wikipedia.org/wiki/Bangladesh#cite_ref-easmin_430-5
g,https://en.wikipedia.org/wiki/Bangladesh#cite_ref-easmin_430-6
h,https://en.wikipedia.org/wiki/Bangladesh#cite_ref-easmin_430-7
i,https://en.wikipedia.org/wiki/Bangladesh#cite_ref-easmin_430-8
j,https://en.wikipedia.org/wiki/Bangladesh#cite_ref-easmin_430-9
doi,https://en.wikipedia.org/wiki/Doi_(identifier)
10.18034/abr.v8i3.164,https://doi.org/10.18034%2Fabr.v8i3.164
a,https://en.wikipedia.org/wiki/Bangladesh#cite_ref-back_431-0
b,https://en.wikipedia.org/wiki/Bangladesh#cite_ref-back_431-1
c,https://en.wikipedia.org/wiki/Bangladesh#cite_ref-back_431-2
d,https://en.wikipedia.org/wiki/Bangladesh#cite_ref-back_431-3
e,https://en.wikipedia.org/wiki/Bangladesh#cite_ref-back_431-4
f,https://en.wikipedia.org/wiki/Bangladesh#cite_ref-back_431-5
g,https://en.wikipedia.org/wiki/Bangladesh#cite_ref-back_431-6
h,https://en.wikipedia.org/wiki/Bangladesh#cite_ref-back_431-7
"""Looking back on a forgotten industry""",https://www.tbsnews.net/first-anniversary/looking-back-forgotten-industry-193126
Business Standard,https://en.wikipedia.org/wiki/Business_Standard
^,https://en.wikipedia.org/wiki/Bangladesh#cite_ref-432
"""How film societies influence cinema""",https://thefinancialexpress.com.bd/views/reviews/how-film-societies-influence-cinema-1559231122
The Financial Express,https://en.wikipedia.org/wiki/The_Financial_Express_(Bangladesh)
a,https://en.wikipedia.org/wiki/Bangladesh#cite_ref-cuisine_433-0
b,https://en.wikipedia.org/wiki/Bangladesh#cite_ref-cuisine_433-1
c,https://en.wikipedia.org/wiki/Bangladesh#cite_ref-cuisine_433-2
d,https://en.wikipedia.org/wiki/Bangladesh#cite_ref-cuisine_433-3
e,https://en.wikipedia.org/wiki/Bangladesh#cite_ref-cuisine_433-4
f,https://en.wikipedia.org/wiki/Bangladesh#cite_ref-cuisine_433-5
ISBN,https://en.wikipedia.org/wiki/ISBN_(identifier)
978-1-890-20602-4,https://en.wikipedia.org/wiki/Special:BookSources/978-1-890-20602-4
a,https://en.wikipedia.org/wiki/Bangladesh#cite_ref-shaheda_434-0
b,https://en.wikipedia.org/wiki/Bangladesh#cite_ref-shaheda_434-1
c,https://en.wikipedia.org/wiki/Bangladesh#cite_ref-shaheda_434-2
d,https://en.wikipedia.org/wiki/Bangladesh#cite_ref-shaheda_434-3
e,https://en.wikipedia.org/wiki/Bangladesh#cite_ref-shaheda_434-4
f,https://en.wikipedia.org/wiki/Bangladesh#cite_ref-shaheda_434-5
g,https://en.wikipedia.org/wiki/Bangladesh#cite_ref-shaheda_434-6
"""Bangladesh cuisine part I – delectable and diverse""",https://www.thedailystar.net/lifestyle/spotlight/bangladesh-cuisine-part-i-delectable-and-diverse-1325551
The Daily Star,https://en.wikipedia.org/wiki/The_Daily_Star_(Bangladesh)
Archived,https://web.archive.org/web/20161206142722/https://www.thedailystar.net/lifestyle/spotlight/bangladesh-cuisine-part-i-delectable-and-diverse-1325551
^,https://en.wikipedia.org/wiki/Bangladesh#cite_ref-435
"""MASHED""",https://www.thedailystar.net/lifestyle/recipe/news/mashed-1723366
The Daily Star,https://en.wikipedia.org/wiki/The_Daily_Star_(Bangladesh)
Archived,https://web.archive.org/web/20221002091752/https://www.thedailystar.net/lifestyle/recipe/news/mashed-1723366
^,https://en.wikipedia.org/wiki/Bangladesh#cite_ref-436
"""Consumer fish consumption preferences and contributing factors: empirical evidence from Rangpur city corporation, Bangladesh""",https://www.ncbi.nlm.nih.gov/pmc/articles/PMC7779775
Heliyon,https://en.wikipedia.org/wiki/Heliyon
Cell Press,https://en.wikipedia.org/wiki/Cell_Press
Bibcode,https://en.wikipedia.org/wiki/Bibcode_(identifier)
2020Heliy...605864R,https://ui.adsabs.harvard.edu/abs/2020Heliy...605864R
doi,https://en.wikipedia.org/wiki/Doi_(identifier)
10.1016/j.heliyon.2020.e05864,https://doi.org/10.1016%2Fj.heliyon.2020.e05864
PMC,https://en.wikipedia.org/wiki/PMC_(identifier)
7779775,https://www.ncbi.nlm.nih.gov/pmc/articles/PMC7779775
PMID,https://en.wikipedia.org/wiki/PMID_(identifier)
33426347,https://pubmed.ncbi.nlm.nih.gov/33426347
a,https://en.wikipedia.org/wiki/Bangladesh#cite_ref-guardiancuisine_437-0
b,https://en.wikipedia.org/wiki/Bangladesh#cite_ref-guardiancuisine_437-1
c,https://en.wikipedia.org/wiki/Bangladesh#cite_ref-guardiancuisine_437-2
"""From kala bhuna to shatkora curry – let's all get a taste for Bangladesh""",https://www.theguardian.com/world/2021/mar/21/from-kala-bhuna-to-shatkora-curry-lets-all-get-a-taste-for-bangladesh
The Guardian,https://en.wikipedia.org/wiki/The_Guardian
Archived,https://web.archive.org/web/20240902070150/https://www.theguardian.com/world/2021/mar/21/from-kala-bhuna-to-shatkora-curry-lets-all-get-a-taste-for-bangladesh
^,https://en.wikipedia.org/wiki/Bangladesh#cite_ref-438
"""Bamboo shoots now a popular delicacy for tourists""",https://www.tbsnews.net/feature/food/bamboo-shoots-now-popular-delicacy-tourists-120037
Business Standard,https://en.wikipedia.org/wiki/Business_Standard
Archived,https://web.archive.org/web/20221002095316/https://www.tbsnews.net/feature/food/bamboo-shoots-now-popular-delicacy-tourists-120037
^,https://en.wikipedia.org/wiki/Bangladesh#cite_ref-439
"""Kalai Ruti, a northwestern must eat""",https://www.dhakatribune.com/bangladesh/nation/198302/kalai-ruti-a-northwestern-must-eat
Dhaka Tribune,https://en.wikipedia.org/wiki/Dhaka_Tribune
^,https://en.wikipedia.org/wiki/Bangladesh#cite_ref-440
"""The Concept of Desserts in Bangladesh""",https://www.thedailystar.net/star-weekend/the-concept-desserts-bangladesh-1244389
The Daily Star,https://en.wikipedia.org/wiki/The_Daily_Star_(Bangladesh)
^,https://en.wikipedia.org/wiki/Bangladesh#cite_ref-441
"""Winter Pitha""",https://www.thedailystar.net/lifestyle/deshi-mix/winter-pitha-176893
The Daily Star,https://en.wikipedia.org/wiki/The_Daily_Star_(Bangladesh)
^,https://en.wikipedia.org/wiki/Bangladesh#cite_ref-442
"""Shab-e-Barat: The night of fortune and forgiveness""",https://www.thedailystar.net/life-living/news/shab-e-barat-the-night-fortune-and-forgiveness-2983236
The Daily Star,https://en.wikipedia.org/wiki/The_Daily_Star_(Bangladesh)
^,https://en.wikipedia.org/wiki/Bangladesh#cite_ref-443
"""Variations on Vermicelli""",https://www.thedailystar.net/lifestyle/aappayon/variations-vermicelli-1250221
The Daily Star,https://en.wikipedia.org/wiki/The_Daily_Star_(Bangladesh)
^,https://en.wikipedia.org/wiki/Bangladesh#cite_ref-444
"""Dina's Table""",https://images.thedailystar.net/lifestyle/recipe/news/dinas-table-1752979
The Daily Star,https://en.wikipedia.org/wiki/The_Daily_Star_(Bangladesh)
^,https://en.wikipedia.org/wiki/Bangladesh#cite_ref-445
"""Bread 101""",https://www.thedailystar.net/lifestyle/ls-special/bread-101-1566847
The Daily Star,https://en.wikipedia.org/wiki/The_Daily_Star_(Bangladesh)
^,https://en.wikipedia.org/wiki/Bangladesh#cite_ref-446
"""Coffee: a lifestyle or just another alternative to tea?""",https://www.thedailystar.net/lifestyle/reader%E2%80%99s-chit/coffee-lifestyle-or-just-another-alternative-tea-1503541
The Daily Star,https://en.wikipedia.org/wiki/The_Daily_Star_(Bangladesh)
^,https://en.wikipedia.org/wiki/Bangladesh#cite_ref-447
ISBN,https://en.wikipedia.org/wiki/ISBN_(identifier)
978-81-322-2800-4,https://en.wikipedia.org/wiki/Special:BookSources/978-81-322-2800-4
^,https://en.wikipedia.org/wiki/Bangladesh#cite_ref-448
"""Tis' the season (almost) for Lassi""",https://www.thedailystar.net/lifestyle/ls-pick/tis-the-season-almost-lassi-1533559
The Daily Star,https://en.wikipedia.org/wiki/The_Daily_Star_(Bangladesh)
^,https://en.wikipedia.org/wiki/Bangladesh#cite_ref-449
"""All about shingaras""",https://www.thedailystar.net/my-dhaka/news/all-about-shingaras-3396736
The Daily Star,https://en.wikipedia.org/wiki/The_Daily_Star_(Bangladesh)
^,https://en.wikipedia.org/wiki/Bangladesh#cite_ref-450
"""street food 101""",https://archive.thedailystar.net/lifestyle/2010/03/02/centre.htm
The Daily Star,https://en.wikipedia.org/wiki/The_Daily_Star_(Bangladesh)
^,https://en.wikipedia.org/wiki/Bangladesh#cite_ref-451
"""Kabadi""",http://en.banglapedia.org/index.php?title=Kabadi
"Islam, Sirajul",https://en.wikipedia.org/wiki/Sirajul_Islam
Asiatic Society of Bangladesh,https://en.wikipedia.org/wiki/Asiatic_Society_of_Bangladesh
^,https://en.wikipedia.org/wiki/Bangladesh#cite_ref-452
"""Why Shakib Al Hasan is one of cricket's greatest allrounders""",https://www.espncricinfo.com/story/stats-analysis-why-shakib-al-hasan-is-one-of-cricket-s-greatest-allrounders-1219732
ESPNcricinfo,https://en.wikipedia.org/wiki/ESPNcricinfo
^,https://en.wikipedia.org/wiki/Bangladesh#cite_ref-453
"""U19s Cricket World Cup: Bangladesh beat India in final to win first title""",https://www.bbc.com/sport/cricket/51437334
^,https://en.wikipedia.org/wiki/Bangladesh#cite_ref-454
"""Young Tigers become World Champions""",https://www.dhakatribune.com/sport/cricket/2020/02/09/u19wc-final-tilak-out-india-103-2-after-29-overs
^,https://en.wikipedia.org/wiki/Bangladesh#cite_ref-455
"""Bangladesh reach second consecutive U-19 Asia Cup final with dominant win over Pakistan""",https://www.tbsnews.net/sports/bangladesh-reach-second-consecutive-u-19-asia-cup-final-dominant-win-over-pakistan-1011861
^,https://en.wikipedia.org/wiki/Bangladesh#cite_ref-456
"""Under-19 Asia Cup winners list: Bangladesh win second title in Dubai over India""",https://indianexpress.com/article/sports/cricket/under-19-asia-cup-full-winners-list-india-vs-bangladesh-dubai-9713377/
^,https://en.wikipedia.org/wiki/Bangladesh#cite_ref-457
"""Champions of Asia T20 Cup 2018: Bangladesh Women's Cricket Team""",https://www.thedailystar.net/star-live/women-asia-cup-t20-champions-2018-bangladesh-womens-cricket-team-got-victory-1590118
Archived,https://web.archive.org/web/20180829153434/https://www.thedailystar.net/star-live/women-asia-cup-t20-champions-2018-bangladesh-womens-cricket-team-got-victory-1590118
^,https://en.wikipedia.org/wiki/Bangladesh#cite_ref-458
"""Football ... the game which makes us come alive""",https://thefinancialexpress.com.bd/views/columns/football-the-game-which-makes-us-come-alive
^,https://en.wikipedia.org/wiki/Bangladesh#cite_ref-459
"""'Shadhin Bangla Football Dal': A team like no other""",https://www.tbsnews.net/sports/shadhin-bangla-football-dal-team-no-other
Archived,https://web.archive.org/web/20220815160845/https://www.tbsnews.net/sports/shadhin-bangla-football-dal-team-no-other
^,https://en.wikipedia.org/wiki/Bangladesh#cite_ref-460
"""I am luckier than Pele: Zakaria Pintoo""",https://www.newagebd.net/article/133717/i-am-luckier-than-pele-zakaria-pintoo
^,https://en.wikipedia.org/wiki/Bangladesh#cite_ref-461
"""যে ম্যাচগুলো 'আফসোস' বাংলাদেশের ফুটবলে""",https://www.prothomalo.com/sports/football/যে-ম্যাচগুলো-'আফসোস'-বাংলাদেশের-ফুটবলে
Archived,https://web.archive.org/web/20230910082413/https://www.prothomalo.com/sports/football/%E0%A6%AF%E0%A7%87-%E0%A6%AE%E0%A7%8D%E0%A6%AF%E0%A6%BE%E0%A6%9A%E0%A6%97%E0%A7%81%E0%A6%B2%E0%A7%8B-%E2%80%98%E0%A6%86%E0%A6%AB%E0%A6%B8%E0%A7%8B%E0%A6%B8%E2%80%99-%E0%A6%AC%E0%A6%BE%E0%A6%82%E0%A6%B2%E0%A6%BE%E0%A6%A6%E0%A7%87%E0%A6%B6%E0%A7%87%E0%A6%B0-%E0%A6%AB%E0%A7%81%E0%A6%9F%E0%A6%AC%E0%A6%B2%E0%A7%87
^,https://en.wikipedia.org/wiki/Bangladesh#cite_ref-462
"""Bangladesh retain SAFF Women's Champs title""",https://today.thefinancialexpress.com.bd/first-page/bangladesh-retain-saff-womens-champs-title-1730307628
Archived,https://web.archive.org/web/20251208052130/https://today.thefinancialexpress.com.bd/first-page/bangladesh-retain-saff-womens-champs-title-1730307628
^,https://en.wikipedia.org/wiki/Bangladesh#cite_ref-463
"""Ety, Sana complete Bangladesh's clean sweep in archery""",https://www.thedailystar.net/sports/athletics/bangladesh-win-all-10-golds-in-archery-sa-games-2019-1837909
^,https://en.wikipedia.org/wiki/Bangladesh#cite_ref-464
"""All Affiliated National Federation/Association""",https://web.archive.org/web/20130121160742/http://nsc.gov.bd/n/?cat=11
National Sports Council,https://en.wikipedia.org/wiki/National_Sports_Council
the original,http://nsc.gov.bd/n/?cat=11
^,https://en.wikipedia.org/wiki/Bangladesh#cite_ref-465
"""Bangladesh Chess Federation""",https://web.archive.org/web/20200129112718/http://bdchessfed.com/grand-masters/
the original,http://bdchessfed.com/grand-masters
^,https://en.wikipedia.org/wiki/Bangladesh#cite_ref-dailystardetail_466-0
"""Musa conquers Everest""",https://web.archive.org/web/20171027015045/https://www.thedailystar.net/news-detail-139787
the original,http://www.thedailystar.net/newDesign/news-details.php?nid=139787
^,https://en.wikipedia.org/wiki/Bangladesh#cite_ref-467
"""Bangladeshi Climber Shares Her Spiritual Journey for the Women of Her Country""",https://web.archive.org/web/20191119031640/https://www.nationalgeographic.com/adventure/adventure-blog/2016/05/27/bangadeshi-climber-wasfia-nazreen-shares-her-spiritual-journey-for-the-women-of-her-country/
the original,https://www.nationalgeographic.com/adventure/adventure-blog/2016/05/27/bangadeshi-climber-wasfia-nazreen-shares-her-spiritual-journey-for-the-women-of-her-country/
^,https://en.wikipedia.org/wiki/Bangladesh#cite_ref-468
"""Wasfia Nazreen becomes first Bangladeshi to summit K2""",https://www.thedailystar.net/life-living/news/wasfia-nazreen-becomes-first-bangladeshi-summit-k2-3076801
The Daily Star,https://en.wikipedia.org/wiki/The_Daily_Star_(Bangladesh)
ISBN,https://en.wikipedia.org/wiki/ISBN_(identifier)
978-81-7648-469-5,https://en.wikipedia.org/wiki/Special:BookSources/978-81-7648-469-5
"Baxter, Craig",https://en.wikipedia.org/wiki/Craig_Baxter
ISBN,https://en.wikipedia.org/wiki/ISBN_(identifier)
978-0-8133-3632-9,https://en.wikipedia.org/wiki/Special:BookSources/978-0-8133-3632-9
OCLC,https://en.wikipedia.org/wiki/OCLC_(identifier)
47885632,https://search.worldcat.org/oclc/47885632
ISBN,https://en.wikipedia.org/wiki/ISBN_(identifier)
978-1-139-50257-3,https://en.wikipedia.org/wiki/Special:BookSources/978-1-139-50257-3
Understanding Bangladesh,https://books.google.com/books?id=FD2KzBG1ejwC
ISBN,https://en.wikipedia.org/wiki/ISBN_(identifier)
978-0-231-70143-3,https://en.wikipedia.org/wiki/Special:BookSources/978-0-231-70143-3
ISBN,https://en.wikipedia.org/wiki/ISBN_(identifier)
978-93-91125-37-0,https://en.wikipedia.org/wiki/Special:BookSources/978-93-91125-37-0
ISBN,https://en.wikipedia.org/wiki/ISBN_(identifier)
978-93-5009-426-6,https://en.wikipedia.org/wiki/Special:BookSources/978-93-5009-426-6
"The Partition of Bengal and Assam, 1932-1947: Contour of Freedom",https://books.google.com/books?id=in1_AgAAQBAJ
ISBN,https://en.wikipedia.org/wiki/ISBN_(identifier)
978-1-134-33274-8,https://en.wikipedia.org/wiki/Special:BookSources/978-1-134-33274-8
ISBN,https://en.wikipedia.org/wiki/ISBN_(identifier)
978-81-7100-928-2,https://en.wikipedia.org/wiki/Special:BookSources/978-81-7100-928-2
ISBN,https://en.wikipedia.org/wiki/ISBN_(identifier)
978-0-8223-5304-1,https://en.wikipedia.org/wiki/Special:BookSources/978-0-8223-5304-1
doi,https://en.wikipedia.org/wiki/Doi_(identifier)
10.1007/978-3-319-58538-3_7-1,https://doi.org/10.1007%2F978-3-319-58538-3_7-1
ISBN,https://en.wikipedia.org/wiki/ISBN_(identifier)
978-3-319-58538-3,https://en.wikipedia.org/wiki/Special:BookSources/978-3-319-58538-3
ISBN,https://en.wikipedia.org/wiki/ISBN_(identifier)
0-230-23183-7,https://en.wikipedia.org/wiki/Special:BookSources/0-230-23183-7
Bibcode,https://en.wikipedia.org/wiki/Bibcode_(identifier)
2017EnPro.110..611I,https://ui.adsabs.harvard.edu/abs/2017EnPro.110..611I
doi,https://en.wikipedia.org/wiki/Doi_(identifier)
10.1016/j.egypro.2017.03.193,https://doi.org/10.1016%2Fj.egypro.2017.03.193
ISBN,https://en.wikipedia.org/wiki/ISBN_(identifier)
978-1-84774-052-6,https://en.wikipedia.org/wiki/Special:BookSources/978-1-84774-052-6
"The Spectral Wound: Sexual Violence, Public Memories, and the Bangladesh War of 1971",https://books.google.com/books?id=JjUWrgEACAAJ
ISBN,https://en.wikipedia.org/wiki/ISBN_(identifier)
978-0-8223-5949-4,https://en.wikipedia.org/wiki/Special:BookSources/978-0-8223-5949-4
OCLC,https://en.wikipedia.org/wiki/OCLC_(identifier)
156800811,https://www.worldcat.org/oclc/156800811
ISBN,https://en.wikipedia.org/wiki/ISBN_(identifier)
0-521-04985-7,https://en.wikipedia.org/wiki/Special:BookSources/0-521-04985-7
"""The educational system in Bangladesh and scope for improvement""",https://www.winona.edu/socialwork/Media/Prodhan%20The%20Educational%20System%20in%20Bangladesh%20and%20Scope%20for%20Improvement.pdf
ISBN,https://en.wikipedia.org/wiki/ISBN_(identifier)
978-0-674-72864-6,https://en.wikipedia.org/wiki/Special:BookSources/978-0-674-72864-6
OCLC,https://en.wikipedia.org/wiki/OCLC_(identifier)
4638928,https://search.worldcat.org/oclc/4638928
ISBN,https://en.wikipedia.org/wiki/ISBN_(identifier)
978-1-136-92624-2,https://en.wikipedia.org/wiki/Special:BookSources/978-1-136-92624-2
ISBN,https://en.wikipedia.org/wiki/ISBN_(identifier)
978-1-317-30877-5,https://en.wikipedia.org/wiki/Special:BookSources/978-1-317-30877-5
ISBN,https://en.wikipedia.org/wiki/ISBN_(identifier)
978-0-521-86174-8,https://en.wikipedia.org/wiki/Special:BookSources/978-0-521-86174-8
doi,https://en.wikipedia.org/wiki/Doi_(identifier)
10.50907/jicad.14.0_20,https://doi.org/10.50907%2Fjicad.14.0_20
ISBN,https://en.wikipedia.org/wiki/ISBN_(identifier)
984-512-337-6,https://en.wikipedia.org/wiki/Special:BookSources/984-512-337-6
ISBN,https://en.wikipedia.org/wiki/ISBN_(identifier)
984-32-0585-5,https://en.wikipedia.org/wiki/Special:BookSources/984-32-0585-5
ISBN,https://en.wikipedia.org/wiki/ISBN_(identifier)
978-0-520-07665-5,https://en.wikipedia.org/wiki/Special:BookSources/978-0-520-07665-5
ISBN,https://en.wikipedia.org/wiki/ISBN_(identifier)
978-1-4438-6854-9,https://en.wikipedia.org/wiki/Special:BookSources/978-1-4438-6854-9
ISBN,https://en.wikipedia.org/wiki/ISBN_(identifier)
978-0-19-597908-4,https://en.wikipedia.org/wiki/Special:BookSources/978-0-19-597908-4
ISBN,https://en.wikipedia.org/wiki/ISBN_(identifier)
978-0-8078-7733-3,https://en.wikipedia.org/wiki/Special:BookSources/978-0-8078-7733-3
ISBN,https://en.wikipedia.org/wiki/ISBN_(identifier)
978-0-275-95347-8,https://en.wikipedia.org/wiki/Special:BookSources/978-0-275-95347-8
Government,https://bangladesh.gov.bd
Presidency,https://bangabhaban.gov.bd
Chief Adviser,https://cao.gov.bd
Cabinet,https://cabinet.gov.bd
Parliament,https://www.parliament.gov.bd
Supreme Court,https://www.supremecourt.gov.bd
Statistics,http://nsds.bbs.gov.bd/en
Bangladesh Bureau of Statistics,https://en.wikipedia.org/wiki/Bangladesh_Bureau_of_Statistics
"""History""",https://bffwt.portal.gov.bd/sites/default/files/files/bffwt.portal.gov.bd/page/e2b55969_0e0c_4337_bb4e_ddcc801df7db/History%2520of%2520Bangladesh%2520(4).docx
Beautiful Bangladesh,https://beautifulbangladesh.gov.bd
Wikimedia Atlas of Bangladesh,https://commons.wikimedia.org/wiki/Atlas_of_Bangladesh
Bangladesh,https://www.openstreetmap.org/relation/184640
OpenStreetMap,https://en.wikipedia.org/wiki/OpenStreetMap
Library resources,https://en.wikipedia.org/wiki/Wikipedia:The_Wikipedia_Library
Resources in your library,https://ftl.toolforge.org/cgi-bin/ftl?st=wp&su=Bangladesh
Resources in other libraries,https://ftl.toolforge.org/cgi-bin/ftl?st=wp&su=Bangladesh&library=0CHOOSE0
Key Development Forecasts for Bangladesh,https://ifs.du.edu/ifs/frm_CountryProfile.aspx?Country=BD
International Futures,https://en.wikipedia.org/wiki/International_Futures
v,https://en.wikipedia.org/wiki/Template:Bangladesh_topics
t,https://en.wikipedia.org/wiki/Template_talk:Bangladesh_topics
e,https://en.wikipedia.org/wiki/Special:EditPage/Template:Bangladesh_topics
Bangladesh,https://en.wikipedia.org/wiki/Bangladesh
articles,https://en.wikipedia.org/wiki/Outline_of_Bangladesh
History,https://en.wikipedia.org/wiki/History_of_Bangladesh
Timeline,https://en.wikipedia.org/wiki/Timeline_of_Bangladeshi_history
Outline,https://en.wikipedia.org/wiki/Outline_of_Bangladesh#History_of_Bangladesh
Topics,https://en.wikipedia.org/wiki/List_of_Bangladesh-related_topics
Bengal,https://en.wikipedia.org/wiki/History_of_Bengal
Aviation,https://en.wikipedia.org/wiki/History_of_aviation_in_Bangladesh
Literature,https://en.wikipedia.org/wiki/Bengali_literature
Military,https://en.wikipedia.org/wiki/Military_history_of_Bangladesh
Maritime,https://en.wikipedia.org/wiki/Maritime_history_of_Bengal
Postal,https://en.wikipedia.org/wiki/Postage_stamps_and_postal_history_of_Bangladesh
Rulers,https://en.wikipedia.org/wiki/List_of_rulers_of_Bengal
Cyclones,https://en.wikipedia.org/wiki/List_of_Bangladesh_tropical_cyclones
Years,https://en.wikipedia.org/wiki/List_of_years_in_Bangladesh
Vedic period,https://en.wikipedia.org/wiki/Vedic_period
Anga,https://en.wikipedia.org/wiki/Anga
Vanga,https://en.wikipedia.org/wiki/Vanga_kingdom
Pundra,https://en.wikipedia.org/wiki/Pundra_Kingdom
Suhma kingdom,https://en.wikipedia.org/wiki/Suhma_kingdom
Magadha,https://en.wikipedia.org/wiki/Magadha_(Mahajanapada)
Pradyota,https://en.wikipedia.org/wiki/Pradyota_dynasty
Shaishunaga,https://en.wikipedia.org/wiki/Shaishunaga_dynasty
Nanda,https://en.wikipedia.org/wiki/Nanda_Empire
Gangaridai,https://en.wikipedia.org/wiki/Gangaridai
Maurya Empire,https://en.wikipedia.org/wiki/Maurya_Empire
Shunga Empire,https://en.wikipedia.org/wiki/Shunga_Empire
Kanva dynasty,https://en.wikipedia.org/wiki/Kanva_dynasty
Gupta Empire,https://en.wikipedia.org/wiki/Gupta_Empire
Gauda Kingdom,https://en.wikipedia.org/wiki/Gauda_Kingdom
Pala,https://en.wikipedia.org/wiki/Pala_Empire
Kamboja,https://en.wikipedia.org/wiki/Kamboja_Pala_dynasty
Sena,https://en.wikipedia.org/wiki/Sena_dynasty
Islamic rulers,https://en.wikipedia.org/wiki/Islamic_rulers_in_the_Indian_subcontinent
Delhi Sultanate,https://en.wikipedia.org/wiki/Delhi_Sultanate
Khalji dynasty,https://en.wikipedia.org/wiki/Khalji_dynasty
Bengal Sultanate,https://en.wikipedia.org/wiki/Bengal_Sultanate
Sur Empire,https://en.wikipedia.org/wiki/Sur_Empire
Baro-Bhuyan,https://en.wikipedia.org/wiki/Baro-Bhuyan
Mughal period:,https://en.wikipedia.org/wiki/Mughal_Empire
Bengal Subah,https://en.wikipedia.org/wiki/Bengal_Subah
Nawabs of Bengal,https://en.wikipedia.org/wiki/Nawabs_of_Bengal
Battle of Plassey,https://en.wikipedia.org/wiki/Battle_of_Plassey
Colonial,https://en.wikipedia.org/wiki/History_of_the_British_Raj
Portuguese Bengala,https://en.wikipedia.org/wiki/Portuguese_settlement_in_Chittagong
Famine of 1770,https://en.wikipedia.org/wiki/Great_Bengal_famine_of_1770
Sepoy Rebellion,https://en.wikipedia.org/wiki/Indian_Rebellion_of_1857
Bengal Renaissance,https://en.wikipedia.org/wiki/Bengal_Renaissance
Partition of Bengal (1905),https://en.wikipedia.org/wiki/Partition_of_Bengal_(1905)
Prime Minister of Bengal,https://en.wikipedia.org/wiki/Prime_Minister_of_Bengal
Lahore Resolution,https://en.wikipedia.org/wiki/Lahore_Resolution
Famine of 1943,https://en.wikipedia.org/wiki/Bengal_famine_of_1943
Direct Action Day,https://en.wikipedia.org/wiki/Direct_Action_Day
Partition of Bengal (1947),https://en.wikipedia.org/wiki/Partition_of_Bengal_(1947)
East Pakistan,https://en.wikipedia.org/wiki/East_Pakistan
Language Movement,https://en.wikipedia.org/wiki/Bengali_language_movement
Legislative election in 1954,"https://en.wikipedia.org/wiki/East_Bengali_legislative_election,_1954"
Six point movement,https://en.wikipedia.org/wiki/Six_point_movement
1969 Uprising,https://en.wikipedia.org/wiki/1969_Mass_uprising_in_East_Pakistan
General election in 1970,"https://en.wikipedia.org/wiki/Pakistani_general_election,_1970"
Proclamation of Independence,https://en.wikipedia.org/wiki/Proclamation_of_Bangladeshi_Independence
Bangladesh Liberation War,https://en.wikipedia.org/wiki/Bangladesh_Liberation_War
Provisional Government,https://en.wikipedia.org/wiki/Provisional_Government_of_Bangladesh
Genocide,https://en.wikipedia.org/wiki/1971_Bangladesh_genocide
Rape,https://en.wikipedia.org/wiki/Rape_during_the_Bangladesh_Liberation_War
Timeline,https://en.wikipedia.org/wiki/Timeline_of_the_Bangladesh_Liberation_War
People's Republic ofBangladesh,https://en.wikipedia.org/wiki/History_of_Bangladesh_(1971%E2%80%93present)
Famine of 1974,https://en.wikipedia.org/wiki/Bangladesh_famine_of_1974
Military coups,https://en.wikipedia.org/wiki/Military_coups_in_Bangladesh
1975,https://en.wikipedia.org/wiki/Assassination_of_Sheikh_Mujibur_Rahman
1981,https://en.wikipedia.org/wiki/Assassination_of_Ziaur_Rahman
1982,https://en.wikipedia.org/wiki/1982_Bangladesh_coup_d%27%C3%A9tat
1990 Uprising,https://en.wikipedia.org/wiki/1990_Mass_Uprising_in_Bangladesh
Political crisis in 2006–08,https://en.wikipedia.org/wiki/2006%E2%80%9308_Bangladeshi_political_crisis
Bangladesh Rifles revolt,https://en.wikipedia.org/wiki/Bangladesh_Rifles_revolt
Battle of Begums,https://en.wikipedia.org/wiki/Battle_of_Begums
Protests in 2013,https://en.wikipedia.org/wiki/2013_Bangladesh_violence
Student–People's uprising,https://en.wikipedia.org/wiki/Student%E2%80%93People%27s_uprising
Quota reform movement,https://en.wikipedia.org/wiki/2024_Bangladesh_quota_reform_movement
Non-cooperation movement,https://en.wikipedia.org/wiki/Non-cooperation_movement_(2024)
Massacre,https://en.wikipedia.org/wiki/July_massacre
Regional,https://en.wikipedia.org/wiki/Administrative_divisions_of_Bangladesh
Chittagong,https://en.wikipedia.org/wiki/History_of_Chittagong
Dhaka,https://en.wikipedia.org/wiki/History_of_Dhaka
Jessore,https://en.wikipedia.org/wiki/History_of_Jessore
Noakhali,https://en.wikipedia.org/wiki/History_of_Noakhali
Rangpur,https://en.wikipedia.org/wiki/History_of_Rangpur
Sylhet,https://en.wikipedia.org/wiki/History_of_Sylhet
Geography,https://en.wikipedia.org/wiki/Geography_of_Bangladesh
Administrative:,https://en.wikipedia.org/wiki/Administrative_geography_of_Bangladesh
Divisions,https://en.wikipedia.org/wiki/Divisions_of_Bangladesh
Districts,https://en.wikipedia.org/wiki/List_of_districts_of_Bangladesh
Sub-districts,https://en.wikipedia.org/wiki/Upazilas_of_Bangladesh
Cities and towns,https://en.wikipedia.org/wiki/List_of_cities_and_towns_in_Bangladesh
Borders,https://en.wikipedia.org/wiki/Template:Borders_of_Bangladesh
Islands,https://en.wikipedia.org/wiki/Category:Islands_of_Bangladesh
Lakes,https://en.wikipedia.org/wiki/List_of_islands_of_Bangladesh
Mountains,https://en.wikipedia.org/wiki/List_of_mountains_of_Bangladesh
National parks,https://en.wikipedia.org/wiki/List_of_protected_areas_of_Bangladesh#National_Park
Rivers,https://en.wikipedia.org/wiki/List_of_rivers_of_Bangladesh
Bay of Bengal,https://en.wikipedia.org/wiki/Bay_of_Bengal
Bengal Fan,https://en.wikipedia.org/wiki/Bengal_Fan
Chittagong Hill Tracts,https://en.wikipedia.org/wiki/Chittagong_Hill_Tracts
Cox's Bazar,https://en.wikipedia.org/wiki/Cox%27s_Bazar
Ganges Basin,https://en.wikipedia.org/wiki/Ganges_Basin
Ganges Delta,https://en.wikipedia.org/wiki/Ganges_Delta
Hatirjheel,https://en.wikipedia.org/wiki/Hatirjheel
Sundarbans,https://en.wikipedia.org/wiki/Sundarbans
World Heritage Sites,https://en.wikipedia.org/wiki/List_of_World_Heritage_Sites_in_Bangladesh
Politics,https://en.wikipedia.org/wiki/Politics_of_Bangladesh
Government,https://en.wikipedia.org/wiki/Government_of_Bangladesh
President,https://en.wikipedia.org/wiki/President_of_Bangladesh
List,https://en.wikipedia.org/wiki/List_of_presidents_of_Bangladesh
Prime Minister,https://en.wikipedia.org/wiki/Prime_Minister_of_Bangladesh
List,https://en.wikipedia.org/wiki/List_of_prime_ministers_of_Bangladesh
Cabinet,https://en.wikipedia.org/wiki/Cabinet_of_Bangladesh
Elections,https://en.wikipedia.org/wiki/Elections_in_Bangladesh
Election Commission,https://en.wikipedia.org/wiki/Bangladesh_Election_Commission
General elections,https://en.wikipedia.org/wiki/Category:General_elections_in_Bangladesh
Presidential elections,https://en.wikipedia.org/wiki/Presidential_elections_in_Bangladesh
Political parties,https://en.wikipedia.org/wiki/List_of_political_parties_in_Bangladesh
Foreign relations,https://en.wikipedia.org/wiki/Foreign_relations_of_Bangladesh
Foreign policies,https://en.wikipedia.org/wiki/Foreign_policy_of_Bangladesh
Jatiya Sangsad,https://en.wikipedia.org/wiki/Jatiya_Sangsad
Constituencies,https://en.wikipedia.org/wiki/List_of_Parliamentary_constituencies_in_Bangladesh
Speaker,https://en.wikipedia.org/wiki/Speaker_of_the_Jatiya_Sangsad
Local government,https://en.wikipedia.org/wiki/Local_government_in_Bangladesh
City corporations,https://en.wikipedia.org/wiki/List_of_City_Corporations_of_Bangladesh
Municipalities,https://en.wikipedia.org/wiki/List_of_Municipal_Corporations_of_Bangladesh
Upazila Parishads,https://en.wikipedia.org/wiki/Upazilas_of_Bangladesh#Administration
Union councils,https://en.wikipedia.org/wiki/Union_councils_of_Bangladesh
Law,https://en.wikipedia.org/wiki/Laws_in_Bangladesh
Constitution,https://en.wikipedia.org/wiki/Constitution_of_Bangladesh
Judiciary,https://en.wikipedia.org/wiki/Judiciary_of_Bangladesh
Supreme Court,https://en.wikipedia.org/wiki/Supreme_Court_of_Bangladesh
High Court Division,https://en.wikipedia.org/wiki/High_Court_Division
International Crimes Tribunal,https://en.wikipedia.org/wiki/International_Crimes_Tribunal_(Bangladesh)
Chief Justice,https://en.wikipedia.org/wiki/Chief_Justice_of_Bangladesh
Attorney General,https://en.wikipedia.org/wiki/Attorney_General_of_Bangladesh
Human rights,https://en.wikipedia.org/wiki/Human_rights_in_Bangladesh
Forced disappearance,https://en.wikipedia.org/wiki/Forced_disappearance_in_Bangladesh
Freedom of religion,https://en.wikipedia.org/wiki/Freedom_of_religion_in_Bangladesh
LGBT rights,https://en.wikipedia.org/wiki/LGBT_rights_in_Bangladesh
Women,https://en.wikipedia.org/wiki/Women_in_Bangladesh
Military,https://en.wikipedia.org/wiki/Military
enforcement,https://en.wikipedia.org/wiki/Category:Law_enforcement_in_Bangladesh
Armed Forces,https://en.wikipedia.org/wiki/Bangladesh_Armed_Forces
Army,https://en.wikipedia.org/wiki/Bangladesh_Army
Navy,https://en.wikipedia.org/wiki/Bangladesh_Navy
Air Force,https://en.wikipedia.org/wiki/Bangladesh_Air_Force
Paramilitary,https://en.wikipedia.org/wiki/Category:Paramilitary_forces_of_Bangladesh
Border Guard,https://en.wikipedia.org/wiki/Border_Guards_Bangladesh
Coast Guard,https://en.wikipedia.org/wiki/Bangladesh_Coast_Guard
Ansar,https://en.wikipedia.org/wiki/Bangladesh_Ansar
Village Defence Party,https://en.wikipedia.org/wiki/Village_Defence_Party
President Guard Regiment,https://en.wikipedia.org/wiki/President_Guard_Regiment
Special Security Force,https://en.wikipedia.org/wiki/Special_Security_Force
Intelligence,https://en.wikipedia.org/wiki/Bangladeshi_intelligence_community
NSI,https://en.wikipedia.org/wiki/National_Security_Intelligence
DGFI,https://en.wikipedia.org/wiki/Directorate_General_of_Forces_Intelligence
CTIB,https://en.wikipedia.org/wiki/Counter_Terrorism_and_Intelligence_Bureau
Special Branch,https://en.wikipedia.org/wiki/Special_Branch_(Bangladesh)
Police,https://en.wikipedia.org/wiki/Bangladesh_Police
APBn,https://en.wikipedia.org/wiki/Armed_Police_Battalion
CID,https://en.wikipedia.org/wiki/Criminal_Investigation_Department_(Bangladesh)
CTTC,https://en.wikipedia.org/wiki/Counter_Terrorism_and_Transnational_Crime
PBI,https://en.wikipedia.org/wiki/Police_Bureau_of_Investigation
RAB,https://en.wikipedia.org/wiki/Rapid_Action_Battalion
SPBn,https://en.wikipedia.org/wiki/Special_Security_and_Protection_Battalion
Economy,https://en.wikipedia.org/wiki/Economy_of_Bangladesh
Agriculture,https://en.wikipedia.org/wiki/Agriculture_in_Bangladesh
Rice,https://en.wikipedia.org/wiki/Rice_production_in_Bangladesh
Poultry,https://en.wikipedia.org/wiki/Poultry_farming_in_Bangladesh
Fishing,https://en.wikipedia.org/wiki/Fishing_in_Bangladesh
Bangladesh Planning Commission,https://en.wikipedia.org/wiki/Bangladesh_Planning_Commission
Automotive,https://en.wikipedia.org/wiki/Automotive_industry_in_Bangladesh
Ceramics,https://en.wikipedia.org/wiki/Ceramics_industry_in_Bangladesh
Electronics,https://en.wikipedia.org/wiki/Electronics_industry_in_Bangladesh
Food,https://en.wikipedia.org/wiki/Food_industry_in_Bangladesh
Pharmaceutical,https://en.wikipedia.org/wiki/Pharmaceutical_industry_in_Bangladesh
Textile,https://en.wikipedia.org/wiki/Textile_industry_in_Bangladesh
Shipbuilding,https://en.wikipedia.org/wiki/Shipbuilding_in_Bangladesh
Steel,https://en.wikipedia.org/wiki/Steel_industry_in_Bangladesh
Tea production,https://en.wikipedia.org/wiki/Tea_production_in_Bangladesh
Banking,https://en.wikipedia.org/wiki/Banking_in_Bangladesh
Bangladesh Bank (central bank),https://en.wikipedia.org/wiki/Bangladesh_Bank
Bangladeshi taka (currency),https://en.wikipedia.org/wiki/Bangladeshi_taka
Financial system,https://en.wikipedia.org/wiki/Financial_system_in_Bangladesh
Chittagong,https://en.wikipedia.org/wiki/Chittagong_Stock_Exchange
Dhaka,https://en.wikipedia.org/wiki/Dhaka_Stock_Exchange
2011 scam,https://en.wikipedia.org/wiki/2011_Bangladesh_share_market_scam
Energy policy,https://en.wikipedia.org/wiki/Energy_policy_of_Bangladesh
Electricity,https://en.wikipedia.org/wiki/Electricity_sector_in_Bangladesh
Natural gas and petroleum,https://en.wikipedia.org/wiki/Natural_gas_and_petroleum_in_Bangladesh
Nuclear energy,https://en.wikipedia.org/wiki/Nuclear_energy_in_Bangladesh
Renewable energy,https://en.wikipedia.org/wiki/Renewable_energy_in_Bangladesh
Export Processing Zones,https://en.wikipedia.org/wiki/Bangladesh_Export_Processing_Zone_Authority
Forestry,https://en.wikipedia.org/wiki/Forestry_in_Bangladesh
Post,https://en.wikipedia.org/wiki/Bangladesh_Post_Office
Telecommunications,https://en.wikipedia.org/wiki/Telecommunications_in_Bangladesh
Real estate,https://en.wikipedia.org/wiki/Real_estate_in_Bangladesh
Water supply and sanitation,https://en.wikipedia.org/wiki/Water_supply_and_sanitation_in_Bangladesh
Poverty,https://en.wikipedia.org/wiki/Poverty_in_Bangladesh
Science and technology,https://en.wikipedia.org/wiki/Science_and_technology_in_Bangladesh
Taxation,https://en.wikipedia.org/wiki/Taxation_in_Bangladesh
Tourism,https://en.wikipedia.org/wiki/Tourism_in_Bangladesh
Transport,https://en.wikipedia.org/wiki/Transport_in_Bangladesh
Airports,https://en.wikipedia.org/wiki/List_of_airports_in_Bangladesh
Airlines,https://en.wikipedia.org/wiki/List_of_airlines_of_Bangladesh
Railway,https://en.wikipedia.org/wiki/Bangladesh_Railway
Roads,https://en.wikipedia.org/wiki/List_of_roads_in_Bangladesh
Ports,https://en.wikipedia.org/wiki/Category:Ports_and_harbours_of_Bangladesh
Society,https://en.wikipedia.org/wiki/Category:Society_of_Bangladesh
Demographics,https://en.wikipedia.org/wiki/Demographics_of_Bangladesh
Ethnic groups,https://en.wikipedia.org/wiki/Ethnic_groups_in_Bangladesh
Bangladeshis,https://en.wikipedia.org/wiki/Bangladeshis
Bengalis,https://en.wikipedia.org/wiki/Bengalis
Names,https://en.wikipedia.org/wiki/Bangladeshi_name
Crime,https://en.wikipedia.org/wiki/Crime_in_Bangladesh
Corruption,https://en.wikipedia.org/wiki/Corruption_in_Bangladesh
Human trafficking,https://en.wikipedia.org/wiki/Human_trafficking_in_Bangladesh
Terrorism,https://en.wikipedia.org/wiki/Terrorism_in_Bangladesh
Education,https://en.wikipedia.org/wiki/Education_in_Bangladesh
Schools,https://en.wikipedia.org/wiki/List_of_schools_in_Bangladesh
Universities,https://en.wikipedia.org/wiki/List_of_universities_in_Bangladesh
Family planning,https://en.wikipedia.org/wiki/Family_planning_in_Bangladesh
Health,https://en.wikipedia.org/wiki/Health_in_Bangladesh
Hunger,https://en.wikipedia.org/wiki/Hunger_in_Bangladesh
Religion,https://en.wikipedia.org/wiki/Religion_in_Bangladesh
Secularism,https://en.wikipedia.org/wiki/Secularism_in_Bangladesh
Society,https://en.wikipedia.org/wiki/Bangladeshi_society
Culture,https://en.wikipedia.org/wiki/Culture_of_Bangladesh
Anthem,https://en.wikipedia.org/wiki/Amar_Sonar_Bangla
Architecture,https://en.wikipedia.org/wiki/Architecture_of_Bangladesh
Art,https://en.wikipedia.org/wiki/Bangladeshi_art
Bangaliana,https://en.wikipedia.org/wiki/Bangaliana
Baul,https://en.wikipedia.org/wiki/Baul
Bangladeshi nationalism,https://en.wikipedia.org/wiki/Bangladeshi_nationalism
Bengalization,https://en.wikipedia.org/wiki/Bengali_nationalism
Calendars,https://en.wikipedia.org/wiki/Bengali_calendars
Cinema,https://en.wikipedia.org/wiki/Cinema_of_Bangladesh
Cuisine,https://en.wikipedia.org/wiki/Bangladeshi_cuisine
Language,https://en.wikipedia.org/wiki/Bengali_language
Libraries,https://en.wikipedia.org/wiki/List_of_libraries_in_Bangladesh
Bengal studies,https://en.wikipedia.org/wiki/Bengal_studies
Literature,https://en.wikipedia.org/wiki/Bengali_literature
Media,https://en.wikipedia.org/wiki/Mass_media_in_Bangladesh
Music,https://en.wikipedia.org/wiki/Music_of_Bangladesh
Public holidays,https://en.wikipedia.org/wiki/Public_holidays_in_Bangladesh
Sports,https://en.wikipedia.org/wiki/Sport_in_Bangladesh
Traditional,https://en.wikipedia.org/wiki/Bengali_traditional_games
Symbols,https://en.wikipedia.org/wiki/National_symbols_of_Bangladesh
Theatre,https://en.wikipedia.org/wiki/Bengali_theatre
Radio stations,https://en.wikipedia.org/wiki/List_of_radio_stations_in_Bangladesh
Television,https://en.wikipedia.org/wiki/Television_in_Bangladesh
Sexuality,https://en.wikipedia.org/wiki/Sexuality_in_Bangladesh
Symbols,https://en.wikipedia.org/wiki/National_symbols_of_Bangladesh
Amar Shonar Bangla,https://en.wikipedia.org/wiki/Amar_Shonar_Bangla
Bangamata,https://en.wikipedia.org/wiki/Bangamata
Bengal fire,https://en.wikipedia.org/wiki/Bengal_fire
Bengal tiger,https://en.wikipedia.org/wiki/Bengal_tiger
Bungalow,https://en.wikipedia.org/wiki/Bungalow
Flag,https://en.wikipedia.org/wiki/Flag_of_Bangladesh
Government Seal,https://en.wikipedia.org/wiki/Government_Seal_of_Bangladesh
Ilish,https://en.wikipedia.org/wiki/Ilish
Jackfruit,https://en.wikipedia.org/wiki/Jackfruit
Kabaddi,https://en.wikipedia.org/wiki/Kabaddi
Bengal cat,https://en.wikipedia.org/wiki/Bengal_cat
Mango tree,https://en.wikipedia.org/wiki/Mangifera_indica
National Emblem,https://en.wikipedia.org/wiki/National_Emblem_of_Bangladesh
National Martyrs' Memorial,https://en.wikipedia.org/wiki/National_Martyrs%27_Memorial
Notuner Gaan,https://en.wikipedia.org/wiki/Notuner_Gaan
Oriental magpie-robin,https://en.wikipedia.org/wiki/Oriental_magpie-robin
Water lily,https://en.wikipedia.org/wiki/Nymphaea_nouchali
Inventions and discoveries,https://en.wikipedia.org/wiki/List_of_Bangladeshi_inventions_and_discoveries
Censorship,https://en.wikipedia.org/wiki/Censorship_in_Bangladesh
Rohingya refugees,https://en.wikipedia.org/wiki/Rohingya_refugees_in_Bangladesh
Outline,https://en.wikipedia.org/wiki/Outline_of_Bangladesh
Index,https://en.wikipedia.org/wiki/Outline_of_Bangladesh
Category,https://en.wikipedia.org/wiki/Category:Bangladesh
Portal,https://en.wikipedia.org/wiki/Portal:Bangladesh
v,https://en.wikipedia.org/wiki/Template:Sovereign_states_and_dependent_territories_in_Asia
t,https://en.wikipedia.org/wiki/Template_talk:Sovereign_states_and_dependent_territories_in_Asia
e,https://en.wikipedia.org/wiki/Special:EditPage/Template:Sovereign_states_and_dependent_territories_in_Asia
Sovereign states and dependent territories in Asia,https://en.wikipedia.org/wiki/List_of_sovereign_states_and_dependent_territories_in_Asia
Sovereign states,https://en.wikipedia.org/wiki/Sovereign_state
Afghanistan,https://en.wikipedia.org/wiki/Afghanistan
Armenia,https://en.wikipedia.org/wiki/Armenia
Azerbaijan,https://en.wikipedia.org/wiki/Azerbaijan
Bahrain,https://en.wikipedia.org/wiki/Bahrain
Bangladesh,https://en.wikipedia.org/wiki/Bangladesh
Bhutan,https://en.wikipedia.org/wiki/Bhutan
Brunei,https://en.wikipedia.org/wiki/Brunei
Cambodia,https://en.wikipedia.org/wiki/Cambodia
China,https://en.wikipedia.org/wiki/China
Cyprus,https://en.wikipedia.org/wiki/Cyprus
East Timor,https://en.wikipedia.org/wiki/East_Timor
Egypt,https://en.wikipedia.org/wiki/Egypt
Georgia,https://en.wikipedia.org/wiki/Georgia_(country)
India,https://en.wikipedia.org/wiki/India
Indonesia,https://en.wikipedia.org/wiki/Indonesia
Iran,https://en.wikipedia.org/wiki/Iran
Iraq,https://en.wikipedia.org/wiki/Iraq
Israel,https://en.wikipedia.org/wiki/Israel
Japan,https://en.wikipedia.org/wiki/Japan
Jordan,https://en.wikipedia.org/wiki/Jordan
Kazakhstan,https://en.wikipedia.org/wiki/Kazakhstan
North Korea,https://en.wikipedia.org/wiki/North_Korea
South Korea,https://en.wikipedia.org/wiki/South_Korea
Kuwait,https://en.wikipedia.org/wiki/Kuwait
Kyrgyzstan,https://en.wikipedia.org/wiki/Kyrgyzstan
Laos,https://en.wikipedia.org/wiki/Laos
Lebanon,https://en.wikipedia.org/wiki/Lebanon
Malaysia,https://en.wikipedia.org/wiki/Malaysia
Maldives,https://en.wikipedia.org/wiki/Maldives
Mongolia,https://en.wikipedia.org/wiki/Mongolia
Myanmar,https://en.wikipedia.org/wiki/Myanmar
Nepal,https://en.wikipedia.org/wiki/Nepal
Oman,https://en.wikipedia.org/wiki/Oman
Pakistan,https://en.wikipedia.org/wiki/Pakistan
Palestine,https://en.wikipedia.org/wiki/Palestine
Philippines,https://en.wikipedia.org/wiki/Philippines
Qatar,https://en.wikipedia.org/wiki/Qatar
Russia,https://en.wikipedia.org/wiki/Russia
Saudi Arabia,https://en.wikipedia.org/wiki/Saudi_Arabia
Singapore,https://en.wikipedia.org/wiki/Singapore
Sri Lanka,https://en.wikipedia.org/wiki/Sri_Lanka
Syria,https://en.wikipedia.org/wiki/Syria
Tajikistan,https://en.wikipedia.org/wiki/Tajikistan
Thailand,https://en.wikipedia.org/wiki/Thailand
Turkey,https://en.wikipedia.org/wiki/Turkey
Turkmenistan,https://en.wikipedia.org/wiki/Turkmenistan
United Arab Emirates,https://en.wikipedia.org/wiki/United_Arab_Emirates
Uzbekistan,https://en.wikipedia.org/wiki/Uzbekistan
Vietnam,https://en.wikipedia.org/wiki/Vietnam
Yemen,https://en.wikipedia.org/wiki/Yemen
States with limitedrecognition,https://en.wikipedia.org/wiki/List_of_states_with_limited_recognition
Abkhazia,https://en.wikipedia.org/wiki/Abkhazia
Northern Cyprus,https://en.wikipedia.org/wiki/Northern_Cyprus
South Ossetia,https://en.wikipedia.org/wiki/South_Ossetia
Taiwan,https://en.wikipedia.org/wiki/Taiwan
Dependentterritories,https://en.wikipedia.org/wiki/Dependent_territory
Christmas Island,https://en.wikipedia.org/wiki/Christmas_Island
Cocos (Keeling) Islands,https://en.wikipedia.org/wiki/Cocos_(Keeling)_Islands
Kastellorizo,https://en.wikipedia.org/wiki/Kastellorizo
Akrotiri and Dhekelia,https://en.wikipedia.org/wiki/Akrotiri_and_Dhekelia
British Indian Ocean Territory,https://en.wikipedia.org/wiki/British_Indian_Ocean_Territory
Special administrativeregions of China,https://en.wikipedia.org/wiki/Special_administrative_regions_of_China
Hong Kong,https://en.wikipedia.org/wiki/Hong_Kong
Macau,https://en.wikipedia.org/wiki/Macau
Category,https://en.wikipedia.org/wiki/Category:Asia
,https://en.wikipedia.org/wiki/File:Symbol_portal_class.svg
Asia portal,https://en.wikipedia.org/wiki/Portal:Asia
v,https://en.wikipedia.org/wiki/Template:South_Asian_topics
t,https://en.wikipedia.org/wiki/Template_talk:South_Asian_topics
e,https://en.wikipedia.org/wiki/Special:EditPage/Template:South_Asian_topics
South Asian topics,https://en.wikipedia.org/wiki/South_Asia
Countries and regions,https://en.wikipedia.org/wiki/Category:Countries_in_South_Asia
Afghanistan,https://en.wikipedia.org/wiki/Afghanistan
Bangladesh,https://en.wikipedia.org/wiki/Bangladesh
Bhutan,https://en.wikipedia.org/wiki/Bhutan
British Indian Ocean Territory,https://en.wikipedia.org/wiki/British_Indian_Ocean_Territory
India,https://en.wikipedia.org/wiki/India
Regions,https://en.wikipedia.org/wiki/Regions_of_India
Maldives,https://en.wikipedia.org/wiki/Maldives
Nepal,https://en.wikipedia.org/wiki/Nepal
Pakistan,https://en.wikipedia.org/wiki/Pakistan
Regions,https://en.wikipedia.org/wiki/Administrative_units_of_Pakistan
Sri Lanka,https://en.wikipedia.org/wiki/Sri_Lanka
South Asian regions,https://en.wikipedia.org/wiki/South_Asia#Regions
Northwestern,https://en.wikipedia.org/wiki/Northwestern_South_Asia
Northern,https://en.wikipedia.org/wiki/Northern_South_Asia
Eastern,https://en.wikipedia.org/wiki/Eastern_South_Asia
Southern,https://en.wikipedia.org/wiki/Southern_South_Asia
General geography,https://en.wikipedia.org/wiki/Template:GeoSouthAsia
Ethnic groups,https://en.wikipedia.org/wiki/South_Asian_ethnic_groups
Andamanese,https://en.wikipedia.org/wiki/Andamanese
Austroasiatic,https://en.wikipedia.org/wiki/Austroasiatic_peoples_of_South_Asia
Austronesian,https://en.wikipedia.org/wiki/South_Asian_ethnic_groups#Austronesian_people
Dravidian,https://en.wikipedia.org/wiki/Dravidian_peoples
Indo-Aryan,https://en.wikipedia.org/wiki/Indo-Aryan_peoples
Iranic,https://en.wikipedia.org/wiki/South_Asian_ethnic_groups#Iranic_people
Nuristani,https://en.wikipedia.org/wiki/Nuristani_peoples
Tibeto-Burman,https://en.wikipedia.org/wiki/South_Asian_ethnic_groups#Tibeto-Burman_people
Turkic,https://en.wikipedia.org/wiki/Turkic_peoples
Afro-Asians,https://en.wikipedia.org/wiki/Afro-Asians_in_South_Asia
Chinese,https://en.wikipedia.org/wiki/South_Asian_ethnic_groups#Chinese
European and Eurasian,https://en.wikipedia.org/wiki/South_Asian_ethnic_groups#European_and_Eurasian_people
Semitic,https://en.wikipedia.org/wiki/South_Asian_ethnic_groups#Semitic_people
Diaspora,https://en.wikipedia.org/wiki/South_Asian_diaspora
Culture,https://en.wikipedia.org/wiki/Culture_of_South_Asia
Architecture‎,https://en.wikipedia.org/wiki/Category:Architecture_in_South_Asia
Art,https://en.wikipedia.org/wiki/Indian_art
Cinema,https://en.wikipedia.org/wiki/South_Asian_cinema
Cuisine,https://en.wikipedia.org/wiki/South_Asian_cuisine
Cultural sphere,https://en.wikipedia.org/wiki/Greater_India
Fashion,https://en.wikipedia.org/wiki/Template:Clothing_in_South_Asia
Languages,https://en.wikipedia.org/wiki/Languages_of_South_Asia
Literature,https://en.wikipedia.org/wiki/South_Asian_literature
Music,https://en.wikipedia.org/wiki/Category:Music_of_South_Asia
Mythology,https://en.wikipedia.org/wiki/Category:South_Asian_mythology
Philosophy,https://en.wikipedia.org/wiki/Category:South_Asian_philosophy
Scripts,https://en.wikipedia.org/wiki/Brahmic_scripts
Surnames,https://en.wikipedia.org/wiki/Category:Surnames_of_South_Asian_origin
Environment,https://en.wikipedia.org/wiki/Category:Environment_of_South_Asia
Monsoon,https://en.wikipedia.org/wiki/South_Asian_Monsoon
Climate change,https://en.wikipedia.org/wiki/Climate_change_in_South_Asia
Economy,https://en.wikipedia.org/wiki/Economy_of_South_Asia
Politics,https://en.wikipedia.org/wiki/Category:Politics_of_South_Asia
Human rights in South Asia,https://en.wikipedia.org/wiki/Human_rights_in_South_Asia
Religious nationalism,https://en.wikipedia.org/wiki/Religious_nationalism
Hindu,https://en.wikipedia.org/wiki/Hindutva
Muslim,https://en.wikipedia.org/wiki/Muslim_nationalism_in_South_Asia
Sikh,https://en.wikipedia.org/wiki/Khalistan_movement
Stock exchanges,https://en.wikipedia.org/wiki/List_of_Asian_stock_exchanges#Southern_Asia
Caste system,https://en.wikipedia.org/wiki/Caste#In_South_Asia
History,https://en.wikipedia.org/wiki/History_of_South_Asia
Archaeology,https://en.wikipedia.org/wiki/Category:Archaeology_of_South_Asia
Archaeological cultures,https://en.wikipedia.org/wiki/Category:Archaeological_cultures_of_South_Asia
Bronze Age,https://en.wikipedia.org/wiki/South_Asian_Bronze_Age
Iron Age,https://en.wikipedia.org/wiki/Vedic_period
Middle kingdoms,https://en.wikipedia.org/wiki/Middle_kingdoms_of_India
Medieval,https://en.wikipedia.org/wiki/Medieval_India
Early modern,https://en.wikipedia.org/wiki/India#Early_modern_India
Colonial era,https://en.wikipedia.org/wiki/Colonial_India
Contemporary era,https://en.wikipedia.org/wiki/South_Asia#Contemporary_era
Former countries,https://en.wikipedia.org/wiki/Category:Former_countries_in_South_Asia
Religion,https://en.wikipedia.org/wiki/Religion_in_South_Asia
Dharmic,https://en.wikipedia.org/wiki/Dharmic_religions
Buddhism,https://en.wikipedia.org/wiki/Buddhism_in_South_Asia
Hinduism,https://en.wikipedia.org/wiki/Hinduism_in_South_Asia
Jainism,https://en.wikipedia.org/wiki/Jainism
Sikhism,https://en.wikipedia.org/wiki/Sikhism
Islam,https://en.wikipedia.org/wiki/Islam_in_South_Asia
Religious persecution,https://en.wikipedia.org/wiki/Religious_discrimination
Bangladesh,https://en.wikipedia.org/wiki/Freedom_of_religion_in_Bangladesh#Persecution
India,https://en.wikipedia.org/wiki/Religious_violence_in_India#Modern_India
Pakistan,https://en.wikipedia.org/wiki/Religious_discrimination_in_Pakistan
Sports,https://en.wikipedia.org/wiki/Sport_in_South_Asia
Cricket,https://en.wikipedia.org/wiki/Cricket_in_South_Asia
South Asian Football Federation,https://en.wikipedia.org/wiki/South_Asian_Football_Federation
South Asian Games,https://en.wikipedia.org/wiki/South_Asian_Games
Martial arts,https://en.wikipedia.org/wiki/Indian_martial_arts
Physical culture,https://en.wikipedia.org/wiki/South_Asian_physical_culture
Traditional games,https://en.wikipedia.org/wiki/Traditional_games_of_South_Asia
Education,https://en.wikipedia.org/wiki/Category:Education_in_South_Asia
South Asian studies,https://en.wikipedia.org/wiki/South_Asian_studies
History,https://en.wikipedia.org/wiki/History_of_education_in_the_Indian_subcontinent
Indo-Pakistani conflicts,https://en.wikipedia.org/wiki/Indo-Pakistani_wars_and_conflicts
Sino-Indian border dispute,https://en.wikipedia.org/wiki/Sino-Indian_border_dispute
Afghanistan–Pakistan skirmishes,https://en.wikipedia.org/wiki/Afghanistan%E2%80%93Pakistan_border_skirmishes
Science and technology,https://en.wikipedia.org/wiki/History_of_science_and_technology_in_the_Indian_subcontinent
Indian Institutes of Technology,https://en.wikipedia.org/wiki/Indian_Institutes_of_Technology
Inventions and discoveries,https://en.wikipedia.org/wiki/List_of_Indian_inventions_and_discoveries
History,https://en.wikipedia.org/wiki/History_of_science_and_technology_in_the_Indian_subcontinent
Swords,https://en.wikipedia.org/wiki/Category:South_Asian_swords
Traditional medicine,https://en.wikipedia.org/wiki/Category:South_Asian_traditional_medicine
v,https://en.wikipedia.org/wiki/Template:South_Asian_Association_for_Regional_Cooperation
t,https://en.wikipedia.org/wiki/Template_talk:South_Asian_Association_for_Regional_Cooperation
e,https://en.wikipedia.org/wiki/Special:EditPage/Template:South_Asian_Association_for_Regional_Cooperation
South Asian Association for Regional Cooperation,https://en.wikipedia.org/wiki/South_Asian_Association_for_Regional_Cooperation
South Asian Free Trade Area,https://en.wikipedia.org/wiki/South_Asian_Free_Trade_Area
Dhaka 1985,https://en.wikipedia.org/wiki/List_of_SAARC_summits
Bangalore 1986,https://en.wikipedia.org/wiki/List_of_SAARC_summits
Kathmandu 1987,https://en.wikipedia.org/wiki/List_of_SAARC_summits
Islamabad 1988,https://en.wikipedia.org/wiki/List_of_SAARC_summits
Malé 1990,https://en.wikipedia.org/wiki/List_of_SAARC_summits
Colombo 1991,https://en.wikipedia.org/wiki/List_of_SAARC_summits
Dhaka 1993,https://en.wikipedia.org/wiki/List_of_SAARC_summits
New Delhi 1995,https://en.wikipedia.org/wiki/List_of_SAARC_summits
Malé 1997,https://en.wikipedia.org/wiki/List_of_SAARC_summits
Colombo 1998,https://en.wikipedia.org/wiki/List_of_SAARC_summits
Kathmandu 2002,https://en.wikipedia.org/wiki/List_of_SAARC_summits
Islamabad 2004,https://en.wikipedia.org/wiki/List_of_SAARC_summits
Dhaka 2005,https://en.wikipedia.org/wiki/List_of_SAARC_summits
New Delhi 2007,https://en.wikipedia.org/wiki/List_of_SAARC_summits
Colombo 2008,https://en.wikipedia.org/wiki/List_of_SAARC_summits
Thimphu 2010,https://en.wikipedia.org/wiki/List_of_SAARC_summits
Addu 2011,https://en.wikipedia.org/wiki/17th_SAARC_summit
Kathmandu 2014,https://en.wikipedia.org/wiki/18th_SAARC_summit
Islamabad 2016,https://en.wikipedia.org/wiki/19th_SAARC_summit
Afghanistan,https://en.wikipedia.org/wiki/Afghanistan
Bangladesh,https://en.wikipedia.org/wiki/Bangladesh
Bhutan,https://en.wikipedia.org/wiki/Bhutan
India,https://en.wikipedia.org/wiki/India
Maldives,https://en.wikipedia.org/wiki/Maldives
Nepal,https://en.wikipedia.org/wiki/Nepal
Pakistan,https://en.wikipedia.org/wiki/Pakistan
Sri Lanka,https://en.wikipedia.org/wiki/Sri_Lanka
Australia,https://en.wikipedia.org/wiki/Australia
China,https://en.wikipedia.org/wiki/China
European Union,https://en.wikipedia.org/wiki/European_Union
Iran,https://en.wikipedia.org/wiki/Iran
Japan,https://en.wikipedia.org/wiki/Japan
Mauritius,https://en.wikipedia.org/wiki/Mauritius
Myanmar,https://en.wikipedia.org/wiki/Myanmar
South Korea,https://en.wikipedia.org/wiki/South_Korea
United States,https://en.wikipedia.org/wiki/United_States
South Africa,https://en.wikipedia.org/wiki/South_Africa
Russia,https://en.wikipedia.org/wiki/Russia
SAARC Consortium on Open and Distance Learning,https://en.wikipedia.org/wiki/SAARC_Consortium_on_Open_and_Distance_Learning
SAARC Documentation Centre,https://en.wikipedia.org/wiki/SAARC_Documentation_Centre
South Asia Co-operative Environment Programme,https://en.wikipedia.org/wiki/South_Asia_Co-operative_Environment_Programme
Foundation of SAARC Writers and Literature,https://en.wikipedia.org/wiki/Foundation_of_SAARC_Writers_and_Literature
SAARC Chamber of Commerce and Industry,https://en.wikipedia.org/wiki/SAARC_Chamber_of_Commerce_and_Industry
South Asian Federation of Accountants,https://en.wikipedia.org/wiki/South_Asian_Federation_of_Accountants
SAARC COVID-19 Emergency Fund,https://en.wikipedia.org/wiki/SAARC_COVID-19_Emergency_Fund
SAARC Secretary General,https://en.wikipedia.org/wiki/SAARC_Secretary_General
SAARC Secretariat,https://en.wikipedia.org/wiki/South_Asian_Association_for_Regional_Cooperation_Secretariat
SAARC satellite,https://en.wikipedia.org/wiki/South_Asia_Satellite
South Asian University,https://en.wikipedia.org/wiki/South_Asian_University
South Asian Games,https://en.wikipedia.org/wiki/South_Asian_Games
SAARC Literary Award,https://en.wikipedia.org/wiki/SAARC_Literary_Award
SAARC Road,https://en.wikipedia.org/wiki/AH48
SAARC Fountain,https://en.wikipedia.org/wiki/SAARC_Fountain
v,https://en.wikipedia.org/wiki/Template:The_Commonwealth
t,https://en.wikipedia.org/wiki/Template_talk:The_Commonwealth
e,https://en.wikipedia.org/wiki/Special:EditPage/Template:The_Commonwealth
Members,https://en.wikipedia.org/wiki/Member_states_of_the_Commonwealth_of_Nations
Commonwealth of Nations,https://en.wikipedia.org/wiki/Commonwealth_of_Nations
Sovereign states,https://en.wikipedia.org/wiki/List_of_sovereign_states
Antigua and Barbuda,https://en.wikipedia.org/wiki/Antigua_and_Barbuda
Australia,https://en.wikipedia.org/wiki/Australia
Bahamas,https://en.wikipedia.org/wiki/The_Bahamas
Bangladesh,https://en.wikipedia.org/wiki/Bangladesh
Barbados,https://en.wikipedia.org/wiki/Barbados
Belize,https://en.wikipedia.org/wiki/Belize
Botswana,https://en.wikipedia.org/wiki/Botswana
Brunei,https://en.wikipedia.org/wiki/Brunei
Cameroon,https://en.wikipedia.org/wiki/Cameroon
Canada,https://en.wikipedia.org/wiki/Canada
Cyprus,https://en.wikipedia.org/wiki/Cyprus
Dominica,https://en.wikipedia.org/wiki/Dominica
Eswatini (Swaziland),https://en.wikipedia.org/wiki/Eswatini
Fiji,https://en.wikipedia.org/wiki/Fiji
Gabon,https://en.wikipedia.org/wiki/Gabon
Gambia,https://en.wikipedia.org/wiki/The_Gambia
Ghana,https://en.wikipedia.org/wiki/Ghana
Grenada,https://en.wikipedia.org/wiki/Grenada
Guyana,https://en.wikipedia.org/wiki/Guyana
India,https://en.wikipedia.org/wiki/India
Jamaica,https://en.wikipedia.org/wiki/Jamaica
Kenya,https://en.wikipedia.org/wiki/Kenya
Kiribati,https://en.wikipedia.org/wiki/Kiribati
Lesotho,https://en.wikipedia.org/wiki/Lesotho
Malawi,https://en.wikipedia.org/wiki/Malawi
Malaysia,https://en.wikipedia.org/wiki/Malaysia
Maldives,https://en.wikipedia.org/wiki/Maldives
Malta,https://en.wikipedia.org/wiki/Malta
Mauritius,https://en.wikipedia.org/wiki/Mauritius
Mozambique,https://en.wikipedia.org/wiki/Mozambique
Namibia,https://en.wikipedia.org/wiki/Namibia
Nauru,https://en.wikipedia.org/wiki/Nauru
New Zealand,https://en.wikipedia.org/wiki/New_Zealand
Nigeria,https://en.wikipedia.org/wiki/Nigeria
Pakistan,https://en.wikipedia.org/wiki/Pakistan
Papua New Guinea,https://en.wikipedia.org/wiki/Papua_New_Guinea
Rwanda,https://en.wikipedia.org/wiki/Rwanda
Saint Kitts and Nevis,https://en.wikipedia.org/wiki/Saint_Kitts_and_Nevis
Saint Lucia,https://en.wikipedia.org/wiki/Saint_Lucia
Saint Vincent and the Grenadines,https://en.wikipedia.org/wiki/Saint_Vincent_and_the_Grenadines
Samoa,https://en.wikipedia.org/wiki/Samoa
Seychelles,https://en.wikipedia.org/wiki/Seychelles
Sierra Leone,https://en.wikipedia.org/wiki/Sierra_Leone
Singapore,https://en.wikipedia.org/wiki/Singapore
Solomon Islands,https://en.wikipedia.org/wiki/Solomon_Islands
South Africa,https://en.wikipedia.org/wiki/South_Africa
Sri Lanka,https://en.wikipedia.org/wiki/Sri_Lanka
Tanzania,https://en.wikipedia.org/wiki/Tanzania
Togo,https://en.wikipedia.org/wiki/Togo
Tonga,https://en.wikipedia.org/wiki/Tonga
Trinidad and Tobago,https://en.wikipedia.org/wiki/Trinidad_and_Tobago
Tuvalu,https://en.wikipedia.org/wiki/Tuvalu
Uganda,https://en.wikipedia.org/wiki/Uganda
United Kingdom,https://en.wikipedia.org/wiki/United_Kingdom
Vanuatu,https://en.wikipedia.org/wiki/Vanuatu
Zambia,https://en.wikipedia.org/wiki/Zambia
Associated states,https://en.wikipedia.org/wiki/Associated_state
Cook Islands,https://en.wikipedia.org/wiki/Cook_Islands
Niue,https://en.wikipedia.org/wiki/Niue
Dependent territories,https://en.wikipedia.org/wiki/Dependent_territory
Australia,https://en.wikipedia.org/wiki/Australia
Ashmore and Cartier Islands,https://en.wikipedia.org/wiki/Ashmore_and_Cartier_Islands
Australian Antarctic Territory,https://en.wikipedia.org/wiki/Australian_Antarctic_Territory
Christmas Island,https://en.wikipedia.org/wiki/Christmas_Island
Cocos (Keeling) Islands,https://en.wikipedia.org/wiki/Cocos_(Keeling)_Islands
Coral Sea Islands,https://en.wikipedia.org/wiki/Coral_Sea_Islands
Heard Island and McDonald Islands,https://en.wikipedia.org/wiki/Heard_Island_and_McDonald_Islands
Norfolk Island,https://en.wikipedia.org/wiki/Norfolk_Island
New Zealand,https://en.wikipedia.org/wiki/Realm_of_New_Zealand
Ross Dependency,https://en.wikipedia.org/wiki/Ross_Dependency
Tokelau,https://en.wikipedia.org/wiki/Tokelau
United Kingdom,https://en.wikipedia.org/wiki/The_Crown
Akrotiri and Dhekelia,https://en.wikipedia.org/wiki/Akrotiri_and_Dhekelia
Anguilla,https://en.wikipedia.org/wiki/Anguilla
Bermuda,https://en.wikipedia.org/wiki/Bermuda
British Antarctic Territory,https://en.wikipedia.org/wiki/British_Antarctic_Territory
British Indian Ocean Territory,https://en.wikipedia.org/wiki/British_Indian_Ocean_Territory
British Virgin Islands,https://en.wikipedia.org/wiki/British_Virgin_Islands
Cayman Islands,https://en.wikipedia.org/wiki/Cayman_Islands
Falkland Islands,https://en.wikipedia.org/wiki/Falkland_Islands
Gibraltar,https://en.wikipedia.org/wiki/Gibraltar
Guernsey,https://en.wikipedia.org/wiki/Bailiwick_of_Guernsey
Isle of Man,https://en.wikipedia.org/wiki/Isle_of_Man
Jersey,https://en.wikipedia.org/wiki/Jersey
Montserrat,https://en.wikipedia.org/wiki/Montserrat
Pitcairn Islands,https://en.wikipedia.org/wiki/Pitcairn_Islands
"Saint Helena, Ascension and Tristan da Cunha","https://en.wikipedia.org/wiki/Saint_Helena,_Ascension_and_Tristan_da_Cunha"
South Georgia and the South Sandwich Islands,https://en.wikipedia.org/wiki/South_Georgia_and_the_South_Sandwich_Islands
Turks and Caicos Islands,https://en.wikipedia.org/wiki/Turks_and_Caicos_Islands
Commonwealth Secretariat – Member Countries,https://thecommonwealth.org/our-member-countries
v,https://en.wikipedia.org/wiki/Template:Organisation_of_Islamic_Cooperation
t,https://en.wikipedia.org/wiki/Template_talk:Organisation_of_Islamic_Cooperation
e,https://en.wikipedia.org/wiki/Special:EditPage/Template:Organisation_of_Islamic_Cooperation
Organisation of Islamic Cooperation,https://en.wikipedia.org/wiki/Organisation_of_Islamic_Cooperation
Secretary-General of the Organisation of Islamic Cooperation,https://en.wikipedia.org/wiki/Secretary-General_of_the_Organisation_of_Islamic_Cooperation
Hissein Brahim Taha,https://en.wikipedia.org/wiki/Hissein_Brahim_Taha
Member states,https://en.wikipedia.org/wiki/Member_states_of_the_Organisation_of_Islamic_Cooperation
Afghanistan,https://en.wikipedia.org/wiki/Afghanistan
Albania,https://en.wikipedia.org/wiki/Albania
Algeria,https://en.wikipedia.org/wiki/Algeria
Azerbaijan,https://en.wikipedia.org/wiki/Azerbaijan
Bahrain,https://en.wikipedia.org/wiki/Bahrain
Bangladesh,https://en.wikipedia.org/wiki/Bangladesh
Benin,https://en.wikipedia.org/wiki/Benin
Burkina Faso,https://en.wikipedia.org/wiki/Burkina_Faso
Brunei,https://en.wikipedia.org/wiki/Brunei
Cameroon,https://en.wikipedia.org/wiki/Cameroon
Chad,https://en.wikipedia.org/wiki/Chad
Comoros,https://en.wikipedia.org/wiki/Comoros
Djibouti,https://en.wikipedia.org/wiki/Djibouti
Egypt,https://en.wikipedia.org/wiki/Egypt
Gabon,https://en.wikipedia.org/wiki/Gabon
Gambia,https://en.wikipedia.org/wiki/The_Gambia
Guinea,https://en.wikipedia.org/wiki/Guinea
Guinea-Bissau,https://en.wikipedia.org/wiki/Guinea-Bissau
Guyana,https://en.wikipedia.org/wiki/Guyana
Indonesia,https://en.wikipedia.org/wiki/Indonesia
Iran,https://en.wikipedia.org/wiki/Iran
Iraq,https://en.wikipedia.org/wiki/Iraq
Ivory Coast,https://en.wikipedia.org/wiki/Ivory_Coast
Jordan,https://en.wikipedia.org/wiki/Jordan
Kazakhstan,https://en.wikipedia.org/wiki/Kazakhstan
Kuwait,https://en.wikipedia.org/wiki/Kuwait
Kyrgyzstan,https://en.wikipedia.org/wiki/Kyrgyzstan
Lebanon,https://en.wikipedia.org/wiki/Lebanon
Libya,https://en.wikipedia.org/wiki/Libya
Malaysia,https://en.wikipedia.org/wiki/Malaysia
Maldives,https://en.wikipedia.org/wiki/Maldives
Mali,https://en.wikipedia.org/wiki/Mali
Mauritania,https://en.wikipedia.org/wiki/Mauritania
Morocco,https://en.wikipedia.org/wiki/Morocco
Mozambique,https://en.wikipedia.org/wiki/Mozambique
Niger,https://en.wikipedia.org/wiki/Niger
Nigeria,https://en.wikipedia.org/wiki/Nigeria
Oman,https://en.wikipedia.org/wiki/Oman
Pakistan,https://en.wikipedia.org/wiki/Pakistan
Palestine,https://en.wikipedia.org/wiki/Palestine
Qatar,https://en.wikipedia.org/wiki/Qatar
Saudi Arabia,https://en.wikipedia.org/wiki/Saudi_Arabia
Senegal,https://en.wikipedia.org/wiki/Senegal
Sierra Leone,https://en.wikipedia.org/wiki/Sierra_Leone
Somalia,https://en.wikipedia.org/wiki/Somalia
Sudan,https://en.wikipedia.org/wiki/Sudan
Suriname,https://en.wikipedia.org/wiki/Suriname
Syria,https://en.wikipedia.org/wiki/Syria
Tajikistan,https://en.wikipedia.org/wiki/Tajikistan
Togo,https://en.wikipedia.org/wiki/Togo
Tunisia,https://en.wikipedia.org/wiki/Tunisia
Turkey,https://en.wikipedia.org/wiki/Turkey
Turkmenistan,https://en.wikipedia.org/wiki/Turkmenistan
Uganda,https://en.wikipedia.org/wiki/Uganda
Uzbekistan,https://en.wikipedia.org/wiki/Uzbekistan
United Arab Emirates,https://en.wikipedia.org/wiki/United_Arab_Emirates
Yemen,https://en.wikipedia.org/wiki/Yemen
Bosnia and Herzegovina,https://en.wikipedia.org/wiki/Bosnia_and_Herzegovina
Central African Republic,https://en.wikipedia.org/wiki/Central_African_Republic
Northern Cyprus,https://en.wikipedia.org/wiki/Northern_Cyprus
Russia,https://en.wikipedia.org/wiki/Russia
Thailand,https://en.wikipedia.org/wiki/Thailand
Moro National Liberation Front,https://en.wikipedia.org/wiki/Moro_National_Liberation_Front
Economic Cooperation Organization,https://en.wikipedia.org/wiki/Economic_Cooperation_Organization
African Union,https://en.wikipedia.org/wiki/African_Union
Arab League,https://en.wikipedia.org/wiki/Arab_League
Non-Aligned Movement,https://en.wikipedia.org/wiki/Non-Aligned_Movement
United Nations,https://en.wikipedia.org/wiki/United_Nations
Abuja Declaration (1989),https://en.wikipedia.org/wiki/Abuja_Declaration_(1989)
Cairo Declaration on Human Rights in Islam,https://en.wikipedia.org/wiki/Cairo_Declaration_on_Human_Rights_in_Islam
OIC Resolution 10/11,https://en.wikipedia.org/wiki/OIC_Resolution_10/11
OIC Council of Foreign Ministers Resolution 10/37,https://en.wikipedia.org/wiki/OIC_Council_of_Foreign_Ministers_Resolution_10/37
First,https://en.wikipedia.org/wiki/First_Extraordinary_Session_of_the_Islamic_Summit_Conference
Second,https://en.wikipedia.org/wiki/Second_Extraordinary_Session_of_the_Islamic_Summit_Conference
Third,https://en.wikipedia.org/wiki/Third_Extraordinary_Session_of_the_Islamic_Summit_Conference
Fourth,https://en.wikipedia.org/wiki/Fourth_Extraordinary_Session_of_the_Islamic_Summit_Conference
Fifth,https://en.wikipedia.org/wiki/Fifth_Extraordinary_Session_of_the_Islamic_Summit_Conference
Sixth,https://en.wikipedia.org/wiki/Sixth_Extraordinary_Session_of_the_Islamic_Summit_Conference
Seventh,https://en.wikipedia.org/wiki/Seventh_Extraordinary_Session_of_the_Islamic_Summit_Conference
Eighth,https://en.wikipedia.org/wiki/Eighth_Extraordinary_Session_of_the_Islamic_Summit_Conference
Ninth,https://en.wikipedia.org/wiki/Ninth_Extraordinary_Session_of_the_Islamic_Summit_Conference
Arab–Islamic (2023),https://en.wikipedia.org/wiki/2023_Arab%E2%80%93Islamic_extraordinary_summit
Arab–Islamic (2024),https://en.wikipedia.org/w/index.php?title=2024_Arab%E2%80%93Islamic_extraordinary_summit&action=edit&redlink=1
Arab–Islamic (2025),https://en.wikipedia.org/wiki/2025_Arab%E2%80%93Islamic_extraordinary_summit
Economy,https://en.wikipedia.org/wiki/Economy_of_the_Organisation_of_Islamic_Cooperation
GDP,https://en.wikipedia.org/wiki/List_of_Organisation_of_Islamic_Cooperation_member_states_by_GDP_(PPP)
GDP per capita,https://en.wikipedia.org/wiki/List_of_Organisation_of_Islamic_Cooperation_member_states_by_GDP_per_capita_(PPP)
Exports,https://en.wikipedia.org/wiki/List_of_Organisation_of_Islamic_Cooperation_member_states_by_exports
Imports,https://en.wikipedia.org/wiki/List_of_Organisation_of_Islamic_Cooperation_member_states_by_imports
Population,https://en.wikipedia.org/wiki/List_of_Organisation_of_Islamic_Cooperation_member_states_by_population
Largest cities,https://en.wikipedia.org/wiki/List_of_largest_cities_in_Organisation_of_Islamic_Cooperation_member_countries
Education,https://en.wikipedia.org/wiki/Education_in_the_member_states_of_the_Organisation_of_Islamic_Cooperation
v,https://en.wikipedia.org/wiki/Template:D-8_Organization_for_Economic_Cooperation
t,https://en.wikipedia.org/w/index.php?title=Template_talk:D-8_Organization_for_Economic_Cooperation&action=edit&redlink=1
e,https://en.wikipedia.org/wiki/Special:EditPage/Template:D-8_Organization_for_Economic_Cooperation
D-8 Organization for Economic Cooperation,https://en.wikipedia.org/wiki/D-8_Organization_for_Economic_Cooperation
Council of Ministers,https://en.wikipedia.org/w/index.php?title=Council_of_Ministers_of_the_D-8_Organization_for_Economic_Cooperation&action=edit&redlink=1
Summit,https://en.wikipedia.org/w/index.php?title=Summit_of_the_D-8_Organization_for_Economic_Cooperation&action=edit&redlink=1
Azerbaijan,https://en.wikipedia.org/wiki/Azerbaijan
Bangladesh,https://en.wikipedia.org/wiki/Bangladesh
Egypt,https://en.wikipedia.org/wiki/Egypt
Indonesia,https://en.wikipedia.org/wiki/Indonesia
Iran,https://en.wikipedia.org/wiki/Iran
Malaysia,https://en.wikipedia.org/wiki/Malaysia
Nigeria,https://en.wikipedia.org/wiki/Nigeria
Pakistan,https://en.wikipedia.org/wiki/Pakistan
Turkey,https://en.wikipedia.org/wiki/Turkey
v,https://en.wikipedia.org/wiki/Template:Socialist_rulers
t,https://en.wikipedia.org/wiki/Template_talk:Socialist_rulers
e,https://en.wikipedia.org/wiki/Special:EditPage/Template:Socialist_rulers
socialist states not espousing communism,https://en.wikipedia.org/wiki/List_of_non-communist_socialist_states
People's Democratic Republic of Algeria,https://en.wikipedia.org/wiki/Algeria
,https://en.wikipedia.org/wiki/Algeria
Abdelmadjid Tebboune,https://en.wikipedia.org/wiki/Abdelmadjid_Tebboune
Sifi Ghrieb,https://en.wikipedia.org/wiki/Sifi_Ghrieb
,https://en.wikipedia.org/wiki/File:Red_rose_02.svg
People's Republic of Bangladesh,https://en.wikipedia.org/wiki/Bangladesh
,https://en.wikipedia.org/wiki/Bangladesh
Mohammed Shahabuddin,https://en.wikipedia.org/wiki/Mohammed_Shahabuddin
Tarique Rahman,https://en.wikipedia.org/wiki/Tarique_Rahman
State of Eritrea,https://en.wikipedia.org/wiki/Eritrea
,https://en.wikipedia.org/wiki/Eritrea
Isaias Afwerki,https://en.wikipedia.org/wiki/Isaias_Afwerki
Republic of Guinea-Bissau,https://en.wikipedia.org/wiki/Guinea-Bissau
,https://en.wikipedia.org/wiki/Guinea-Bissau
Umaro Sissoco Embaló,https://en.wikipedia.org/wiki/Umaro_Sissoco_Embal%C3%B3
Rui Duarte de Barros,https://en.wikipedia.org/wiki/Rui_Duarte_de_Barros
Co-operative Republic of Guyana,https://en.wikipedia.org/wiki/Guyana
,https://en.wikipedia.org/wiki/Guyana
Irfaan Ali,https://en.wikipedia.org/wiki/Irfaan_Ali
Mark Phillips,https://en.wikipedia.org/wiki/Mark_Phillips_(Guyanese_politician)
Republic of India,https://en.wikipedia.org/wiki/India
,https://en.wikipedia.org/wiki/India
Droupadi Murmu,https://en.wikipedia.org/wiki/Droupadi_Murmu
Narendra Modi,https://en.wikipedia.org/wiki/Narendra_Modi
Federal Democratic Republic of Nepal,https://en.wikipedia.org/wiki/Nepal
,https://en.wikipedia.org/wiki/Nepal
Ram Chandra Paudel,https://en.wikipedia.org/wiki/Ram_Chandra_Paudel
Balen Shah,https://en.wikipedia.org/wiki/Balen_Shah
Republic of Nicaragua,https://en.wikipedia.org/wiki/Nicaragua
,https://en.wikipedia.org/wiki/Nicaragua
Daniel Ortega,https://en.wikipedia.org/wiki/Daniel_Ortega
Rosario Murillo,https://en.wikipedia.org/wiki/Rosario_Murillo
Rebel Zapatista Autonomous Municipalities,https://en.wikipedia.org/wiki/Rebel_Zapatista_Autonomous_Municipalities
Councils of Good Government,https://en.wikipedia.org/wiki/Councils_of_Good_Government
Sahrawi Arab Democratic Republic,https://en.wikipedia.org/wiki/Sahrawi_Arab_Democratic_Republic
,https://en.wikipedia.org/wiki/Sahrawi_Arab_Democratic_Republic
Brahim Ghali,https://en.wikipedia.org/wiki/Brahim_Ghali
Bouchraya Hammoudi Bayoun,https://en.wikipedia.org/wiki/Bouchraya_Hammoudi_Bayoun
Democratic Socialist Republic of Sri Lanka,https://en.wikipedia.org/wiki/Sri_Lanka
,https://en.wikipedia.org/wiki/Sri_Lanka
Anura Kumara Dissanayake,https://en.wikipedia.org/wiki/Anura_Kumara_Dissanayake
Democratic Autonomous Administration of North and East Syria,https://en.wikipedia.org/wiki/Democratic_Autonomous_Administration_of_North_and_East_Syria
Îlham Ehmed,https://en.wikipedia.org/wiki/%C3%8Elham_Ehmed
Mansur Selum,https://en.wikipedia.org/wiki/Mansur_Selum
Riad Darar,https://en.wikipedia.org/wiki/Riad_Darar
United Republic of Tanzania,https://en.wikipedia.org/wiki/Tanzania
,https://en.wikipedia.org/wiki/Tanzania
Samia Suluhu,https://en.wikipedia.org/wiki/Samia_Suluhu_Hassan
Kassim Majaliwa,https://en.wikipedia.org/wiki/Kassim_Majaliwa
Wa State,https://en.wikipedia.org/wiki/Wa_State
,https://en.wikipedia.org/wiki/Wa_State
Bao Youxiang,https://en.wikipedia.org/wiki/Bao_Youxiang
Portals,https://en.wikipedia.org/wiki/Wikipedia:Contents/Portals
Bangladesh,https://en.wikipedia.org/wiki/Portal:Bangladesh
,https://en.wikipedia.org/wiki/File:Asia_(orthographic_projection).svg
Asia,https://en.wikipedia.org/wiki/Portal:Asia
,https://en.wikipedia.org/wiki/File:P_countries-vector.svg
Countries,https://en.wikipedia.org/wiki/Portal:Countries
sister projects,https://en.wikipedia.org/wiki/Wikipedia:Wikimedia_sister_projects
,https://en.wikipedia.org/wiki/File:Commons-logo.svg
Media,https://commons.wikimedia.org/wiki/%E0%A6%AC%E0%A6%BE%E0%A6%82%E0%A6%B2%E0%A6%BE%E0%A6%A6%E0%A7%87%E0%A6%B6
,https://en.wikipedia.org/wiki/File:Wikinews-logo.svg
News,https://en.wikinews.org/wiki/Category:Bangladesh
Quotations,https://en.wikiquote.org/wiki/Bangladesh
,https://en.wikipedia.org/wiki/File:Wikivoyage-Logo-v3-icon.svg
Travel guides,https://en.wikivoyage.org/wiki/Bangladesh
Authority control databases,https://en.wikipedia.org/wiki/Help:Authority_control
,https://www.wikidata.org/wiki/Q902#identifiers
ISNI,https://isni.org/isni/0000000121886953
VIAF,https://viaf.org/viaf/153614928
GND,https://d-nb.info/gnd/4130903-0
FAST,https://id.worldcat.org/fast/1213724
WorldCat,https://id.oclc.org/worldcat/entity/E39PBJxRFY9Rf3kyRgDG9r6dwC
United States,https://id.loc.gov/authorities/n81063207
France,https://catalogue.bnf.fr/ark:/12148/cb11943135b
2,https://catalogue.bnf.fr/ark:/12148/cb12124780d
3,https://catalogue.bnf.fr/ark:/12148/cb15284528k
BnF data,https://data.bnf.fr/ark:/12148/cb11943135b
2,https://data.bnf.fr/ark:/12148/cb12124780d
3,https://data.bnf.fr/ark:/12148/cb15284528k
Japan,https://id.ndl.go.jp/auth/ndlna/00560507
Czech Republic,https://aleph.nkp.cz/F/?func=find-c&local_base=aut&ccl_term=ica=ge128710&CON_LNG=ENG
Spain,https://datos.bne.es/resource/XX453080
Sweden,https://libris.kb.se/qn243f68501q4zt
Israel,https://www.nli.org.il/en/authorities/987007564574305171
MusicBrainz area,https://musicbrainz.org/area/20395c3e-610c-34fd-9995-6b6f299121f2
KulturNav,http://kulturnav.org/1caad6d6-e147-4b9f-b4c2-ad079b13b978
UK Parliament,https://id.parliament.uk/CdgZkYhZ
IdRef,https://www.idref.fr/086272926
Historical Dictionary of Switzerland,https://hls-dhs-dss.ch/fr/articles/003403
NARA,https://catalog.archives.gov/id/10035837
Encyclopedia of Modern Ukraine,http://esu.com.ua/search_articles.php?id=40237
İslâm Ansiklopedisi,https://islamansiklopedisi.org.tr/benglades
Yale LUX,https://lux.collections.yale.edu/view/place/a27f52ee-d248-43ad-bbf0-9f4f8d2c6985
24°N 90°E﻿ / ﻿24°N 90°E﻿ / 24; 90,https://geohack.toolforge.org/geohack.php?pagename=Bangladesh&params=24_N_90_E_type:country_region:BD
https://en.wikipedia.org/w/index.php?title=Bangladesh&oldid=1349255457,https://en.wikipedia.org/w/index.php?title=Bangladesh&oldid=1349255457
Categories,https://en.wikipedia.org/wiki/Help:Category
Bangladesh,https://en.wikipedia.org/wiki/Category:Bangladesh
Bengal,https://en.wikipedia.org/wiki/Category:Bengal
Countries in Asia,https://en.wikipedia.org/wiki/Category:Countries_in_Asia
Countries and territories where Bengali is an official language,https://en.wikipedia.org/wiki/Category:Countries_and_territories_where_Bengali_is_an_official_language
Republics in the Commonwealth of Nations,https://en.wikipedia.org/wiki/Category:Republics_in_the_Commonwealth_of_Nations
Developing 8 Countries member states,https://en.wikipedia.org/wiki/Category:Developing_8_Countries_member_states
Former British colonies and protectorates in Asia,https://en.wikipedia.org/wiki/Category:Former_British_colonies_and_protectorates_in_Asia
Least developed countries,https://en.wikipedia.org/wiki/Category:Least_developed_countries
Member states of the Commonwealth of Nations,https://en.wikipedia.org/wiki/Category:Member_states_of_the_Commonwealth_of_Nations
Member states of the Organisation of Islamic Cooperation,https://en.wikipedia.org/wiki/Category:Member_states_of_the_Organisation_of_Islamic_Cooperation
Member states of the South Asian Association for Regional Cooperation,https://en.wikipedia.org/wiki/Category:Member_states_of_the_South_Asian_Association_for_Regional_Cooperation
Member states of the United Nations,https://en.wikipedia.org/wiki/Category:Member_states_of_the_United_Nations
Countries in South Asia,https://en.wikipedia.org/wiki/Category:Countries_in_South_Asia
States and territories established in 1971,https://en.wikipedia.org/wiki/Category:States_and_territories_established_in_1971
1971 establishments in Asia,https://en.wikipedia.org/wiki/Category:1971_establishments_in_Asia
Member states of the BRICS Development Bank,https://en.wikipedia.org/wiki/Category:Member_states_of_the_BRICS_Development_Bank
Pages using the Phonos extension,https://en.wikipedia.org/wiki/Category:Pages_using_the_Phonos_extension
Pages including recorded pronunciations,https://en.wikipedia.org/wiki/Category:Pages_including_recorded_pronunciations
Articles containing Bengali-language text,https://en.wikipedia.org/wiki/Category:Articles_containing_Bengali-language_text
Pages with Bengali IPA,https://en.wikipedia.org/wiki/Category:Pages_with_Bengali_IPA
CS1 uses Bengali-language script (bn),https://en.wikipedia.org/wiki/Category:CS1_uses_Bengali-language_script_(bn)
CS1 Bengali-language sources (bn),https://en.wikipedia.org/wiki/Category:CS1_Bengali-language_sources_(bn)
CS1 maint: DOI inactive as of January 2026,https://en.wikipedia.org/wiki/Category:CS1_maint:_DOI_inactive_as_of_January_2026
Webarchive template wayback links,https://en.wikipedia.org/wiki/Category:Webarchive_template_wayback_links
Wikipedia articles needing page number citations from January 2026,https://en.wikipedia.org/wiki/Category:Wikipedia_articles_needing_page_number_citations_from_January_2026
CS1 maint: DOI inactive as of July 2025,https://en.wikipedia.org/wiki/Category:CS1_maint:_DOI_inactive_as_of_July_2025
Pages using gadget WikiMiniAtlas,https://en.wikipedia.org/wiki/Category:Pages_using_gadget_WikiMiniAtlas
Articles with short description,https://en.wikipedia.org/wiki/Category:Articles_with_short_description
Short description matches Wikidata,https://en.wikipedia.org/wiki/Category:Short_description_matches_Wikidata
Wikipedia indefinitely move-protected pages,https://en.wikipedia.org/wiki/Category:Wikipedia_indefinitely_move-protected_pages
Wikipedia indefinitely semi-protected pages,https://en.wikipedia.org/wiki/Category:Wikipedia_indefinitely_semi-protected_pages
Use British English from June 2025,https://en.wikipedia.org/wiki/Category:Use_British_English_from_June_2025
All Wikipedia articles written in British English,https://en.wikipedia.org/wiki/Category:All_Wikipedia_articles_written_in_British_English
Use dmy dates from June 2025,https://en.wikipedia.org/wiki/Category:Use_dmy_dates_from_June_2025
Pages using infobox country or infobox former country with the symbol caption or type parameters,https://en.wikipedia.org/wiki/Category:Pages_using_infobox_country_or_infobox_former_country_with_the_symbol_caption_or_type_parameters
Pages using multiple image with auto scaled images,https://en.wikipedia.org/wiki/Category:Pages_using_multiple_image_with_auto_scaled_images
Articles containing potentially dated statements from 2014,https://en.wikipedia.org/wiki/Category:Articles_containing_potentially_dated_statements_from_2014
All articles containing potentially dated statements,https://en.wikipedia.org/wiki/Category:All_articles_containing_potentially_dated_statements
Articles containing potentially dated statements from 2021,https://en.wikipedia.org/wiki/Category:Articles_containing_potentially_dated_statements_from_2021
Articles containing potentially dated statements from 2024,https://en.wikipedia.org/wiki/Category:Articles_containing_potentially_dated_statements_from_2024
Articles containing potentially dated statements from 2023,https://en.wikipedia.org/wiki/Category:Articles_containing_potentially_dated_statements_from_2023
Articles containing potentially dated statements from 2020,https://en.wikipedia.org/wiki/Category:Articles_containing_potentially_dated_statements_from_2020
Articles containing potentially dated statements from 2022,https://en.wikipedia.org/wiki/Category:Articles_containing_potentially_dated_statements_from_2022
Wikipedia articles scheduled for update tagging,https://en.wikipedia.org/wiki/Category:Wikipedia_articles_scheduled_for_update_tagging
Pages using Sister project links with hidden wikidata,https://en.wikipedia.org/wiki/Category:Pages_using_Sister_project_links_with_hidden_wikidata
Coordinates on Wikidata,https://en.wikipedia.org/wiki/Category:Coordinates_on_Wikidata
Geographical articles missing image alternative text,https://en.wikipedia.org/wiki/Category:Geographical_articles_missing_image_alternative_text
Creative Commons Attribution-ShareAlike 4.0 License,https://en.wikipedia.org/wiki/Wikipedia:Text_of_the_Creative_Commons_Attribution-ShareAlike_4.0_International_License
Terms of Use,https://foundation.wikimedia.org/wiki/Special:MyLanguage/Policy:Terms_of_Use
Privacy Policy,https://foundation.wikimedia.org/wiki/Special:MyLanguage/Policy:Privacy_policy
"Wikimedia Foundation, Inc.",https://wikimediafoundation.org/
Privacy policy,https://foundation.wikimedia.org/wiki/Special:MyLanguage/Policy:Privacy_policy
About Wikipedia,https://en.wikipedia.org/wiki/Wikipedia:About
Disclaimers,https://en.wikipedia.org/wiki/Wikipedia:General_disclaimer
Contact Wikipedia,https://en.wikipedia.org/wiki/Wikipedia:Contact_us
Legal & safety contacts,https://foundation.wikimedia.org/wiki/Special:MyLanguage/Legal:Wikimedia_Foundation_Legal_and_Safety_Contact_Information
Code of Conduct,https://foundation.wikimedia.org/wiki/Special:MyLanguage/Policy:Universal_Code_of_Conduct
Developers,https://developer.wikimedia.org
Statistics,https://stats.wikimedia.org/#/en.wikipedia.org
Cookie statement,https://foundation.wikimedia.org/wiki/Special:MyLanguage/Policy:Cookie_statement
Mobile view,https://en.wikipedia.org/w/index.php?title=Bangladesh&mobileaction=toggle_view_mobile
,https://www.wikimedia.org/
,https://www.mediawiki.org/
,https://en.wikipedia.org/wiki/Bangladesh#
,https://en.wikipedia.org/wiki/Bangladesh#
,https://en.wikipedia.org/wiki/Bangladesh#
,https://en.wikipedia.org/wiki/Bangladesh#
,https://en.wikipedia.org/wiki/Bangladesh#
,https://en.wikipedia.org/wiki/Bangladesh#
,https://en.wikipedia.org/wiki/Bangladesh#
Add topic,https://en.wikipedia.org/wiki/Bangladesh#
